epoch,step,mean_scores,policykl,loss_total,loss_policy,loss_value,entropy
0,0,-0.5476201176643372,-0.0004888452240265906,6.371713243424892e-05,-0.003192915115505457,0.03256632015109062,0.07844454050064087
0,1,-0.33975544571876526,7.010195258772e-05,0.21545693278312683,-0.00022258504759520292,2.156795024871826,0.3669556975364685
0,2,-0.30000001192092896,-0.0005101760616526008,0.20886099338531494,-0.049814850091934204,2.5867583751678467,1.579032301902771
0,3,-0.3751247823238373,0.007365604396909475,0.14788484573364258,-0.007028642576187849,1.5491349697113037,1.5840286016464233
0,4,-0.4359811544418335,0.0445275604724884,0.3074943423271179,0.07554682344198227,2.3194751739501953,1.9529948234558105
0,5,-0.45294830203056335,0.0016048857942223549,0.09509827941656113,-0.0012536188587546349,0.9635189771652222,0.9450826644897461
0,6,-0.46284565329551697,-0.03340766578912735,0.08731281012296677,-0.04296111315488815,1.302739143371582,2.257850170135498
0,7,-0.5052427053451538,0.00039794895565137267,0.010545267723500729,-4.615428042598069e-05,0.10591422021389008,0.18973855674266815
0,8,-0.45621514320373535,-0.0009831151692196727,0.1417994201183319,0.0008182642050087452,1.4098113775253296,0.2926873564720154
0,9,-0.49535971879959106,0.011575926095247269,0.0463034063577652,-0.04480445384979248,0.9110785722732544,2.440854787826538
0,10,-0.3954548239707947,-0.0010525414254516363,0.11247392743825912,-0.0021833153441548347,1.146572470664978,1.5104444026947021
0,11,-0.4473230540752411,0.01597980223596096,0.1556520313024521,-0.03381430730223656,1.8946633338928223,1.6804094314575195
0,12,-0.2658672034740448,0.004412591457366943,0.127217099070549,-0.002383030252531171,1.2960013151168823,1.0886647701263428
0,13,-0.43592143058776855,-0.005326715763658285,0.02415291592478752,-0.0009190919809043407,0.2507200837135315,0.9629988670349121
0,14,-0.577427089214325,6.016125553287566e-05,0.001234434312209487,-0.0029233708046376705,0.04157804697751999,0.061285242438316345
0,15,-0.45602861046791077,0.007960612885653973,0.32094883918762207,-0.02033921889960766,3.4128806591033936,2.066235303878784
0,16,-0.3065532445907593,0.00026003949460573494,0.2181413471698761,-0.0007456733728758991,2.1888701915740967,0.13660264015197754
0,17,-0.4980089068412781,0.0002051838964689523,0.15313461422920227,-2.7489538751979126e-06,1.5313735008239746,0.2196066677570343
0,18,-0.3077951669692993,-9.330870852863882e-06,0.24976746737957,1.2526909813459497e-05,2.497549057006836,0.0010056032333523035
0,19,-0.4737403094768524,0.0006031071534380317,0.17445527017116547,-0.029918886721134186,2.043741464614868,1.587576150894165
0,20,-0.3622751533985138,-0.006723500322550535,0.13966411352157593,0.0011772620491683483,1.3848685026168823,2.116600751876831
0,21,-0.5592904686927795,-0.0003865247708745301,0.011388461105525494,0.0011430829763412476,0.10245378315448761,0.13166400790214539
0,22,-0.1294124722480774,0.0006442451849579811,0.14770367741584778,-0.0013659618562087417,1.4906961917877197,0.9646115303039551
0,23,-0.24893862009048462,0.0011509859468787909,0.2930998206138611,6.120731995906681e-05,2.9303863048553467,0.045182958245277405
0,24,-0.4448213279247284,-3.229670983273536e-05,0.0037354063242673874,0.001816746313124895,0.019186601042747498,0.05229238420724869
0,25,-0.4510703980922699,0.008525503799319267,0.11333931982517242,-0.054433148354291916,1.6777245998382568,1.1817601919174194
0,26,-0.5755741596221924,-3.7091846024850383e-05,0.007936643436551094,0.0018469508504495025,0.06089691445231438,0.05349665507674217
0,27,-0.36260685324668884,-0.00019450733088888228,0.30080386996269226,-0.00011095901572844014,3.009148120880127,0.005415110848844051
0,28,-0.592197835445404,-8.456905925413594e-05,0.003967990167438984,0.0004357944126240909,0.03532195836305618,0.04918241128325462
0,29,-0.3133052885532379,-0.0013440023176372051,0.08931126445531845,-0.001403379486873746,0.9071463942527771,1.9842771291732788
0,30,-0.13391424715518951,0.00015686138067394495,0.20318764448165894,-0.0006733470363542438,2.0386099815368652,0.7133631110191345
0,31,-0.3855772316455841,0.006133253686130047,0.14789463579654694,-0.00881173089146614,1.567063570022583,1.6631206274032593
0,32,-0.32103270292282104,0.0006968913949094713,0.16365781426429749,0.00029154960066080093,1.6336625814437866,0.8617920875549316
0,33,-0.21229012310504913,-0.00036610287497751415,0.27824971079826355,-0.0022914425935596228,2.8054113388061523,0.34015271067619324
0,34,-0.3068469762802124,-1.0027349162555765e-05,0.29389142990112305,7.705350071773864e-06,2.9388370513916016,0.003232971765100956
0,35,-0.4201165437698364,-0.013336103409528732,0.10868050903081894,-0.027096247300505638,1.3577675819396973,2.362299680709839
0,36,-0.38044503331184387,0.002616467885673046,0.16984741389751434,-0.007030746899545193,1.7687815427780151,1.1360105276107788
0,37,-0.45464420318603516,0.001152858603745699,0.093990258872509,-0.028911670669913292,1.2290191650390625,1.672062873840332
0,38,-0.5640744566917419,-0.004364499356597662,0.054204657673835754,-0.00011622657621046528,0.5432088375091553,0.3823069930076599
0,39,-0.4771555960178375,0.025093868374824524,-0.005570750683546066,-0.06587636470794678,0.6030561327934265,1.641819953918457
0,40,-0.30000001192092896,-0.020509010180830956,0.16805975139141083,-0.016990292817354202,1.8505003452301025,2.8516488075256348
0,41,-0.24671155214309692,-0.008255254477262497,0.2407975196838379,-0.000571219134144485,2.4136877059936523,0.9504698514938354
0,42,-0.16641096770763397,0.0005153510137461126,0.22964370250701904,0.0007610858301632106,2.2888262271881104,0.7818737030029297
0,43,-0.30000001192092896,-0.030456071719527245,0.07430841773748398,-0.03328761085867882,1.0759602785110474,1.9759058952331543
0,44,-0.18813210725784302,0.0006241706432774663,0.21112345159053802,-0.00020722753833979368,2.113306760787964,0.4413706064224243
0,45,-0.42279475927352905,0.00774588156491518,0.11077111959457397,0.0021851579658687115,1.0858596563339233,2.4709348678588867
0,46,-0.3485921323299408,0.0006346615264192224,0.14240029454231262,-0.00015928699576761574,1.4255956411361694,0.3274551331996918
0,47,-0.29373711347579956,-0.0003496145363897085,0.21559643745422363,-0.0003767841262742877,2.1597323417663574,0.7211779356002808
0,48,-0.47230198979377747,0.06510888785123825,-0.010304603725671768,-0.041513051837682724,0.312084436416626,2.210479736328125
0,49,-0.4767983853816986,0.00022894059657119215,0.05178919434547424,-0.0001937266788445413,0.5198292136192322,0.21515856683254242
0,50,-0.21166262030601501,-0.00020786066306754947,0.16739249229431152,0.0005345038953237236,1.6685798168182373,1.219836950302124
0,51,-0.4634847640991211,-0.0018041100120171905,0.026827609166502953,0.0007693371153436601,0.26058274507522583,1.0998224020004272
0,52,-0.42593976855278015,0.008312704972922802,0.12033894658088684,-0.005513213574886322,1.258521556854248,1.841701865196228
0,53,-0.470039039850235,-0.01752045564353466,0.3121095895767212,-0.010231778025627136,3.2234134674072266,2.6810808181762695
0,54,-0.43939390778541565,-0.02639148011803627,0.18170325458049774,-0.04002421349287033,2.2172746658325195,2.0770833492279053
0,55,-0.46860015392303467,0.0012991389958187938,0.043117474764585495,0.0006699810619466007,0.42447492480278015,0.3032323718070984
0,56,-0.30000001192092896,-0.03399788588285446,0.13404518365859985,0.002260613953694701,1.3178457021713257,1.9366340637207031
0,57,-0.28097590804100037,9.741759276948869e-05,0.2198389172554016,0.00032281462335959077,2.1951608657836914,0.016320975497364998
0,58,-0.4509982764720917,0.0049700019881129265,0.008597930893301964,-0.05523822456598282,0.6383614540100098,0.6638305187225342
0,59,-0.28100597858428955,-0.00036390835884958506,0.14185523986816406,-0.0006461938610300422,1.4250142574310303,0.7665418386459351
0,60,-0.25834256410598755,-0.013196408748626709,0.10281377285718918,0.003103623865172267,0.9971014857292175,1.6000478267669678
0,61,-0.5138990879058838,-0.0011668297229334712,0.013679757714271545,-0.0016292169457301497,0.1530897468328476,0.5605778098106384
0,62,-0.4602254331111908,0.0045821755193173885,0.16524648666381836,-0.00510798254981637,1.7035448551177979,1.5168206691741943
0,63,-0.45930561423301697,-0.011190931312739849,0.014577046036720276,-0.01070722471922636,0.2528427243232727,0.8183984160423279
0,64,-0.40525951981544495,0.02011949010193348,0.05430904030799866,-0.046841368079185486,1.0115041732788086,1.2429604530334473
0,65,-0.5129432082176208,-0.019014211371541023,0.025905411690473557,-0.010165650397539139,0.36071059107780457,1.1942758560180664
0,66,-0.3003121614456177,-0.00014011687017045915,0.14494118094444275,-0.00022640451788902283,1.4516758918762207,0.8411366939544678
0,67,-0.2756463587284088,-1.8937756976811215e-05,0.16835328936576843,1.4812997505941894e-05,1.6833847761154175,0.05857132002711296
0,68,-0.32121703028678894,-0.002793514635413885,0.12436076998710632,-0.0004468675178941339,1.2480764389038086,1.3114628791809082
0,69,-0.37755829095840454,-0.00028156250482425094,0.15967899560928345,0.0005373476888053119,1.591416597366333,0.6799270510673523
0,70,-0.2269042581319809,0.0055259820073843,0.20556750893592834,0.0013227298622950912,2.042447805404663,0.8040856122970581
0,71,-0.21288619935512543,-0.019037026911973953,0.12811587750911713,0.01737980917096138,1.107360601425171,2.0621776580810547
0,72,-0.4745498299598694,0.00011078051466029137,0.11475059390068054,-0.0509684681892395,1.6571906805038452,1.4792693853378296
0,73,-0.3891889750957489,0.0028566033579409122,0.15617722272872925,-0.0019113232847303152,1.5808852910995483,1.0358142852783203
0,74,-0.5857908725738525,-0.0001665735471760854,0.005709709133952856,0.0002148250787286088,0.0549488365650177,0.12259116768836975
0,75,-0.36930665373802185,-0.0013029680121690035,0.1304326057434082,0.0022237615194171667,1.2820885181427002,1.0304900407791138
0,76,-0.44474998116493225,0.005815280135720968,0.11918746680021286,-0.03306392580270767,1.5225138664245605,0.8832403421401978
0,77,-0.2660199701786041,-0.00037954439176246524,0.17738895118236542,-0.00017334893345832825,1.775623083114624,0.22812911868095398
0,78,-0.44486868381500244,0.025774752721190453,0.1534416675567627,-0.02849350869655609,1.8193516731262207,0.6777992248535156
0,79,-0.3712470531463623,-0.007669276557862759,0.16415216028690338,-0.004271125420928001,1.6842327117919922,1.351137399673462
0,80,-0.2896347641944885,-0.00022635204368270934,0.20847204327583313,0.0002725263184402138,2.0819950103759766,0.3037307858467102
0,81,-0.36966556310653687,-0.0038892310112714767,0.3136894702911377,0.01002302672713995,3.0366644859313965,1.4415099620819092
0,82,-0.1368677169084549,0.0019280090928077698,0.19586056470870972,-0.0008911737240850925,1.967517375946045,0.78335040807724
0,83,-0.35991668701171875,-0.004093888681381941,0.02380751445889473,-0.002797716297209263,0.2660523056983948,0.9478467702865601
0,84,-0.45877209305763245,-0.010158246383070946,0.105812668800354,-0.03601646423339844,1.4182913303375244,1.7637733221054077
0,85,-0.4608668088912964,0.0009982314659282565,0.11443358659744263,-0.0015526305651292205,1.1598622798919678,0.8938188552856445
0,86,-0.44029977917671204,-0.0079910047352314,0.12284316122531891,-0.004244658630341291,1.2708780765533447,0.7860144376754761
0,87,-0.42313352227211,-0.0037644640542566776,0.16461631655693054,-0.002256072126328945,1.6687238216400146,1.7847185134887695
0,88,-0.432943195104599,-0.0028275183867663145,0.03167514130473137,-0.008355041965842247,0.40030187368392944,1.0742990970611572
0,89,-0.4613320827484131,-3.3022176921804203e-06,0.15688470005989075,0.00018120597815141082,1.5670349597930908,0.2913696765899658
0,90,-0.4416334629058838,0.0007191885961219668,0.013089505955576897,0.0006018677959218621,0.12487636506557465,0.5855746269226074
0,91,-0.42255568504333496,-0.0049871522933244705,0.2744971215724945,-0.006783956661820412,2.8128108978271484,1.354121208190918
0,92,-0.3981097638607025,0.0006073929835110903,0.0038896240293979645,-0.0013159282971173525,0.05205552279949188,0.36661744117736816
0,93,-0.45845723152160645,-0.008436641655862331,0.13034316897392273,-0.005791307892650366,1.3613446950912476,1.4123339653015137
0,94,-0.4470590353012085,0.01671943999826908,0.06091964244842529,-0.07409206032752991,1.3501170873641968,1.7769144773483276
0,95,-0.47179874777793884,0.0012787487357854843,0.02103007398545742,-0.00017222184396814555,0.21202296018600464,0.45205485820770264
0,96,-0.32788941264152527,2.5629124138504267e-05,0.17990317940711975,0.0007666995516046882,1.7913645505905151,0.664347767829895
0,97,-0.45957666635513306,-0.008663593791425228,0.10005441308021545,-0.018853792920708656,1.1890820264816284,3.40417742729187
0,98,-0.45118653774261475,0.01770402491092682,0.06617195159196854,-0.010468600317835808,0.766405463218689,3.1196820735931396
0,99,-0.4088946282863617,0.01221256610006094,0.07464294135570526,-0.03646792471408844,1.111108660697937,1.6076807975769043
0,100,-0.41840535402297974,0.019495785236358643,0.1041395515203476,-0.02193395420908928,1.2607349157333374,1.958419680595398
0,101,-0.4012952148914337,0.0014138806145638227,0.2173624485731125,-0.00016715680249035358,2.175295829772949,1.6396024227142334
0,102,-0.3814140856266022,-0.0021627661772072315,0.1274714469909668,-3.26083209074568e-05,1.2750405073165894,1.5423568487167358
0,103,-0.4873546361923218,-0.0017410891596227884,0.00753448810428381,0.001401924411766231,0.06132563203573227,0.39157789945602417
0,104,-0.4544883072376251,0.0637485533952713,0.08842200040817261,-0.03130321204662323,1.1972520351409912,1.8267285823822021
0,105,-0.2688065767288208,-5.714721282856772e-07,0.21340696513652802,3.543163984431885e-07,2.134066104888916,0.0014511595945805311
0,106,-0.5037391781806946,-0.0020955221261829138,0.08828526735305786,-0.0025472454726696014,0.9083251357078552,1.7500550746917725
0,107,-0.40295058488845825,0.012789227068424225,0.10043598711490631,0.002254665596410632,0.9818131327629089,1.9536731243133545
0,108,-0.3903351426124573,-0.016428712755441666,0.18165504932403564,0.004423013888299465,1.7723205089569092,1.4253767728805542
0,109,-0.476703017950058,0.0049651688896119595,0.015696309506893158,-0.006576934363692999,0.22273242473602295,1.4294313192367554
0,110,-0.4684518873691559,0.01671687327325344,0.07181380689144135,-0.029416462406516075,1.0123027563095093,3.0062031745910645
0,111,-0.5755019187927246,-0.036363471299409866,0.1325366348028183,-0.026114044710993767,1.586506724357605,0.3526507616043091
0,112,-0.43980151414871216,-0.007128035183995962,0.1361914575099945,-0.010697918012738228,1.4688937664031982,0.7974052429199219
0,113,-0.25802457332611084,0.000454876571893692,0.1995326280593872,-0.00021876435494050384,1.9975141286849976,0.7726485133171082
0,114,-0.4658982455730438,0.024543650448322296,0.1021498441696167,-0.005084258504211903,1.072340965270996,2.3908209800720215
0,115,-0.4541855454444885,-0.002740696771070361,0.005712715443223715,-0.0003845526371151209,0.0609726719558239,0.5659839510917664
0,116,-0.4124140441417694,-0.012145030312240124,0.11440740525722504,-0.01047974731773138,1.2488715648651123,1.5066556930541992
0,117,-0.3576664328575134,0.00010259294504066929,0.09606613963842392,0.00029497791547328234,0.9577116370201111,1.8703746795654297
0,118,-0.449409157037735,0.0010770629160106182,0.014437485486268997,-0.0015212709549814463,0.1595875471830368,1.4509437084197998
0,119,-0.4497305750846863,-0.01834472268819809,0.24229073524475098,-0.01778029464185238,2.600710391998291,1.9397563934326172
0,120,-0.36276477575302124,-0.011497102677822113,0.19478365778923035,-0.012214524671435356,2.0699820518493652,1.544630527496338
0,121,-0.43503352999687195,-0.02552442066371441,0.0602465383708477,0.0025958758778870106,0.5765066146850586,2.4007434844970703
0,122,-0.4612863063812256,-0.017150916159152985,0.09258012473583221,-0.01865210011601448,1.112322211265564,1.2009090185165405
0,123,-0.3363398015499115,-0.00046323295100592077,0.1838294267654419,-0.00040368823101744056,1.8423312902450562,0.5252081751823425
0,124,-0.52543705701828,-0.00984722189605236,0.014451401308178902,-0.02540513128042221,0.39856529235839844,0.6283726692199707
0,125,-0.22703327238559723,0.00046213914174586535,0.1958312839269638,-0.0006260608788579702,1.9645733833312988,0.7195582389831543
0,126,-0.4464693069458008,0.12219369411468506,-0.04846359044313431,-0.07346063107252121,0.24997040629386902,1.5879625082015991
0,127,-0.4282737970352173,-0.02079453505575657,0.09294053167104721,-0.02612321637570858,1.1906373500823975,2.6035122871398926
0,128,-0.2923274636268616,3.181827923981473e-05,0.1860876977443695,-3.976540028816089e-06,1.8609164953231812,0.0022651306353509426
0,129,-0.4379013180732727,-0.001030455227009952,0.11784929037094116,-0.0002155063848476857,1.1806480884552002,0.21561959385871887
0,130,-0.44720619916915894,-0.0018137595616281033,0.057142503559589386,-0.005548482295125723,0.6269098520278931,2.31355881690979
0,131,-0.4463478922843933,0.011895078234374523,0.11029957234859467,-0.00817267969250679,1.1847224235534668,1.4892915487289429
0,132,-0.40719056129455566,-0.0011751882266253233,0.06219989061355591,-0.016565661877393723,0.7876555323600769,0.9764070510864258
0,133,-0.46776658296585083,-0.03888259455561638,0.3539291024208069,-0.020011944696307182,3.739410400390625,0.8531506061553955
0,134,-0.4444065988063812,0.008681819774210453,0.027741357684135437,-0.040391333401203156,0.6813268661499023,1.897603988647461
0,135,-0.45334020256996155,-0.0014957523671910167,0.08251733332872391,0.0010811140527948737,0.8143621683120728,0.7764260768890381
0,136,-0.4661266505718231,0.0014627114869654179,0.0014329080004245043,-0.0029061015229672194,0.043390095233917236,0.3154887855052948
0,137,-0.4060553312301636,-0.00015917948621790856,0.11111760139465332,-0.026522628962993622,1.3764022588729858,2.0300681591033936
0,138,-0.4457385241985321,0.007753455545753241,0.01621752791106701,-0.010045638307929039,0.2626316547393799,0.9149495959281921
0,139,-0.4685579836368561,0.0004517039633356035,0.10987226665019989,0.0003930342791136354,1.0947922468185425,0.19062590599060059
0,140,-0.4733695983886719,0.006057874299585819,0.011796524748206139,-0.0030086215119808912,0.148051455616951,0.5670983195304871
0,141,-0.2811885476112366,0.004987369757145643,0.16802434623241425,-0.002504135249182582,1.705284833908081,0.14422866702079773
0,142,-0.5029582381248474,0.006900417618453503,0.13208360970020294,0.00046740705147385597,1.3161619901657104,0.718249499797821
0,143,-0.20000000298023224,0.0018893829546868801,0.2501630187034607,-0.0016314222011715174,2.517944097518921,0.7288829684257507
0,144,-0.4695281684398651,0.010457804426550865,0.044380586594343185,-0.0002987763728015125,0.4467936158180237,1.079551100730896
0,145,-0.24718545377254486,0.00020689447410404682,0.0989680290222168,-0.0009662594529800117,0.9993429183959961,1.9060752391815186
0,146,-0.38731980323791504,-1.650156991672702e-05,0.23520642518997192,-2.199390837631654e-05,2.3522841930389404,0.006391295697540045
0,147,-0.26031365990638733,-2.362106715736445e-05,0.20527955889701843,-1.0993331670761108e-05,2.052905559539795,0.0029368267860263586
0,148,-0.30000001192092896,-0.023825913667678833,0.44972822070121765,-0.026526927947998047,4.762551784515381,0.8104254603385925
0,149,-0.424373596906662,0.0006525948410853744,0.04580872878432274,0.0011550207855179906,0.4465371072292328,1.216615915298462
0,150,-0.5058543086051941,-0.0007205246365629137,0.05645730346441269,0.00038253323873504996,0.5607476234436035,0.26724207401275635
0,151,-0.4432469606399536,0.03788032382726669,0.04543614387512207,-0.027404218912124634,0.7284036874771118,1.8440663814544678
0,152,-0.4534362256526947,0.01651710458099842,0.2079334706068039,-0.006621307693421841,2.145547866821289,1.3109917640686035
0,153,-0.45165181159973145,-0.0011567105539143085,0.013641688041388988,-0.0002192716783611104,0.1386096030473709,0.8062318563461304
0,154,-0.24173583090305328,0.00035673214006237686,0.1679368019104004,-0.0010007835226133466,1.689375877380371,0.4691627025604248
0,155,-0.322733610868454,-0.0009086392819881439,0.18297579884529114,0.0003558265161700547,1.8261997699737549,0.6361923813819885
0,156,-0.4648309350013733,-0.04387624189257622,0.19411323964595795,-0.054699551314115524,2.4881279468536377,0.48896509408950806
0,157,-0.4088507890701294,0.005746339913457632,0.07136271893978119,-0.0069767264649271965,0.7833943367004395,2.3622395992279053
0,158,-0.466320663690567,0.07948985695838928,1.4386985301971436,-0.03152316436171532,14.702215194702148,2.663510322570801
0,159,-0.23175427317619324,0.0008323110523633659,0.2308160364627838,0.0011421971721574664,2.296738386154175,0.41551122069358826
0,160,-0.37654465436935425,-0.00966084748506546,0.19576430320739746,0.0025432866532355547,1.9322102069854736,1.1199537515640259
0,161,-0.24434462189674377,-0.0006293458864092827,0.1613234132528305,0.00036386153078638017,1.6095952987670898,1.2065976858139038
0,162,-0.16264493763446808,-3.393283623154275e-05,0.19967642426490784,0.0008224298944696784,1.9885400533676147,1.4446747303009033
0,163,-0.1799246221780777,-0.0008951958152465522,0.11155836284160614,0.0007134030456654727,1.1084495782852173,1.3545043468475342
0,164,-0.3339864909648895,-0.0004325858026277274,0.14658483862876892,-0.00028764375019818544,1.4687247276306152,0.7055758237838745
0,165,-0.40899574756622314,0.006571517325937748,0.050782185047864914,-0.01176917552947998,0.6255135536193848,1.086778163909912
0,166,-0.45492979884147644,-0.017325883731245995,0.734815239906311,-0.05738837644457817,7.922036170959473,2.8255515098571777
0,167,-0.4483877122402191,0.003490653820335865,0.13353583216667175,-0.007900893688201904,1.4143671989440918,1.8690884113311768
0,168,-0.45980241894721985,-0.02048230729997158,0.008254453539848328,-0.01101074181497097,0.19265195727348328,1.2340983152389526
0,169,-0.46171000599861145,-0.007564220577478409,0.17893759906291962,-0.0469830147922039,2.2592062950134277,2.0408406257629395
0,170,-0.22912348806858063,-7.0889991548028775e-06,0.16284650564193726,3.9169362935354e-06,1.6284259557724,0.004698671400547028
0,171,-0.38062140345573425,0.0025970968417823315,0.09012432396411896,0.0003010853542946279,0.8982323408126831,1.916513442993164
0,172,-0.4125625193119049,-0.00533779663965106,0.020259499549865723,-0.005492090247571468,0.25751590728759766,0.7666106224060059
0,173,-0.46592244505882263,-0.04596986621618271,0.03752806782722473,-0.015998827293515205,0.5352689027786255,2.292703866958618
0,174,-0.446249395608902,0.07524719834327698,0.03880668431520462,-0.048668764531612396,0.8747544288635254,0.55643630027771
0,175,-0.4618188440799713,-0.0022757784463465214,0.02106562629342079,-0.00047442177310585976,0.21540045738220215,0.6649419665336609
0,176,-0.5007221102714539,0.013598136603832245,0.06996406614780426,0.004928571172058582,0.6503549814224243,2.767392158508301
0,177,-0.3656913638114929,-0.004936236422508955,0.12667310237884521,-0.0047784848138689995,1.3145157098770142,2.1410586833953857
0,178,-0.11249586194753647,-0.0010793170658871531,0.17565181851387024,0.000722010969184339,1.7492979764938354,0.3658391237258911
0,179,-0.46126776933670044,-0.004998608957976103,0.15777906775474548,-0.02065584436058998,1.784348964691162,1.0318670272827148
0,180,-0.4143329858779907,0.004534629173576832,0.2164745032787323,-0.001576216658577323,2.180507183074951,1.4039180278778076
0,181,-0.31068187952041626,-3.549152461346239e-05,0.18272435665130615,-2.5623374312999658e-05,1.8274998664855957,0.002843301510438323
0,182,-0.45245227217674255,0.016207300126552582,0.01437300443649292,-0.025893522426486015,0.40266525745391846,0.7496997714042664
0,183,-0.4377445876598358,0.05396227166056633,-0.02083287574350834,-0.04764971137046814,0.2681683301925659,0.588614821434021
0,184,-1.0,0.005987904034554958,0.06228793412446976,0.00103517877869308,0.6125275492668152,1.9263372421264648
0,185,-0.4622321128845215,0.02583247795701027,0.0679905042052269,-0.015286684036254883,0.8327717781066895,1.5808299779891968
0,186,-0.30130675435066223,-0.001159905456006527,0.07947492599487305,-0.0038314005360007286,0.8330632448196411,2.102034568786621
0,187,-0.47669100761413574,-0.023141486570239067,-0.051738448441028595,-0.05873274430632591,0.06994299590587616,2.7202024459838867
0,188,-0.4520406723022461,0.004332401789724827,0.2716923654079437,-0.0012174493167549372,2.729098081588745,1.4099668264389038
0,189,-0.4153915047645569,-0.0021422591526061296,0.12276904284954071,0.001924986718222499,1.2084405422210693,1.0502113103866577
0,190,-0.40129217505455017,0.00021600071340799332,0.019012585282325745,-0.00025189470034092665,0.19264477491378784,0.8715848922729492
0,191,-0.4643970727920532,0.0854334831237793,0.06788253039121628,-0.05863874405622482,1.2652127742767334,2.517263889312744
0,192,-0.43796274065971375,-0.007169071119278669,0.011382661759853363,-0.019338063895702362,0.30720725655555725,2.5806026458740234
0,193,-0.3757721185684204,-2.8092777938582003e-05,0.12748876214027405,-0.0007514606113545597,1.2824022769927979,0.9107741117477417
0,194,-0.4216819405555725,-0.018047185614705086,0.03656305372714996,-0.026388561353087425,0.6295161247253418,2.3465542793273926
0,195,-0.46100687980651855,-0.08801113069057465,0.06727613508701324,-0.004416600335389376,0.7169272303581238,2.4641599655151367
0,196,-0.43999800086021423,-0.004765579476952553,0.060798466205596924,-0.03635125607252121,0.9714972376823425,1.8478349447250366
0,197,-0.44649624824523926,0.010183065198361874,0.006578952074050903,-0.06922188401222229,0.7580083608627319,1.3917443752288818
0,198,-0.4523777961730957,0.006403250619769096,0.06418588012456894,-0.03440234065055847,0.9858821630477905,2.7383506298065186
0,199,-0.4472992420196533,-0.038025155663490295,0.021163493394851685,-0.02669619582593441,0.47859692573547363,0.8105121850967407
0,200,-0.44913703203201294,-0.013249706476926804,-0.004836320411413908,-0.027181608602404594,0.2234528660774231,1.8185162544250488
0,201,-0.43478286266326904,0.033996809273958206,-0.051967691630125046,-0.06837351620197296,0.16405823826789856,0.7665008902549744
0,202,-0.19284576177597046,0.0005216171848587692,0.1553456336259842,-0.0004266744654159993,1.557723045349121,0.7739213705062866
0,203,-0.42607036232948303,0.0001420607732143253,0.15850478410720825,0.0006877519190311432,1.5781702995300293,0.6239069700241089
0,204,-0.1863400787115097,0.0007538014906458557,0.22494211792945862,-0.0022988985292613506,2.2724099159240723,0.40421026945114136
0,205,-0.3133094906806946,1.2412451724230777e-05,0.15428763628005981,1.1414495929784607e-05,1.5427621603012085,0.002921957988291979
0,206,-0.40104860067367554,-0.0004052264557685703,0.09065999835729599,-0.00034381530713289976,0.9100381731987,0.41118043661117554
0,207,-0.4466512203216553,0.06484778970479965,0.048117585480213165,-0.02709580957889557,0.7521339654922485,2.320126533508301
0,208,-0.40508824586868286,0.005650247912853956,0.007275357376784086,0.0007602502591907978,0.06515106558799744,0.6722378134727478
0,209,-0.46343958377838135,-0.04131448268890381,-0.042120903730392456,-0.06128665432333946,0.19165751338005066,2.7341554164886475
0,210,-0.4024284780025482,-0.017847152426838875,-0.008781480602920055,-0.05164479836821556,0.4286331832408905,1.8714874982833862
0,211,-0.43439576029777527,-0.016812153160572052,0.04838879033923149,-0.0334472618997097,0.8183605074882507,1.7889487743377686
0,212,-0.46447888016700745,-0.015846405178308487,0.04543514549732208,-0.015531953424215317,0.6096709966659546,1.3203258514404297
0,213,-0.4351359009742737,0.015454187989234924,-0.04597102850675583,-0.07701918482780457,0.31048163771629333,0.5248332023620605
0,214,-0.4561800956726074,-0.09414725005626678,1.8015193939208984,-0.011994859203696251,18.135143280029297,3.3594255447387695
0,215,-0.4107193648815155,-0.050095345824956894,0.2848125100135803,-0.022802140563726425,3.0761466026306152,2.0857038497924805
0,216,-0.43795064091682434,-0.003463935572654009,0.08424612134695053,0.004665357060730457,0.7958075404167175,1.4639854431152344
0,217,-0.19583602249622345,-0.0006234291358850896,0.19241800904273987,-0.0017747905803844333,1.9419279098510742,2.1522274017333984
0,218,-0.30469614267349243,0.0007977485656738281,0.268867552280426,0.0007357210270129144,2.6813180446624756,0.007710821460932493
0,219,-0.42131954431533813,0.007322343997657299,0.05729290843009949,-0.024534009397029877,0.8182691931724548,2.27826189994812
0,220,-0.3211970031261444,-5.9240406699245796e-05,0.11854343861341476,0.0022482324857264757,1.1629520654678345,1.9507155418395996
0,221,-0.2991335093975067,-0.00691456813365221,0.13199518620967865,0.0007533449097536504,1.3124183416366577,2.031219005584717
0,222,-0.4554893672466278,-0.00018213977455161512,0.04207718372344971,0.0002836733765434474,0.4179351329803467,0.5413970351219177
0,223,-0.21742531657218933,-0.0005333951557986438,0.1990959495306015,0.00038776372093707323,1.98708176612854,0.7880247831344604
0,224,-0.4245603084564209,-0.01864471100270748,0.11986565589904785,-0.01785280928015709,1.3771847486495972,2.694735527038574
0,225,-0.42094969749450684,0.0008238911395892501,0.006499431561678648,-0.03955090045928955,0.4605032801628113,1.6179537773132324
0,226,-0.4601868987083435,-0.035233039408922195,0.0024028136394917965,-0.031805090606212616,0.3420790135860443,1.3045189380645752
0,227,-0.45729494094848633,-0.048532530665397644,0.5536944270133972,-0.015222635120153427,5.689169883728027,3.195307493209839
0,228,-0.4586268663406372,0.007141154259443283,0.11399412155151367,0.002974085509777069,1.1102004051208496,1.6242378950119019
0,229,-0.4233512282371521,-0.00045270155533216894,0.07066456973552704,0.0013449068646878004,0.6931965351104736,0.25476571917533875
0,230,-0.45944684743881226,0.0062111131846904755,0.028740262612700462,0.001373602426610887,0.2736665904521942,1.7103060483932495
0,231,-0.4754336476325989,-0.02645689807832241,0.014494410715997219,-0.01294917892664671,0.2744358777999878,1.8312972784042358
0,232,-0.4815836548805237,-0.12181448191404343,0.07693877816200256,-0.05442657694220543,1.3136534690856934,1.850886344909668
0,233,-0.3301364481449127,0.002250256482511759,0.058636993169784546,-0.0033485349267721176,0.6198553442955017,2.159336805343628
0,234,-0.1340772807598114,-0.00023202007287181914,0.12308074533939362,-0.0005968486657366157,1.2367759943008423,0.9710552096366882
0,235,-0.3658413887023926,0.00763156171888113,0.0800558403134346,-0.009441182017326355,0.894970178604126,2.246476411819458
0,236,-0.46611452102661133,-0.014376092702150345,0.04254911467432976,-0.025515567511320114,0.6806468367576599,2.0655264854431152
0,237,-0.4532358646392822,-0.03503016382455826,-0.04126110300421715,-0.082972452044487,0.4171134829521179,0.7235152125358582
0,238,-0.4605766236782074,-0.0014476364012807608,0.05899861082434654,-0.007561667822301388,0.6656028032302856,2.3882036209106445
0,239,-0.43241846561431885,-0.03864993900060654,0.3210258185863495,-0.022081095725297928,3.4310691356658936,1.051530122756958
0,240,-0.46185484528541565,-0.082227423787117,-0.02841034159064293,-0.04971824213862419,0.21307902038097382,2.2159626483917236
0,241,-0.32558906078338623,-2.1164200006751344e-05,0.17953568696975708,0.0005170293152332306,1.7901864051818848,0.5719369649887085
0,242,-0.4526876211166382,-0.07628589123487473,0.28472232818603516,-0.03129221498966217,3.1601452827453613,1.1332076787948608
0,243,-0.4566775858402252,-0.015078502707183361,0.062400490045547485,-0.001112571801058948,0.6351306438446045,1.796788215637207
0,244,-0.46156859397888184,-0.017221979796886444,0.12275312840938568,-0.006109461188316345,1.288625955581665,2.13423228263855
0,245,-0.43226349353790283,0.0012019483838230371,0.047075606882572174,-0.005209390074014664,0.5228499174118042,1.1183990240097046
0,246,-0.5076112747192383,0.0023590903729200363,0.04701094329357147,-0.0029548481106758118,0.4996579587459564,0.614004373550415
0,247,-0.42918533086776733,0.038842394948005676,0.014621756970882416,-0.031187383458018303,0.4580913782119751,0.9995943903923035
0,248,-0.45067527890205383,0.11105398833751678,-0.026776662096381187,-0.061235927045345306,0.3445925712585449,2.138853073120117
0,249,-0.4410080015659332,0.014107066206634045,0.005266525782644749,-0.028752585873007774,0.3401910662651062,2.001281499862671
0,250,-0.4616324305534363,-0.010780136100947857,-0.015607649460434914,-0.03176696598529816,0.16159316897392273,1.7494900226593018
0,251,-0.3917708098888397,-0.006093883886933327,0.04665469378232956,-0.003707925556227565,0.5036261081695557,2.6910529136657715
0,252,-0.45018893480300903,0.025896912440657616,0.02331027388572693,-0.030071716755628586,0.5338199138641357,2.3819069862365723
0,253,-0.3369694650173187,-0.00011333188012940809,0.14807114005088806,-0.00015800693654455245,1.4822912216186523,0.4983402192592621
0,254,-0.4207827150821686,0.005319367162883282,0.2007685750722885,-0.005981835536658764,2.0675041675567627,1.5222920179367065
0,255,-0.29269009828567505,0.0016090536955744028,0.5180202722549438,0.0006978330202400684,5.173224449157715,0.7009905576705933
0,256,-0.4773133397102356,-0.040864184498786926,0.37083154916763306,-0.03593851253390312,4.067700386047363,2.5700511932373047
0,257,-0.4509011507034302,-0.03793930262327194,0.004992022179067135,-0.02677140198647976,0.3176342248916626,1.6754605770111084
0,258,-0.42862263321876526,-0.023691941052675247,0.15708771347999573,-0.007315398659557104,1.644031286239624,1.5095605850219727
0,259,-0.30535537004470825,3.074122503221588e-07,0.2044413536787033,-1.8605755940370727e-06,2.0444321632385254,0.002594402991235256
0,260,-0.4714406430721283,-0.04665292799472809,0.07101002335548401,-0.0017171415966004133,0.727271556854248,0.7870737910270691
0,261,-0.40918412804603577,0.0015013049123808742,0.16421431303024292,-0.00101495161652565,1.6522926092147827,1.1067925691604614
0,262,-0.45595043897628784,0.002948810113593936,0.14024284482002258,0.00030268821865320206,1.3994015455245972,1.102847933769226
0,263,-0.22015362977981567,-8.004994015209377e-06,0.2454378455877304,2.7579567358770873e-06,2.4543509483337402,0.003488232847303152
0,264,-0.42490389943122864,-0.0018826909363269806,0.010695692151784897,-0.04500427097082138,0.5569996237754822,0.8246934413909912
0,265,-0.4692949950695038,0.012473834678530693,0.1382823884487152,-0.017712507396936417,1.5599488019943237,1.209317922592163
0,266,-0.44817671179771423,0.03869948536157608,0.14431920647621155,-0.04234328866004944,1.8666250705718994,1.2086342573165894
0,267,-0.41390642523765564,-0.000551785109564662,0.15996912121772766,-0.0005653649568557739,1.6053447723388672,0.45831701159477234
0,268,-0.4569058120250702,0.09974058717489243,0.0100156981498003,-0.04433978721499443,0.5435548424720764,0.43243563175201416
0,269,-0.45742031931877136,0.00019263102149125189,0.1858210265636444,-0.0005613408284261823,1.863823413848877,0.6331537961959839
0,270,-0.4486118257045746,0.1342753767967224,-0.03738255426287651,-0.05179118365049362,0.1440863162279129,0.7209820747375488
0,271,-0.4559716284275055,0.009998875670135021,0.02046097442507744,-0.0058283391408622265,0.2628931403160095,0.6837763786315918
0,272,-0.3656039535999298,0.00018508039647713304,0.1526377648115158,-0.0010049373377114534,1.5364269018173218,0.8073498606681824
0,273,-0.4707285165786743,0.0771147757768631,-0.00864427350461483,-0.029680952429771423,0.21036681532859802,1.8319478034973145
0,274,-0.4645032584667206,0.00203216215595603,0.12527447938919067,0.0004752315580844879,1.2479923963546753,0.44012922048568726
0,275,-0.45687124133110046,0.01465108897536993,0.13788269460201263,-0.05765033885836601,1.9553302526474,1.085662841796875
0,276,-0.24372895061969757,0.0028515018057078123,0.34317994117736816,-0.0021248157136142254,3.453047513961792,1.0015146732330322
0,277,-0.4345216751098633,-0.01062527671456337,0.12875425815582275,-0.025063907727599144,1.5381816625595093,0.7708476781845093
0,278,-0.4658588171005249,-0.031467389315366745,0.6428673267364502,-0.014336059801280499,6.572033882141113,0.7211579084396362
0,279,-0.4673101007938385,0.003113056067377329,0.007706327363848686,-0.008501744829118252,0.16208072006702423,1.8297847509384155
0,280,-0.41968241333961487,0.02748282067477703,0.02781425230205059,-0.053322143852710724,0.811363935470581,0.8536478281021118
0,281,-0.4464523196220398,-0.019536953419446945,0.2017183005809784,-0.02203337848186493,2.2375168800354004,1.6621593236923218
0,282,-0.46762615442276,-0.00790599174797535,0.11361416429281235,-0.012752940878272057,1.2636709213256836,0.8374160528182983
0,283,-0.30000001192092896,0.0043251486495137215,0.05596185475587845,-0.06946121156215668,1.2542306184768677,1.1127419471740723
0,284,-0.4697718918323517,0.09945806860923767,0.20068888366222382,-0.023422103375196457,2.241109609603882,1.0923888683319092
0,285,-0.24712330102920532,-3.3480396268714685e-06,0.1683843433856964,1.202026965074765e-06,1.6838312149047852,0.0022762524895370007
0,286,-0.4720947742462158,-0.0003759592946153134,0.002920050173997879,-0.0017901093233376741,0.047101594507694244,0.046517323702573776
0,287,-0.5285369157791138,-0.011915260925889015,0.6285653114318848,0.00015679685748182237,6.284085750579834,0.755359411239624
0,288,-0.4712387025356293,0.03659089654684067,0.2442551553249359,-0.021312592551112175,2.655677556991577,0.6701773405075073
0,289,-0.30000001192092896,0.017807625234127045,0.21731702983379364,-0.025670476257801056,2.429874897003174,1.0725674629211426
0,290,-0.4276316463947296,0.04009200632572174,0.32616642117500305,-0.035559143871068954,3.617255210876465,2.138126850128174
0,291,-0.4138164520263672,0.003272502450272441,0.06663652509450912,-0.04002174362540245,1.0665826797485352,1.4437437057495117
0,292,-0.4250052869319916,0.12024669349193573,0.05144556611776352,0.010978343896567822,0.40467214584350586,0.6622672080993652
0,293,-0.4365769326686859,-0.0037278130184859037,0.12051277607679367,0.0014087967574596405,1.191039800643921,0.9897034168243408
0,294,-0.4097088575363159,0.0038722162134945393,0.10627969354391098,-0.01931745745241642,1.2559715509414673,2.571963310241699
0,295,-0.47178909182548523,-0.0229608453810215,0.053124066442251205,-0.03802023082971573,0.9114429354667664,3.312925338745117
0,296,-0.30000001192092896,0.02589699625968933,0.10545338690280914,-0.03794104978442192,1.4339442253112793,1.8965661525726318
0,297,-0.435660719871521,-0.002237898064777255,0.07211994379758835,-0.0264090895652771,0.9852904081344604,1.3245233297348022
0,298,-0.4596397280693054,0.04350823163986206,0.13965168595314026,-0.044591374695301056,1.8424304723739624,1.4220318794250488
0,299,-0.5546635985374451,-0.00011926455044886097,0.00509447930380702,0.0001953268947545439,0.048991523683071136,0.083882175385952
0,300,-0.4504452347755432,-0.01676308736205101,0.12719081342220306,-0.003461103653535247,1.3065190315246582,1.7469853162765503
0,301,-0.45826447010040283,0.027601679787039757,0.12490390241146088,-0.035283416509628296,1.6018731594085693,1.0588555335998535
0,302,-0.44114962220191956,-0.03335704654455185,0.07022491842508316,-0.009665283374488354,0.7989019751548767,1.2396992444992065
0,303,-0.44784170389175415,-0.03364197909832001,0.004008563235402107,-0.016302548348903656,0.20311109721660614,2.068112373352051
0,304,-0.30000001192092896,0.032185208052396774,0.001894977642223239,-0.043800316751003265,0.45695292949676514,0.4799070954322815
0,305,-0.467572957277298,0.001740003703162074,-0.058132611215114594,-0.06182945892214775,0.0369684174656868,1.217494010925293
0,306,-0.47127440571784973,0.024631209671497345,-0.016039371490478516,-0.03662721812725067,0.20587846636772156,0.8446402549743652
0,307,-0.24257595837116241,0.005287240259349346,0.14482495188713074,0.005124560557305813,1.3970038890838623,1.329158067703247
0,308,-0.16414065659046173,-0.00024076306726783514,0.15450385212898254,-0.0010538783390074968,1.555577039718628,1.1959031820297241
0,309,-0.4446222186088562,-0.01247489359229803,0.05040013790130615,-0.013039357960224152,0.6343950033187866,1.56901216506958
0,310,-0.44285011291503906,0.02801685407757759,0.2555120885372162,-0.029520567506551743,2.8503265380859375,1.7572935819625854
0,311,-0.43419840931892395,0.011411204002797604,0.6445128321647644,-0.057964883744716644,7.024776458740234,1.8569525480270386
0,312,-0.42204776406288147,0.004950753413140774,0.09902574867010117,-0.003649329300969839,1.0267508029937744,1.1066715717315674
0,313,-0.48214712738990784,-0.0001690201461315155,0.13227221369743347,-0.01106128841638565,1.4333348274230957,1.9788154363632202
0,314,-0.33019837737083435,0.0007071404252201319,0.20772337913513184,-0.00020606155158020556,2.079294443130493,0.830995500087738
0,315,-0.3812720775604248,0.0056491997092962265,0.08383230865001678,-0.041233550757169724,1.2506585121154785,1.4405721426010132
0,316,-0.4685935974121094,-0.012004494667053223,0.17497220635414124,-0.0023462711833417416,1.7731845378875732,1.2858684062957764
0,317,-0.2553839385509491,0.0009897012496367097,0.16068461537361145,-1.6556045011384413e-05,1.6070115566253662,0.4758739173412323
0,318,-0.4508502781391144,0.0020044278353452682,0.05683131143450737,-0.011792394332587719,0.6862370371818542,1.0202316045761108
0,319,-0.32363125681877136,0.0008074709912762046,0.11453552544116974,-0.00048287544632330537,1.150184154510498,0.7661764025688171
0,320,-0.4717065989971161,-0.017162960022687912,0.016727177426218987,-0.011660702526569366,0.28387880325317383,1.349292516708374
0,321,-0.45390990376472473,-0.013218446634709835,0.09045128524303436,-0.0071982089430093765,0.9764949083328247,0.9962560534477234
0,322,-0.4867461025714874,0.0005151370423845947,0.03329450264573097,0.000922424893360585,0.323720782995224,0.2327834814786911
0,323,-0.44311490654945374,-0.04200742393732071,0.15177775919437408,-0.05455349013209343,2.063312530517578,1.2101829051971436
0,324,-0.5506892800331116,0.00017011146701406687,0.053561627864837646,-0.000957677373662591,0.545193076133728,0.225375697016716
0,325,-0.30000001192092896,0.001237125601619482,0.32375389337539673,-0.00131824123673141,3.2507214546203613,1.3095940351486206
0,326,-0.45269355177879333,-0.06807646155357361,6.556129455566406,-0.03359654173254967,65.89726257324219,2.1200132369995117
0,327,-0.4594773054122925,-0.0019630417227745056,0.07374401390552521,-0.008469732478260994,0.8221374750137329,1.0061159133911133
0,328,-0.4562923312187195,0.008657178841531277,0.15110915899276733,-0.04585398733615875,1.969631552696228,0.8728984594345093
0,329,-0.40284818410873413,-0.009950094856321812,0.0651458203792572,-0.004811297170817852,0.6995711326599121,2.4269320964813232
0,330,-0.47803014516830444,0.00988386943936348,2.0284862518310547,-0.0344412699341774,20.629276275634766,2.0794036388397217
0,331,-0.4621959924697876,-0.004693862982094288,0.3434324264526367,-0.0029115532524883747,3.46343994140625,1.1278133392333984
0,332,-0.28798186779022217,-0.0011883076513186097,0.14506736397743225,-3.970372927142307e-05,1.4510706663131714,0.4673609733581543
0,333,-0.3548121154308319,-0.0031958031468093395,0.11232846975326538,0.009935838170349598,1.0239262580871582,2.170344114303589
0,334,-0.44920584559440613,-0.06252284348011017,15.370375633239746,-0.02085561864078045,153.91232299804688,2.594186544418335
0,335,-0.4665733873844147,-0.04174628108739853,0.5824868083000183,-0.006478415336459875,5.889651775360107,2.5269529819488525
0,336,-0.41964131593704224,0.005583678372204304,0.09763261675834656,0.003996293060481548,0.9363632202148438,2.789888858795166
0,337,-0.4666232466697693,-0.05502135306596756,0.2972247004508972,-0.021875105798244476,3.190997838973999,1.6485011577606201
0,338,-0.4389064610004425,0.006010571029037237,0.1125602051615715,-0.014608671888709068,1.2716888189315796,1.7045968770980835
0,339,-0.21118173003196716,-0.0009312270558439195,0.1716693937778473,-0.0010298503329977393,1.7269923686981201,1.3897051811218262
0,340,-0.15805265307426453,-0.0008326565148308873,0.14434710144996643,-0.0001835144212236628,1.4453061819076538,0.6053550243377686
0,341,-0.4758026897907257,-0.0025094407610595226,0.5897409319877625,-0.00898000504821539,5.987209320068359,2.823424816131592
0,342,-0.41633495688438416,-0.00013863493222743273,0.12487649917602539,0.00045307230902835727,1.244234323501587,0.5168240070343018
0,343,-0.4679335057735443,-0.020559070631861687,0.15182653069496155,-0.004151306115090847,1.5597782135009766,1.690058946609497
0,344,-0.43879199028015137,0.015073656104505062,0.44722992181777954,-0.046387724578380585,4.936176300048828,1.0605348348617554
0,345,-0.23336203396320343,0.0003812421055044979,0.13095290958881378,0.0001943384704645723,1.307585597038269,0.008028993383049965
0,346,-0.45202505588531494,0.05797524005174637,0.37264829874038696,-0.004255454055964947,3.7690372467041016,1.873417854309082
0,347,-0.43385082483291626,0.0005397369968704879,0.09344663470983505,-0.0005453163175843656,0.9399194717407227,0.15707150101661682
0,348,-0.18852439522743225,-3.8510966987814754e-05,0.19444075226783752,0.0002875783247873187,1.9415316581726074,1.1369503736495972
0,349,-0.572013258934021,-0.00037822884041815996,0.00600065104663372,-0.00167701649479568,0.07677667587995529,0.09758034348487854
0,350,-0.46711069345474243,-0.04749463126063347,0.06862951815128326,-0.03431124612689018,1.0294076204299927,1.275527000427246
0,351,-0.42410576343536377,-0.0362677127122879,0.1107792854309082,-0.012830480933189392,1.2360976934432983,1.441258192062378
0,352,-0.5946279168128967,0.0011117089306935668,0.012957349419593811,0.004439943470060825,0.08517404645681381,0.18450629711151123
0,353,-0.3885081708431244,0.0029825586825609207,0.30581390857696533,-0.012116795405745506,3.179306983947754,1.5551533699035645
0,354,-0.45307645201683044,-0.021698040887713432,0.06132064014673233,-0.016878027468919754,0.7819865942001343,2.1764612197875977
0,355,-0.44636309146881104,-0.005449631717056036,0.06962993741035461,-0.015231053344905376,0.8486099243164062,2.0092384815216064
0,356,-0.45001059770584106,0.030773533508181572,0.16945652663707733,-0.04460756480693817,2.1406409740448,1.1196658611297607
0,357,-0.2970932126045227,-0.0005443436093628407,0.17149174213409424,-0.000650829344522208,1.7214257717132568,1.4440886974334717
0,358,-0.30000001192092896,0.0036397832445800304,0.04596206173300743,-0.0028075759764760733,0.4876963496208191,2.197227954864502
0,359,-0.4171282649040222,-0.009351598098874092,0.3583517074584961,-0.004756690468639135,3.6310839653015137,2.4243991374969482
0,360,-0.4345419704914093,0.005612796172499657,0.11781448125839233,-0.009814410470426083,1.2762888669967651,1.4749667644500732
0,361,-0.3296634554862976,0.0007914196467027068,0.23371538519859314,-0.0012098221341148019,2.349252223968506,0.6306048631668091
0,362,-0.4294522702693939,-0.11415829509496689,2.861870288848877,-0.020840276032686234,28.827106475830078,3.651646375656128
0,363,-0.397795170545578,0.015193536877632141,0.242026686668396,-0.026314537972211838,2.6834120750427246,1.91255784034729
0,364,-0.30000001192092896,0.003223161678761244,0.15823227167129517,-0.04234886169433594,2.0058112144470215,1.1134803295135498
0,365,-0.447495698928833,-0.009445400908589363,0.15551535785198212,-0.00789619516581297,1.6341155767440796,2.419968605041504
0,366,-0.44014841318130493,0.015164893120527267,0.5437983274459839,-0.03154165670275688,5.753399848937988,1.5101077556610107
0,367,-0.3880224823951721,-0.039257220923900604,0.6975628733634949,-0.010234926827251911,7.077977657318115,3.0128865242004395
0,368,-0.41590988636016846,-0.05367153882980347,0.22078996896743774,-0.021136514842510223,2.419264793395996,2.868412971496582
0,369,-0.5026893615722656,-0.00014598891721107066,0.07177717238664627,4.2492734792176634e-05,0.7173468470573425,0.03584263473749161
0,370,-0.4825000762939453,-0.008307836949825287,0.14048966765403748,-8.345663081854582e-05,1.405731201171875,1.7948464155197144
0,371,-0.38984644412994385,0.009606465697288513,0.11404290795326233,-0.025370117276906967,1.3941302299499512,2.6273531913757324
0,372,-0.4557044804096222,-0.015871189534664154,0.17251428961753845,-0.03897431120276451,2.1148858070373535,1.7616262435913086
0,373,-0.44129616022109985,-0.001880632946267724,0.0805535763502121,-7.644746074220166e-05,0.806300163269043,1.2255957126617432
0,374,-0.4181350767612457,-0.0033114212565124035,0.048667535185813904,-0.03782319277524948,0.8649072647094727,1.7114657163619995
0,375,-0.512279212474823,0.0010500932112336159,0.031207401305437088,0.00018003678997047246,0.3102736175060272,0.3294461667537689
0,376,-0.4806039035320282,-0.0029586227610707283,0.10695002973079681,-0.0002619677397888154,1.072119951248169,0.6081146597862244
0,377,-0.05770821124315262,0.0003835451789200306,0.1394459307193756,0.0008248120429925621,1.3862112760543823,0.9929811954498291
0,378,-0.44529294967651367,0.008163281716406345,0.28362858295440674,-0.006493720225989819,2.9012229442596436,1.9641680717468262
0,379,-0.4523771405220032,0.05410224199295044,0.23760363459587097,-0.02210984006524086,2.597134590148926,1.8511556386947632
0,380,-0.42040154337882996,-0.013865223154425621,0.15142379701137543,-0.011079749092459679,1.6250355243682861,1.1202223300933838
0,381,-0.30000001192092896,0.002803708892315626,0.682346761226654,-0.0011278199963271618,6.834745407104492,1.7894681692123413
0,382,-0.4354740083217621,0.011026561260223389,0.253123939037323,-0.018895631656050682,2.7201955318450928,1.7441387176513672
0,383,-0.4677412211894989,0.012868585996329784,-0.011793999001383781,-0.04655662178993225,0.3476262092590332,2.7476985454559326
0,384,-0.4476189911365509,-0.022925101220607758,0.2802642285823822,-0.009897730313241482,2.9016194343566895,1.58799147605896
0,385,-0.38657835125923157,-0.02011483907699585,0.11907242238521576,-0.012390939518809319,1.3146336078643799,1.9860557317733765
0,386,-0.36994627118110657,-0.0006590496632270515,0.10824719071388245,-0.00033326944685541093,1.0858047008514404,0.5550578832626343
0,387,-0.4106987714767456,-0.00444918405264616,0.09942375123500824,-0.0027417815290391445,1.0216553211212158,2.298158645629883
0,388,-0.44061386585235596,-0.0018856525421142578,0.0639105960726738,-0.0037098033353686333,0.6762039661407471,1.8740243911743164
0,389,-0.3381839692592621,0.00010941237269435078,0.12489359080791473,0.0001419004547642544,1.2475168704986572,0.6700409650802612
0,390,-0.36747413873672485,-0.00048791366862133145,0.045408736914396286,0.0003481788735371083,0.450605571269989,0.4096757769584656
0,391,-0.4437828063964844,-0.007119408808648586,0.011552384123206139,-0.017792612314224243,0.2934499680995941,2.012637138366699
0,392,-0.4288223385810852,0.022329773753881454,-0.0006732158362865448,-0.041894376277923584,0.4122115969657898,0.7858266234397888
0,393,-0.46048665046691895,-3.812883369391784e-05,0.03584124892950058,-0.0008127420442178845,0.3665398955345154,0.18578672409057617
0,394,-0.44229960441589355,0.015415465459227562,0.028181863948702812,-0.0035269130021333694,0.3170877695083618,0.97209632396698
0,395,-0.4179076552391052,-6.157660391181707e-05,0.06298555433750153,0.0005014705238863826,0.6248407363891602,1.5392844676971436
0,396,-0.43222326040267944,0.00441996194422245,0.04103668034076691,-0.010490162298083305,0.5152683854103088,1.2236697673797607
0,397,-0.5726054310798645,-0.000374842609744519,0.004768228158354759,-0.0023751556873321533,0.07143384218215942,0.10755689442157745
0,398,-0.316989004611969,0.00017655364354141057,0.19841119647026062,6.914966797921807e-05,1.9834203720092773,0.030303753912448883
0,399,-0.4669116735458374,0.010342667810618877,0.2514745891094208,-0.004977297969162464,2.564518690109253,1.1838154792785645
0,400,-0.5197182893753052,0.00014842164819128811,0.04323984310030937,0.0007040281197987497,0.4253581464290619,0.1485801637172699
0,401,-0.45107635855674744,-0.0036672044079750776,0.21270476281642914,-0.01145784929394722,2.241626262664795,1.2610520124435425
0,402,-0.32296839356422424,0.009744356386363506,0.10571309179067612,-0.004994170740246773,1.1070727109909058,2.0722858905792236
0,403,-0.38983699679374695,0.0077897533774375916,0.18697702884674072,-0.0017175793182104826,1.8869460821151733,1.5342130661010742
0,404,-0.21600979566574097,0.0006054621189832687,0.348171204328537,-0.002183843171223998,3.5035505294799805,0.45031559467315674
0,405,-0.4704560935497284,0.02029217593371868,0.06627953052520752,-0.019359692931175232,0.8563922643661499,2.2356324195861816
0,406,-0.40466275811195374,-0.010976801626384258,0.06195375323295593,-0.0021963876206427813,0.6415014266967773,2.6636128425598145
0,407,-0.6005911827087402,-3.702082176459953e-05,0.0026786557864397764,0.00047846470260992646,0.02200191281735897,0.16747108101844788
0,408,-0.4427556097507477,-0.0020809608977288008,0.07151707261800766,-0.00570703623816371,0.7722410559654236,1.2391018867492676
0,409,-0.4679669737815857,0.011278284713625908,0.16403426229953766,-0.017875047400593758,1.819093108177185,1.8673102855682373
0,410,-0.41871729493141174,0.019810160622000694,0.14965495467185974,-0.00810387171804905,1.5775880813598633,1.030882477760315
0,411,-0.46582385897636414,0.00012081924069207162,0.092984639108181,-0.015020361170172691,1.080049991607666,1.681852102279663
0,412,-0.2211483269929886,-0.0003013104142155498,0.24196866154670715,0.00012797920498996973,2.4184069633483887,0.8088865280151367
0,413,-0.45719411969184875,-0.0029279598966240883,0.11984114348888397,-0.025259627029299736,1.4510077238082886,2.8636043071746826
0,414,-0.4589168429374695,0.010933563113212585,0.06370960175991058,-0.04129503667354584,1.0500463247299194,1.1680439710617065
0,415,-0.34638628363609314,0.029109105467796326,0.10535828769207001,-0.001338489819318056,1.0669678449630737,1.5664794445037842
0,416,-0.4720858037471771,0.02061406522989273,0.11215054988861084,-0.04009157791733742,1.5224212408065796,1.0897574424743652
0,417,-0.47734710574150085,0.021841367706656456,0.03937029466032982,-0.005524906329810619,0.44895195960998535,2.099179267883301
0,418,-0.4459126889705658,-0.00028774316888302565,0.11107617616653442,-0.0001812140690162778,1.1125739812850952,0.4858646094799042
0,419,-0.4506853520870209,0.0019133789464831352,0.1748245805501938,0.0024452689103782177,1.7237930297851562,1.669600248336792
0,420,-0.3295426070690155,0.0018049993086606264,0.09696757048368454,0.002590544754639268,0.9437702894210815,2.1032912731170654
0,421,-0.34749341011047363,0.00527447834610939,0.11453060805797577,-0.0014516825322061777,1.159822940826416,1.2142194509506226
0,422,-0.21690288186073303,4.408868699101731e-05,0.15503230690956116,-0.0001342371106147766,1.5516653060913086,0.056007951498031616
0,423,-0.4377236068248749,-0.03844432160258293,-0.01222609356045723,-0.03708089515566826,0.2485480010509491,0.6111094355583191
0,424,-0.4486474394798279,0.004510635044425726,0.18400460481643677,-0.004884755238890648,1.888893485069275,2.218064785003662
0,425,-0.15762265026569366,0.0006327398587018251,0.11320440471172333,0.00017987191677093506,1.1302452087402344,1.4558911323547363
0,426,-0.30000001192092896,-0.008995464071631432,0.05068610608577728,-0.00618588924407959,0.5687199831008911,0.8901697397232056
0,427,-0.4515569508075714,-0.01205985527485609,0.27704012393951416,-0.004213281907141209,2.8125340938568115,2.5543160438537598
0,428,-0.21988502144813538,-0.0012414095690473914,0.2844683527946472,-0.000773116946220398,2.852414608001709,0.7893064022064209
0,429,-0.21207670867443085,0.0019666790030896664,0.32320165634155273,0.0002251405967399478,3.229764938354492,1.4064481258392334
0,430,-0.1829739362001419,0.0003189251874573529,0.1524960696697235,0.00040269893361255527,1.5209338665008545,1.0360591411590576
0,431,-0.2619948387145996,2.0286453946027905e-05,0.1515575349330902,1.2035171494062524e-05,1.5154550075531006,0.0027288130950182676
0,432,-0.44406646490097046,0.006909669376909733,0.5352457165718079,0.006108572706580162,5.2913713455200195,1.4208053350448608
0,433,-0.4769348204135895,-0.008118308149278164,0.047525376081466675,-0.0031989943236112595,0.5072436332702637,1.3815478086471558
0,434,-0.46274444460868835,0.0642545074224472,0.11080878227949142,-0.021376751363277435,1.3218554258346558,1.800098180770874
0,435,-0.4566178619861603,0.07155236601829529,0.6328414678573608,0.001212053932249546,6.316293716430664,2.416593313217163
0,436,-0.30000001192092896,-0.00909516867250204,0.11518687009811401,-0.006617250852286816,1.2180413007736206,1.6918785572052002
0,437,-0.4569246470928192,-0.02461276575922966,0.02610258013010025,-0.05375668406486511,0.7985925674438477,2.2837533950805664
0,438,-0.440917044878006,0.013743008486926556,0.07650559395551682,-0.0005010763998143375,0.7700667381286621,2.266745090484619
0,439,-0.3210730254650116,1.2971364412805997e-05,0.1123553141951561,0.00021162934717722237,1.1214368343353271,0.502611517906189
0,440,-0.23468409478664398,0.002391203073784709,0.09509547799825668,-0.006102090701460838,1.011975646018982,1.6271233558654785
0,441,-0.45868366956710815,0.046261098235845566,0.04134208709001541,-0.033775243908166885,0.7511732578277588,1.5208697319030762
0,442,-0.4533337652683258,-0.003179195336997509,0.14804357290267944,0.0008275159634649754,1.4721606969833374,1.8064489364624023
0,443,-0.30000001192092896,0.004832761362195015,0.08497381210327148,-0.006229083519428968,0.912028968334198,2.248983144760132
0,444,-0.24054457247257233,2.634714292071294e-05,0.1162368506193161,-0.000637965917121619,1.168748140335083,1.067760944366455
0,445,-0.4623606503009796,-0.021802857518196106,0.8167691230773926,-0.009492916986346245,8.26262092590332,2.4725735187530518
0,446,-0.2841092646121979,-0.003199970116838813,0.05445101112127304,-0.0029652805533260107,0.5741629004478455,1.7684617042541504
0,447,-0.4331442713737488,-0.060483869165182114,0.6137882471084595,-0.016120320186018944,6.29908561706543,2.2939038276672363
0,448,-0.44458407163619995,-0.01161502581089735,0.13538609445095062,-0.00348316109739244,1.3886923789978027,0.8399507403373718
0,449,-0.30000001192092896,-0.03962377458810806,0.04413608834147453,-0.012796925380825996,0.5693301558494568,0.8673911094665527
0,450,-0.37341374158859253,-0.0007389577804133296,0.12184159457683563,0.00048185884952545166,1.213597297668457,0.8460202217102051
0,451,-0.3254696726799011,-0.006623727735131979,0.08198940008878708,-0.002346618101000786,0.8433601260185242,2.5046567916870117
0,452,-0.30000001192092896,0.0008916645310819149,0.06636680662631989,0.0003844167513307184,0.6598238945007324,1.832080364227295
0,453,-0.4680595099925995,0.01151953637599945,0.48937857151031494,-0.007599487900733948,4.969780921936035,1.5414934158325195
0,454,-0.3652358651161194,-0.004515614826232195,0.05204175040125847,-0.0001686086179688573,0.5221035480499268,1.2589867115020752
0,455,-0.47612324357032776,-0.04294104129076004,0.38676029443740845,-0.014529330655932426,4.0128960609436035,1.5372470617294312
0,456,-0.4562740921974182,0.009696106426417828,0.14756253361701965,-0.0013430070830509067,1.4890553951263428,1.499652624130249
0,457,-0.3046439588069916,-0.003572420682758093,0.1358797550201416,0.0024556703865528107,1.3342407941818237,2.0541951656341553
0,458,-0.44827955961227417,0.0015651233261451125,0.18173465132713318,-0.05378761887550354,2.355222702026367,1.027058720588684
0,459,-0.45643818378448486,0.03148369491100311,0.15664316713809967,-0.023360317572951317,1.8000348806381226,1.6791973114013672
0,460,-0.4350113570690155,0.01935751736164093,0.05221168324351311,-0.009930869564414024,0.6214255094528198,1.5956777334213257
0,461,-0.4060763716697693,-0.01805379055440426,0.14330574870109558,0.005509553011506796,1.3779619932174683,1.0557752847671509
0,462,-0.47399741411209106,0.00032243027817457914,0.09888455271720886,0.0003033218381460756,0.9858121871948242,0.37279975414276123
0,463,-0.4691176414489746,-0.03672110289335251,0.07703512161970139,-0.004326620139181614,0.8136174082756042,3.012752056121826
0,464,-0.45954981446266174,0.0027913814410567284,0.07364063709974289,-0.004547235555946827,0.7818787097930908,1.104978322982788
0,465,-0.4222167134284973,-0.0108269602060318,0.08160564303398132,-0.006204813253134489,0.878104567527771,2.438131809234619
0,466,-0.30000001192092896,0.002821667119860649,-0.02117161825299263,-0.04585894197225571,0.24687322974205017,1.4868855476379395
0,467,-0.4630252420902252,-0.025653846561908722,0.24757477641105652,-0.019457487389445305,2.670322895050049,2.1291074752807617
0,468,-0.40069493651390076,0.0019280742853879929,0.08177417516708374,-0.00502860639244318,0.8680278658866882,2.2172911167144775
0,469,-0.4817444980144501,-0.01470954529941082,0.04674482345581055,-0.023293349891901016,0.7003816962242126,3.192570447921753
0,470,-0.4323484003543854,-0.00014814455062150955,0.004221055656671524,-0.051595013588666916,0.558160662651062,1.411630392074585
0,471,-0.47289037704467773,0.0047998433001339436,0.1097695380449295,-0.01251496933400631,1.2228449583053589,1.8298308849334717
0,472,-0.40205100178718567,6.488907820312306e-05,0.16581936180591583,0.0007918303599581122,1.6502752304077148,0.7282471060752869
0,473,-0.596245527267456,-0.000533411861397326,0.0033096156548708677,-0.001758090453222394,0.05067705735564232,0.11263304203748703
0,474,-0.2055944949388504,0.00047932431334629655,0.2030172348022461,-0.00011698737216647714,2.0313422679901123,1.0727615356445312
0,475,-0.458938330411911,0.03751251474022865,0.005813012830913067,-0.024157598614692688,0.2997061014175415,1.7710886001586914
0,476,-0.5421714186668396,-0.0001544294209452346,-0.00018069311045110226,-0.0016252035275101662,0.014445103704929352,0.06723400205373764
0,477,-0.2933224141597748,-1.2013679224764928e-05,0.15309908986091614,9.992056675400818e-07,1.5309809446334839,0.003774201963096857
0,478,-0.5248399376869202,0.009878764860332012,0.17758211493492126,-0.004564883187413216,1.821470022201538,1.1203866004943848
0,479,-0.1379922479391098,-0.00023733940906822681,0.18505285680294037,0.0007276824908331037,1.8432515859603882,0.6946994662284851
0,480,-0.4290718138217926,0.0056182825937867165,0.39804381132125854,-0.004434636794030666,4.024784564971924,1.9274747371673584
0,481,-0.5128036737442017,-0.04917396232485771,1.3022030591964722,-0.014599815011024475,13.168028831481934,1.8804243803024292
0,482,-0.2992534339427948,2.804202722472837e-06,0.11516639590263367,-2.1309488147380762e-05,1.1518771648406982,0.40671083331108093
0,483,-0.45992812514305115,0.03145342320203781,0.06143756955862045,-0.031244544312357903,0.9268211126327515,3.3700079917907715
0,484,-0.31872937083244324,-3.064845714106923e-06,0.14783871173858643,-8.011444379008026e-07,1.4783952236175537,0.0022295108065009117
0,485,-0.42974618077278137,-0.00038609810872003436,0.12433581799268723,-0.00026504119159653783,1.2460086345672607,0.487915575504303
0,486,-0.44488194584846497,-0.0067481910809874535,0.10087323188781738,-0.008205980062484741,1.090792179107666,1.956221103668213
0,487,-0.4490068256855011,-0.07314127683639526,3.6262617111206055,-0.006222487427294254,36.3248405456543,3.343064308166504
0,488,-0.2287483960390091,-0.0012890264624729753,0.17490319907665253,-0.0005742018111050129,1.7547739744186401,0.9255222678184509
0,489,-0.2534928023815155,-2.584180720077711e-06,0.10766942799091339,-4.470348358154297e-08,1.0766947269439697,0.007449641823768616
0,490,-0.4526391923427582,0.031045790761709213,0.0734114944934845,-0.012019741348922253,0.8543124198913574,1.9063348770141602
0,491,-0.47486305236816406,-0.043167032301425934,1.9485883712768555,-0.009638775140047073,19.582271575927734,2.2424428462982178
0,492,-0.30000001192092896,-0.07471628487110138,1.4246141910552979,-0.011606812477111816,14.362208366394043,3.62530779838562
0,493,-0.34323781728744507,0.00037168615381233394,0.135685533285141,0.00040449536754749715,1.352810263633728,0.8688417673110962
0,494,-0.5850929021835327,-0.0001290398940909654,0.021379567682743073,-0.00021344090055208653,0.21593008935451508,0.1054036021232605
0,495,-0.4081619083881378,-0.0047732628881931305,0.11695867776870728,-0.004293171688914299,1.2125184535980225,1.8327007293701172
0,496,-0.3426949679851532,0.003995875362306833,0.07624328136444092,-0.0013880091719329357,0.7763128280639648,1.8865212202072144
0,497,-0.42260050773620605,-0.0013234717771410942,0.22502027451992035,-0.003372154664248228,2.2839243412017822,1.439042329788208
0,498,-0.47319936752319336,0.023942789062857628,0.08337029814720154,-0.057066526263952255,1.4043681621551514,0.6126061677932739
0,499,-0.4643748104572296,0.0026922132819890976,0.08989676088094711,-0.02693650871515274,1.168332576751709,3.1615846157073975
0,500,-0.14470510184764862,-1.2936924576933961e-05,0.16713571548461914,0.0020320399198681116,1.6510366201400757,0.7089653015136719
0,501,-0.4437902271747589,-0.0024849153123795986,0.4669966399669647,0.0004428559332154691,4.6655378341674805,2.739885091781616
0,502,-0.27751782536506653,0.0022485535591840744,0.7141338586807251,0.0012206319952383637,7.129132270812988,0.6771594285964966
0,503,-0.43379178643226624,0.05124770849943161,0.004646725952625275,-0.0772775411605835,0.8192426562309265,0.649061381816864
0,504,-0.4095696806907654,0.01601165160536766,0.5529348850250244,-0.01236644759774208,5.653013229370117,1.9159725904464722
0,505,-0.21165905892848969,0.0009368825703859329,0.14098547399044037,-0.00039864477002993226,1.4138412475585938,0.6493415236473083
0,506,-0.3264642655849457,-0.005982556380331516,0.13200944662094116,-0.010071706026792526,1.4208115339279175,1.9487745761871338
0,507,-0.3147057294845581,-9.433560990146361e-06,0.09572649002075195,1.1615455150604248e-05,0.9571487307548523,0.0049132597632706165
0,508,-0.30000001192092896,-0.0033674384467303753,0.8044909238815308,-0.003988727927207947,8.084795951843262,2.9393749237060547
0,509,-0.34810081124305725,0.002416574861854315,0.16241160035133362,0.003572543617337942,1.588390588760376,1.941197156906128
0,510,-0.447677344083786,-0.021427547559142113,1.42821204662323,-0.005064878147095442,14.332767486572266,3.002669334411621
0,511,-0.44565069675445557,-0.11435922980308533,4.992711067199707,-0.030296748504042625,50.230072021484375,3.5632970333099365
0,512,-0.43951329588890076,-0.01565815508365631,0.46398302912712097,0.0011402632808312774,4.628427505493164,1.5600804090499878
0,513,-0.4975629448890686,0.00017572437354829162,0.011929523199796677,0.001280076801776886,0.1064944714307785,0.15649518370628357
0,514,-0.19961927831172943,0.0008735582232475281,0.11215338110923767,-3.776036828639917e-05,1.1219114065170288,1.3435511589050293
0,515,-0.4435693621635437,-0.04094427451491356,0.8210325241088867,-0.020089488476514816,8.411219596862793,2.3922324180603027
0,516,-0.44277748465538025,-0.010173811577260494,0.2102588266134262,-0.016360551118850708,2.2661938667297363,1.6395024061203003
0,517,-0.30000001192092896,0.01215388160198927,0.18570202589035034,-0.0272169541567564,2.129189968109131,3.1160478591918945
0,518,-0.4270950257778168,0.0006621708162128925,0.010092323645949364,-0.0009340031538158655,0.11026325821876526,0.15813615918159485
0,519,-0.5219983458518982,0.0393688827753067,0.8217408061027527,0.010404407978057861,8.113363265991211,1.9654386043548584
0,520,-0.35770201683044434,0.0013313211966305971,0.119759701192379,-0.013130290433764458,1.32889986038208,1.9236984252929688
0,521,-0.4738413393497467,-0.09177418798208237,3.0617012977600098,0.0030616149306297302,30.586395263671875,1.2519376277923584
0,522,-0.45855268836021423,0.006973107811063528,0.678126335144043,0.00029191793873906136,6.778344631195068,1.8440803289413452
0,523,-0.5325088500976562,-2.3189952116808854e-05,0.015892235562205315,-0.0006093084812164307,0.16501542925834656,0.24508479237556458
0,524,-0.444036602973938,0.008405759930610657,0.4583779573440552,-0.0045883534476161,4.629662990570068,2.7174251079559326
0,525,-0.4553511440753937,-0.026147495955228806,1.208473801612854,-0.0022468368988484144,12.107206344604492,3.3357131481170654
0,526,-0.4438420534133911,0.00019114394672214985,0.004442600533366203,-0.00036163299228064716,0.04804233834147453,0.1145719438791275
0,527,-0.4509945511817932,0.018269479274749756,0.20658332109451294,-0.0093045299872756,2.1588783264160156,1.9554777145385742
0,528,-0.22313134372234344,-0.00045236462028697133,0.21834129095077515,-0.0003695686755236238,2.1871087551116943,1.1762547492980957
0,529,-0.4772062599658966,0.0002027211303357035,0.03350435197353363,0.0002553483936935663,0.33249005675315857,0.693257212638855
0,530,-0.441685289144516,-0.023202097043395042,0.14913952350616455,-0.03952322527766228,1.8866275548934937,2.7164688110351562
0,531,-0.4591657519340515,-0.005618882831186056,0.19290903210639954,0.010294991545379162,1.8261404037475586,2.1691861152648926
0,532,-0.39548125863075256,0.01754075102508068,0.3714944124221802,-0.009404301643371582,3.8089871406555176,2.614922523498535
0,533,-0.29508262872695923,0.003602411365136504,0.09868699312210083,-0.0011605690233409405,0.9984755516052246,2.469888210296631
0,534,-0.4014635682106018,0.011733438819646835,0.15245696902275085,0.01560131460428238,1.3685564994812012,3.446417808532715
0,535,-0.4735735058784485,-0.023442735895514488,1.611137866973877,-0.01420151349157095,16.253393173217773,2.4661967754364014
0,536,-0.05443556606769562,-0.0003204643144272268,0.20949453115463257,-0.0013962549855932593,2.108907699584961,1.034989356994629
0,537,-0.36728808283805847,-0.006468145176768303,0.12698405981063843,-0.011239327490329742,1.3822338581085205,1.1890735626220703
0,538,-0.4573446214199066,-0.012045016512274742,0.22230812907218933,0.0007530284929089248,2.2155511379241943,2.066535711288452
0,539,-0.30000001192092896,0.0026155977975577116,0.11239024996757507,0.002767793834209442,1.0962245464324951,1.0377284288406372
0,540,-0.23243515193462372,-0.00020477156795095652,0.2304617166519165,-0.0006595544400624931,2.3112127780914307,0.7105084657669067
0,541,-0.2672388255596161,-3.739733074326068e-07,0.17653506994247437,-6.454686626966577e-06,1.7654151916503906,0.002397958654910326
0,542,-0.47172993421554565,-0.01093793474137783,0.11989563703536987,-0.01676010899245739,1.3665574789047241,1.6333411931991577
0,543,-0.4565301239490509,0.00836879387497902,0.27226853370666504,-0.00045743255759589374,2.727259397506714,2.3855321407318115
0,544,-0.30000001192092896,0.008477354422211647,0.10304971039295197,0.003259873716160655,0.9978983402252197,1.115402102470398
0,545,-0.44796302914619446,0.008116932585835457,0.18053899705410004,-0.00039878193638287485,1.809377670288086,2.016173839569092
0,546,-0.34548431634902954,0.03448333591222763,0.10322265326976776,-0.015649475157260895,1.1887212991714478,2.073871612548828
0,547,-0.4448995292186737,-0.020341720432043076,1.55173659324646,-0.009964261204004288,15.6170072555542,2.176957607269287
0,548,-0.4787886440753937,0.015522963367402554,0.25748583674430847,-0.01565556414425373,2.7314138412475586,1.406752347946167
0,549,-0.3716234266757965,0.0004661616403609514,0.13317593932151794,-0.0002165639743907377,1.3339250087738037,1.8180506229400635
0,550,-0.311450719833374,0.001783326966688037,0.11359846591949463,-0.00031604908872395754,1.1391451358795166,1.230555772781372
0,551,-0.5377838015556335,0.01055301632732153,0.7229141592979431,-0.005639839917421341,7.285539627075195,1.1873319149017334
0,552,-0.4514068365097046,0.013242427259683609,0.12136596441268921,-0.010886967182159424,1.3225293159484863,2.185397148132324
0,553,-0.43065232038497925,-0.011388804763555527,0.1301255226135254,-0.012767128646373749,1.428926706314087,2.145535945892334
0,554,-0.4201441705226898,-0.0013165873242542148,0.09676872193813324,-0.0010487718973308802,0.9781748652458191,0.6379481554031372
0,555,-0.2614767253398895,0.00013926438987255096,0.1576257050037384,0.0008063222048804164,1.5681936740875244,0.37412452697753906
0,556,-0.3890850245952606,0.0011123331496492028,0.07054456323385239,-0.00010464189108461142,0.7064920663833618,1.4188306331634521
0,557,-0.503599226474762,-0.00035780336474999785,0.04710675776004791,-0.0014533567009493709,0.48560118675231934,0.290214866399765
0,558,-0.3492959439754486,1.6185487766051665e-05,0.1748536080121994,0.00029528161394409835,1.7455832958221436,0.2512752413749695
0,559,-0.2983624339103699,0.0009231266449205577,0.11494408547878265,0.0016421204200014472,1.1330195665359497,2.5682036876678467
0,560,-0.5103611946105957,-0.0017357300966978073,0.23471388220787048,-0.0012287336867302656,2.359426259994507,1.1468881368637085
0,561,-0.3223610520362854,-0.008691234514117241,0.506922721862793,-0.0070756711065769196,5.139983654022217,1.6303210258483887
0,562,-0.32962751388549805,0.00046483566984534264,0.1691323220729828,-0.0004255299863871187,1.6955783367156982,1.7725857496261597
0,563,-0.5549200177192688,0.0005998228443786502,0.037264902144670486,0.001061475952155888,0.36203426122665405,0.1959027349948883
0,564,-0.3213271200656891,0.0018266842234879732,0.15452927350997925,0.0035861271899193525,1.5094313621520996,2.4303598403930664
0,565,-0.3007945418357849,-0.0006359997787512839,0.08710994571447372,-0.0011092154309153557,0.88219153881073,1.656024694442749
0,566,-0.3280334770679474,-0.0004559853987302631,0.05238578841090202,-0.0005757444887422025,0.5296152830123901,0.3404991626739502
0,567,-0.5501832962036133,-0.5129364728927612,4.016617774963379,-0.015452481806278229,40.32069778442383,1.0901521444320679
0,568,-0.3805355429649353,-0.00038736473652534187,0.027853619307279587,0.0010570676531642675,0.26796549558639526,0.3215061128139496
0,569,-0.6136370897293091,0.0004195881192572415,0.01868947222828865,0.0023491564206779003,0.16340313851833344,0.06192566454410553
0,570,-0.3996776044368744,0.00025712524075061083,0.18294034898281097,8.158262062352151e-05,1.828587532043457,0.24042195081710815
0,571,-0.43812182545661926,0.0017863363027572632,0.23267942667007446,-0.012919118627905846,2.4559855461120605,3.2693185806274414
0,572,-0.44996657967567444,-0.014287116937339306,0.1328250914812088,-0.0068281772546470165,1.3965327739715576,3.597714900970459
0,573,-0.41068723797798157,-0.0014042643597349524,0.0635954737663269,0.0012528051156550646,0.6234266757965088,0.7870160937309265
0,574,-0.2168787121772766,0.0005583849269896746,0.17738686501979828,-7.214650395326316e-06,1.7739408016204834,0.40216371417045593
0,575,-0.44079336524009705,0.01674439013004303,0.19505876302719116,-0.008471827954053879,2.035305976867676,3.263655662536621
0,576,-0.1716398000717163,-0.0002961768477689475,0.14414192736148834,-0.00030665803933516145,1.4444859027862549,0.4752461612224579
0,577,-0.2911485433578491,-0.0028924024663865566,0.1518540382385254,0.0018651740392670035,1.4998887777328491,2.03446364402771
0,578,-0.36157411336898804,0.0019326399778947234,0.1005614846944809,-0.004965670872479677,1.0552715063095093,2.6841654777526855
0,579,-0.40279003977775574,0.0014491237234324217,0.08155154436826706,0.0008625595364719629,0.8068897724151611,0.4899812638759613
0,580,-0.5613307952880859,0.0007906180690042675,0.03452790528535843,0.002241290407255292,0.32286614179611206,0.10202084481716156
0,581,-0.4622471332550049,0.00018176669254899025,0.009907115250825882,0.0005116624524816871,0.09395451843738556,0.58925861120224
0,582,-0.5176514983177185,-5.768433038610965e-05,0.016970759257674217,0.0006692036986351013,0.16301554441452026,0.2793712615966797
0,583,-0.5373251438140869,0.00016454228898510337,0.014449788257479668,-0.00047951278975233436,0.14929300546646118,0.28476330637931824
0,584,-0.3431377112865448,0.0011348139960318804,0.042597562074661255,-0.0005327066173776984,0.4313027262687683,1.3438498973846436
0,585,-0.4725058078765869,0.0036031678318977356,0.20853188633918762,-0.009016714058816433,2.1754860877990723,2.41365909576416
0,586,-0.5431137084960938,-0.0003200679493602365,0.006718415766954422,-0.0016059180488809943,0.08324333280324936,0.0648827999830246
0,587,-0.1775134801864624,0.0018750190502032638,0.13193723559379578,-0.0021393068600445986,1.340765357017517,1.28615140914917
0,588,-0.30683889985084534,0.001068576704710722,0.06819140166044235,-0.0007747948984615505,0.689661979675293,2.448951482772827
0,589,-0.3839271068572998,0.0010860204929485917,0.03711898624897003,-0.0004133664770051837,0.37532350420951843,0.5402708053588867
0,590,-0.3380556106567383,-0.0009135035797953606,0.17663387954235077,-5.3689709602622315e-05,1.7668757438659668,0.004879639483988285
0,591,-0.4652986526489258,-0.02004103735089302,0.5123493075370789,-0.005728261545300484,5.1807756423950195,2.4310951232910156
0,592,-0.31240564584732056,0.008296489715576172,0.20829921960830688,0.016893841326236725,1.9140539169311523,1.969118595123291
0,593,-0.38329511880874634,0.006538595072925091,0.1940954625606537,0.0003861458972096443,1.9370931386947632,0.7139120101928711
0,594,-0.41118961572647095,-0.02103826031088829,0.2928258776664734,-0.00292630004696548,2.957521438598633,1.7524514198303223
0,595,-0.4365064799785614,0.0007612888002768159,0.03823334723711014,-0.0010462270583957434,0.39279574155807495,0.7302257418632507
0,596,-0.3761807680130005,-0.013697272166609764,0.033943042159080505,-0.01915404200553894,0.5309708714485168,1.8935236930847168
0,597,-0.30000001192092896,0.0014687217772006989,0.17796574532985687,-0.0021452242508530617,1.8011096715927124,1.3957489728927612
0,598,-0.16591492295265198,-0.0012164859799668193,0.13813552260398865,-0.0013843285851180553,1.3951985836029053,1.3151220083236694
0,599,-0.2862945795059204,-0.0035550002939999104,0.1317579299211502,-0.004269810393452644,1.3602774143218994,1.010823130607605
0,600,-0.30000001192092896,-0.00033952249214053154,0.067971371114254,-0.0010380249004811049,0.6900939345359802,0.10247902572154999
0,601,-0.47866320610046387,-0.0017543879803270102,0.20595866441726685,0.001504173269495368,2.0445449352264404,0.7585917711257935
0,602,-0.46665796637535095,0.00018394822836853564,0.31404322385787964,-8.920289110392332e-05,3.141324520111084,0.4877329468727112
0,603,-0.51618891954422,0.0006802300340496004,0.010787475854158401,0.0007876224117353559,0.09999854862689972,0.2294330894947052
0,604,-0.40504199266433716,-0.01252300851047039,0.6978800296783447,-0.0009243911481462419,6.988044261932373,1.8185677528381348
0,605,-0.4606294333934784,0.046130772680044174,0.07338981330394745,-0.01937590353190899,0.9276570677757263,1.8547968864440918
0,606,-0.4679817259311676,0.046202175319194794,0.09824570268392563,-0.01332291029393673,1.1156861782073975,1.1354331970214844
0,607,-0.30000001192092896,0.0373469702899456,0.05926675722002983,-0.02186274528503418,0.8112950325012207,1.7511792182922363
0,608,-0.4733622968196869,0.01980162411928177,0.049469493329524994,-0.0016704716254025698,0.5113996267318726,3.20953631401062
0,609,-0.46588683128356934,-0.00032568624010309577,0.016106795519590378,-0.0014148189220577478,0.17521613836288452,0.10214036703109741
0,610,-0.3168368935585022,0.0006413001683540642,0.09729908406734467,-0.0025658649392426014,0.9986494779586792,1.9465694427490234
0,611,-0.5112065672874451,-5.243331179372035e-05,0.019592557102441788,-0.0005428956355899572,0.2013545036315918,0.1813051998615265
0,612,-0.4840199649333954,-0.002041464438661933,0.39355820417404175,-0.0024487818591296673,3.9600696563720703,2.0395772457122803
0,613,-0.2754165828227997,6.548839155584574e-05,0.24863331019878387,-0.00047750858357176185,2.491107940673828,1.3516812324523926
0,614,-0.46700507402420044,0.0003960098547395319,0.007172323763370514,0.002096722600981593,0.05075601488351822,0.2224724292755127
0,615,-0.30000001192092896,0.023480063304305077,0.044507548213005066,-0.020751681178808212,0.6525923013687134,1.7394332885742188
0,616,-0.3661149740219116,0.00048825948033481836,0.12313354015350342,0.0012915630359202623,1.2184197902679443,2.333859443664551
0,617,-0.4452664256095886,-0.008109476417303085,0.375039666891098,-0.001646402757614851,3.7668607234954834,2.3256118297576904
0,618,-0.1801864355802536,-0.0013029522961005569,0.17851553857326508,0.0011592127848416567,1.773563265800476,0.4914095103740692
0,619,-0.41432633996009827,-0.00020844329264946282,0.180164635181427,0.0005406393902376294,1.7962398529052734,0.9061107635498047
0,620,-0.43531832098960876,0.011906461790204048,0.08555334806442261,-0.013333547860383987,0.9888689517974854,3.037097454071045
0,621,-0.3452490270137787,0.00021411242778412998,0.03181380778551102,0.0005053480854257941,0.31308457255363464,0.5112141370773315
0,622,-0.3018374443054199,-0.0002985763712786138,0.09699280560016632,0.0008517528185620904,0.9614105224609375,2.2365591526031494
0,623,-0.3243623375892639,1.8258645013702335e-06,0.1658695638179779,9.834766387939453e-07,1.6586859226226807,0.0026991707272827625
0,624,-0.46324288845062256,0.06753693521022797,0.30120155215263367,-0.012822408229112625,3.140239715576172,1.7566370964050293
0,625,-0.4161744713783264,0.0007602176629006863,0.00873441994190216,-0.023920131847262383,0.3265455365180969,1.8508275747299194
0,626,-0.4131205081939697,-0.0011816537007689476,0.020732104778289795,-0.0011184017639607191,0.21850506961345673,0.2086114138364792
0,627,-0.36691907048225403,0.0005227288929745555,0.1915747970342636,0.0006502447067759931,1.909245491027832,0.5684247016906738
0,628,-0.32577478885650635,-7.571299647679552e-05,0.1502479910850525,-0.0017138741677626967,1.5196187496185303,2.097813606262207
0,629,-0.33426129817962646,-0.0004234746447764337,0.07287010550498962,-0.0006876066327095032,0.7355771064758301,1.007845401763916
0,630,-0.44076722860336304,0.004148375242948532,0.07523831725120544,-0.011011666618287563,0.8624998927116394,2.1114392280578613
0,631,-0.24403563141822815,-0.0012317232321947813,0.5041483044624329,-0.00044167705345898867,5.045899868011475,0.8180446624755859
0,632,-0.33407947421073914,-0.005904484540224075,0.11888056248426437,0.00978916883468628,1.0909137725830078,2.623206615447998
0,633,-0.2548650801181793,-9.613131624064408e-06,0.12327589839696884,-1.2870463251601905e-05,1.2328875064849854,0.004664515145123005
0,634,-0.41589152812957764,0.0006992688286118209,0.12697863578796387,-0.0011830704752355814,1.2816170454025269,0.5104598999023438
0,635,-0.5664714574813843,-0.0014101180713623762,0.025957629084587097,-0.00047051580622792244,0.2642814517021179,0.11823703348636627
0,636,-0.30000001192092896,0.002633507829159498,0.10723209381103516,-0.002483968622982502,1.0971605777740479,1.4039008617401123
0,637,-0.37594860792160034,-0.0006472882814705372,0.03918690234422684,-0.0014706766232848167,0.4065757691860199,0.47316116094589233
0,638,-0.5367456674575806,-0.0002527078613638878,0.0032162507995963097,-0.0015797980595380068,0.04796048626303673,0.07643817365169525
0,639,-0.3403070867061615,-0.00017488806042820215,0.13043734431266785,-0.0003829855122603476,1.308203101158142,0.45335066318511963
0,640,-0.5179783701896667,-8.180136501323432e-05,0.02344474196434021,-1.639459514990449e-05,0.2346113622188568,0.25244998931884766
0,641,-0.3097255825996399,7.898567127995193e-05,0.16395249962806702,-4.5719869376625866e-05,1.639981985092163,0.36223480105400085
0,642,-0.49098095297813416,0.0007963422103784978,0.22280681133270264,0.00031401548767462373,2.2249279022216797,0.2035646140575409
0,643,-0.3721107542514801,0.0025588879361748695,0.10372130572795868,-0.005062950309365988,1.087842583656311,2.3907248973846436
0,644,-0.5455284714698792,-0.00010442482016514987,0.037606339901685715,-0.0006755026988685131,0.38281843066215515,0.13357549905776978
0,645,-0.16511598229408264,-0.0011233591940253973,0.17431491613388062,-0.0014146545436233282,1.7572956085205078,1.6310471296310425
0,646,-0.3728049397468567,-1.850875560194254e-05,0.0969279557466507,0.0002694270806387067,0.9665852785110474,0.4001363217830658
0,647,-0.34869661927223206,0.0015103602781891823,0.05465391278266907,0.001371751306578517,0.5328216552734375,1.0223772525787354
0,648,-0.3840892016887665,-0.00047684574383310974,0.06708334386348724,-0.002506394637748599,0.6958972811698914,1.832874059677124
0,649,-0.5656951069831848,-6.082314212108031e-05,0.002870370401069522,-0.0007503939559683204,0.036207642406225204,0.12146826088428497
0,650,-0.30000001192092896,0.0015922614838927984,0.0907142385840416,-0.004772723652422428,0.9548696875572205,1.765665888786316
0,651,-0.30000001192092896,0.00016290128405671567,0.027374479919672012,0.000856548547744751,0.265179306268692,0.09613177180290222
0,652,-0.21541747450828552,0.00049557164311409,0.1954028308391571,0.0010495143942534924,1.943533182144165,0.568463921546936
0,653,-0.5211479067802429,-0.0002152073720935732,0.034129392355680466,-0.0007524655666202307,0.3488186001777649,0.11190439760684967
0,654,-0.3834024965763092,-0.0020895558409392834,0.151930570602417,-0.01059233769774437,1.6252291202545166,0.46379444003105164
0,655,-0.4378744065761566,0.012402109801769257,0.02985560894012451,-0.027179783210158348,0.5703539252281189,1.7727044820785522
0,656,-0.4333063066005707,-0.00098905386403203,0.0238969624042511,-0.0006765706348232925,0.24573533236980438,0.3180495500564575
0,657,-0.25391995906829834,-0.0026007271371781826,0.06380951404571533,-0.0015556671423837543,0.653651773929596,0.5220727920532227
0,658,-0.24820268154144287,0.0017609870992600918,0.025811385363340378,0.0013653179630637169,0.24446067214012146,0.9019882082939148
0,659,-0.18631179630756378,-0.0004435239243321121,0.1570083200931549,-0.001544521888718009,1.5855282545089722,1.1102484464645386
0,660,-0.3378084897994995,-0.0011415028711780906,0.06784294545650482,3.2448948331875727e-05,0.6781048774719238,0.9726896286010742
0,661,-0.3969283998012543,-0.00029296905267983675,0.10367228835821152,0.00035165727604180574,1.0332063436508179,0.922916829586029
0,662,-0.41847583651542664,-0.0005937734968028963,0.027002504095435143,0.0002403449616394937,0.26762157678604126,0.3035740256309509
0,663,-0.1882101446390152,-0.0017703070770949125,0.15182700753211975,-0.0007837796001695096,1.5261077880859375,0.7731470465660095
0,664,-0.43257200717926025,0.00022813344548922032,0.10328268259763718,-0.000912846764549613,1.0419552326202393,0.8034889698028564
0,665,-0.3631371259689331,0.00048006087308749557,0.17243605852127075,0.00014081431436352432,1.7229523658752441,0.15292087197303772
0,666,-0.4627508521080017,0.0002188398939324543,0.03037884086370468,-0.000983646372333169,0.31362485885620117,0.22917667031288147
0,667,-0.37421324849128723,0.011623739264905453,0.11060278862714767,-0.02462170645594597,1.3522448539733887,1.8366512060165405
0,668,-0.5861011743545532,-0.0003079223388340324,0.030985746532678604,-0.0012140622129663825,0.32199808955192566,0.0794411450624466
0,669,-0.46986275911331177,-0.0003619141352828592,0.014545190148055553,-0.002595523139461875,0.17140713334083557,0.3357020318508148
0,670,-0.6495248675346375,-0.00018328723672311753,0.00043233612086623907,-0.0012358941603451967,0.016682302579283714,0.09108784049749374
0,671,-0.47939857840538025,-0.0005172411911189556,0.0069580464623868465,-0.0017352765426039696,0.08693322539329529,0.10993798822164536
0,672,-0.3996827006340027,0.0001997483050217852,0.025874679908156395,-3.9459111576434225e-05,0.2591414153575897,0.42756497859954834
0,673,-0.2965826690196991,-4.8520369091420434e-06,0.1867797076702118,4.501805960899219e-06,1.867751955986023,0.0021170841064304113
0,674,-0.376265287399292,0.0016286508180201054,0.09868734329938889,-0.00017519915127195418,0.9886254072189331,0.8583371639251709
0,675,-0.4047461450099945,-0.0006582475616596639,0.14291678369045258,0.00010376464342698455,1.4281301498413086,0.4322112500667572
0,676,-0.45714038610458374,-0.0010181573452427983,0.013964954763650894,-0.002263809321448207,0.1622876524925232,0.26018327474594116
0,677,-0.42781123518943787,0.0003228481509722769,0.1283200979232788,-4.421422636369243e-05,1.2836430072784424,0.40486013889312744
0,678,-0.24808482825756073,4.356598583399318e-05,0.14767198264598846,-1.4762083992536645e-05,1.476867437362671,0.004329358693212271
0,679,-0.5123752951622009,0.00034645252162590623,0.017915070056915283,0.0008806222467683256,0.17034447193145752,0.14149174094200134
0,680,-0.5744874477386475,-0.00013946357648819685,0.02563885971903801,-0.0003466109628789127,0.2598547339439392,0.08051954954862595
0,681,-0.44485071301460266,0.0009044762118719518,0.029873769730329514,-0.002755164634436369,0.3262892961502075,0.6231229305267334
0,682,-0.48893868923187256,-0.0005582635058090091,0.015277582220733166,-0.0021027394104748964,0.1738032102584839,0.1492195427417755
0,683,-0.3126203715801239,-0.004543069750070572,0.07044259458780289,-0.00851293932646513,0.7895553112030029,1.4234846830368042
0,684,-0.44190043210983276,0.00020728717208839953,0.003005286678671837,-1.0636111255735159e-05,0.030159231275320053,0.21034960448741913
0,685,-0.34884870052337646,8.903669368010014e-05,0.023123975843191147,0.00257271621376276,0.20551258325576782,0.5538567304611206
0,686,-0.34477850794792175,0.0064164139330387115,0.7878198027610779,-0.005390295293182135,7.932100296020508,2.316786289215088
0,687,-0.30000001192092896,-0.0004792191903106868,0.060364942997694016,-0.00038809579564258456,0.6075304746627808,1.2341933250427246
0,688,-0.504024863243103,-0.0003065663913730532,0.09233009070158005,7.768058276269585e-05,0.922524094581604,0.23135757446289062
0,689,-0.30000001192092896,-0.0009717846987769008,0.08355461061000824,0.002095535397529602,0.8145906925201416,0.6045095324516296
0,690,-0.46192750334739685,0.0002986703475471586,0.008957795798778534,-1.1480491593829356e-05,0.08969276398420334,0.2706834673881531
0,691,-0.5639480352401733,-0.00016841565957292914,0.01797080785036087,-0.002270268276333809,0.2024107426404953,0.14450989663600922
0,692,-0.30000001192092896,0.00017950727487914264,0.010203490033745766,-0.0020027756690979004,0.12206265330314636,0.1343010663986206
0,693,-0.3355509340763092,0.00039489963091909885,0.1351795345544815,0.0008531063795089722,1.3432643413543701,1.088273048400879
0,694,-0.1886385977268219,-0.000776509870775044,0.0823344737291336,-0.0003699983353726566,0.827044665813446,1.4659624099731445
0,695,-0.3846966028213501,0.003201940795406699,0.13557390868663788,0.0016302643343806267,1.339436411857605,2.136164426803589
0,696,-0.27324017882347107,-0.002635048236697912,0.04913976043462753,0.0018797189695760608,0.4726003408432007,1.1658174991607666
0,697,-0.37122929096221924,-0.0006778565584681928,0.06883837282657623,0.0002549108467064798,0.685834527015686,0.8187236785888672
0,698,-0.24448463320732117,0.0008362698717974126,0.11219517886638641,0.0005975216627120972,1.1159765720367432,1.2088629007339478
0,699,-0.42820653319358826,0.00028467446099966764,0.029439352452754974,1.4961154192860704e-05,0.2942439019680023,0.4493700861930847
0,700,-0.30000001192092896,8.504778816131875e-05,0.007976695895195007,-0.0004566179704852402,0.084333136677742,0.10342034697532654
0,701,-0.44796061515808105,0.000126636034110561,0.0016353996470570564,-0.00032678659772500396,0.01962186209857464,0.08459284156560898
0,702,-0.4721144139766693,-0.00033205695217475295,0.08035065233707428,0.0005756788305006921,0.7977496981620789,0.15168160200119019
0,703,-0.40835681557655334,-0.0018282504752278328,0.07414104044437408,-0.0017030693124979734,0.7584410905838013,1.6660594940185547
0,704,-0.5632467865943909,4.4947228161618114e-07,0.009184415452182293,0.0005583332967944443,0.08626081794500351,0.0893031507730484
0,705,-0.4584692418575287,-0.0006246360135264695,0.013215010985732079,0.0012217644834890962,0.11993246525526047,0.6181928515434265
0,706,-0.45534268021583557,0.0028981901705265045,0.02263806387782097,-0.0018842749996110797,0.24522337317466736,0.5805068016052246
0,707,-0.2578318417072296,0.0005623354809358716,0.12204893678426743,-0.0003336541703902185,1.2238258123397827,0.8673550486564636
0,708,-0.4704921245574951,0.01857824996113777,1.4455020427703857,0.001787972985766828,14.437139511108398,2.4878463745117188
0,709,-0.5655893087387085,-0.000629972608294338,0.017597638070583344,0.0029846560209989548,0.1461298167705536,0.19638608396053314
0,710,-0.5539684295654297,-0.00016642591799609363,0.011890720576047897,-0.0011266039218753576,0.1301732361316681,0.06010947376489639
0,711,-0.3603862226009369,2.4963333999039605e-05,0.1739421784877777,1.1156831533298828e-05,1.7393101453781128,0.0038330797106027603
0,712,-0.4753708243370056,0.0003101911279372871,0.004243948962539434,0.0013645224971696734,0.028794262558221817,0.11957889050245285
0,713,-0.5183245539665222,0.000461763353087008,0.014583775773644447,-0.001391144352965057,0.15974918007850647,0.5938288569450378
0,714,-0.26079440116882324,0.0006710248999297619,0.15518486499786377,0.0005663128686137497,1.5461857318878174,0.7896241545677185
0,715,-0.4874696135520935,0.0002671404217835516,0.1074339970946312,-0.0011721841292455792,1.0860618352890015,0.36845862865448
0,716,-0.5450614094734192,-0.0004814627463929355,0.012034542858600616,0.00015197529864963144,0.11882567405700684,0.2994351387023926
0,717,-0.30000001192092896,-0.0006569201941601932,0.029817378148436546,-0.032023586332798004,0.6184096336364746,2.7295682430267334
0,718,-0.5198853611946106,0.0003271841851528734,0.0058489046059548855,0.0011050072498619556,0.04743897169828415,0.1181977242231369
0,719,-0.5156177282333374,-0.0007667241152375937,0.006438854616135359,-0.0021184252109378576,0.08557280153036118,0.06802740693092346
0,720,-0.5481080412864685,0.0011261326726526022,0.06701637804508209,-0.00046210861182771623,0.6747848987579346,0.37143465876579285
0,721,-0.46489816904067993,0.00022008868108969182,0.12547171115875244,7.247117173392326e-05,1.2539923191070557,0.08592524379491806
0,722,-0.22173523902893066,0.002877596765756607,0.07631200551986694,-1.9478884496493265e-05,0.7633147239685059,1.774407148361206
0,723,-0.3093363642692566,0.0004680511774495244,0.14915333688259125,0.0011616580886766315,1.4799168109893799,0.5489552021026611
0,724,-0.30000001192092896,0.02177814207971096,0.03877434879541397,-0.02893112599849701,0.677054762840271,2.3253026008605957
0,725,-0.5040174722671509,0.0010703685693442822,0.01167178712785244,-0.0011507256422191858,0.12822511792182922,0.1883639544248581
0,726,-0.404889315366745,0.004306946415454149,0.10507425665855408,-0.0036235484294593334,1.0869781970977783,1.118052363395691
0,727,-0.3969880938529968,-0.00836612842977047,0.019974498078227043,-0.017853869125247,0.37828367948532104,2.5533523559570312
0,728,-0.46898841857910156,-0.07147443294525146,0.04226500540971756,-0.023048073053359985,0.6531307697296143,1.9129424095153809
0,729,-0.4607059359550476,-9.587639942765236e-05,0.0036026006564497948,-0.0011142890434712172,0.04716889560222626,0.12835443019866943
0,730,-0.4322282373905182,0.0034544914960861206,0.05926387757062912,-0.0035322224721312523,0.6279609203338623,2.5649497509002686
0,731,-0.5176869034767151,-0.00041997357038781047,0.03722512349486351,9.447458432987332e-05,0.37130650877952576,0.24466156959533691
0,732,-0.3615823984146118,0.000279759377008304,0.11948896944522858,0.0005752721335738897,1.1891369819641113,0.3811515271663666
0,733,-0.45834898948669434,-0.009516515769064426,0.05523156374692917,0.003715171478688717,0.5151638984680176,0.31293827295303345
0,734,-0.5719192624092102,-0.00018041876319330186,0.015519014559686184,-0.00022597445058636367,0.1574498862028122,0.0673135370016098
0,735,-0.39924386143684387,0.005267084576189518,0.29197958111763,-0.011925432831048965,3.0390501022338867,1.5007216930389404
0,736,-0.298676073551178,1.5267423805198632e-05,0.11667303740978241,0.0001288253115490079,1.1654419898986816,0.5340398550033569
0,737,-0.4125739336013794,-0.00025975197786465287,0.0954076498746872,-0.0005835824413225055,0.9599122405052185,0.7645286321640015
0,738,-0.5317440629005432,-0.0003547379747033119,0.0206462312489748,-0.0018214748706668615,0.22467705607414246,0.13970956206321716
0,739,-0.5513970255851746,-3.452138480497524e-05,0.011114610359072685,-0.000861389737110585,0.11975999176502228,0.11141251772642136
0,740,-0.39177677035331726,-0.0008182985475286841,0.016747627407312393,-0.029587578028440475,0.4633520543575287,1.7708858251571655
0,741,-0.20115327835083008,0.0004044240340590477,0.1470954716205597,0.0009973645210266113,1.4609811305999756,1.393012523651123
0,742,-0.17601054906845093,0.001660747453570366,0.5029903054237366,-0.0026100031100213528,5.056003093719482,0.2777456045150757
0,743,-0.3576921820640564,-0.001633553532883525,0.08183511346578598,-0.0017524458235129714,0.8358756303787231,1.2918442487716675
0,744,-0.30000001192092896,-0.0006384029984474182,0.015237685292959213,-0.0014508732128888369,0.1668855994939804,0.12315823137760162
0,745,-0.5110636353492737,-0.0005555285606533289,0.01629902422428131,-0.00017357864999212325,0.16472600400447845,0.171547994017601
0,746,-0.4446580410003662,-0.012966125272214413,0.07405605912208557,-0.0003439435677137226,0.7440000772476196,2.5610079765319824
0,747,-0.5662078857421875,-0.0006535742431879044,0.0022422883193939924,-0.003002045676112175,0.05244334042072296,0.09749969840049744
0,748,-0.4769926071166992,-0.0017945943400263786,0.0717836245894432,-0.01712961681187153,0.8891323804855347,2.8939356803894043
0,749,-0.1822974979877472,-0.0003962086047977209,0.25555068254470825,-0.0008541858987882733,2.5640485286712646,0.559271514415741
0,750,-0.4564022421836853,-9.792111086426303e-05,0.00971302017569542,-0.0019610458984971046,0.11674065887928009,0.09192948043346405
0,751,-0.3628816306591034,-0.012666504830121994,0.02745686285197735,-0.02674318663775921,0.5420004725456238,2.0986361503601074
0,752,-0.40125489234924316,-0.00341332470998168,0.04007561132311821,-0.002152389381080866,0.4222800135612488,2.0764713287353516
0,753,-0.5641775131225586,-0.0005454775528050959,0.010185607708990574,0.0013468032702803612,0.08838804066181183,0.13318616151809692
0,754,-0.30000001192092896,-0.0020231669768691063,0.06674902141094208,0.0035626895260065794,0.6318633556365967,1.868302345275879
0,755,-0.3459017872810364,-0.0009972697589546442,0.061409082263708115,-0.01029872801154852,0.7170780897140503,2.899019956588745
0,756,-0.30000001192092896,-0.0008706001099199057,0.046400900930166245,0.0010505921673029661,0.4535030722618103,0.2562658488750458
0,757,-0.5679318904876709,0.00014296261360868812,0.013284149579703808,-0.00023573967337142676,0.13519889116287231,0.06841506063938141
0,758,-0.5634322166442871,-0.0001435610029147938,0.008213890716433525,-0.0019915802404284477,0.10205470025539398,0.061894118785858154
0,759,-0.3106078505516052,3.689364530146122e-05,0.1823740303516388,-0.001056069741025567,1.8343008756637573,0.4095621705055237
0,760,-0.4224908947944641,-0.018587391823530197,0.10844030231237411,-0.010289540514349937,1.1872985363006592,2.303874969482422
0,761,-0.5438185334205627,-0.014145519584417343,0.2448859065771103,-0.013777540996670723,2.586634397506714,0.7452775239944458
0,762,-0.4974449574947357,-0.000683341349940747,0.007353132590651512,-0.003510087728500366,0.10863219946622849,0.059710659086704254
0,763,-0.38894039392471313,0.004616502672433853,0.07107281684875488,-0.009018823504447937,0.8009164333343506,2.4307687282562256
0,764,-0.4636305868625641,0.01747027039527893,0.042260002344846725,-0.026328153908252716,0.685881495475769,1.9386444091796875
0,765,-0.44972023367881775,5.098248220747337e-05,0.013102049939334393,-0.000585152069106698,0.13687202334403992,0.2746186852455139
0,766,-0.4574989378452301,0.00038360978942364454,0.012589304707944393,0.0003958377637900412,0.121934674680233,0.23574064671993256
0,767,-0.3869706988334656,-0.001416553626768291,0.07758016884326935,-7.818957783456426e-06,0.7758798003196716,0.4346734285354614
0,768,-0.5261111259460449,0.00024191284319385886,0.008144332095980644,-0.0014972107019275427,0.09641542285680771,0.22419653832912445
0,769,-0.4323703646659851,-0.014016764238476753,0.12696829438209534,-0.011096347123384476,1.3806464672088623,2.5630242824554443
0,770,-0.4299106299877167,2.3332406271947548e-05,0.07072076201438904,0.0010084586683660746,0.6971229910850525,0.2873241901397705
0,771,-0.4369121193885803,0.021835533902049065,0.13367804884910583,0.0009671341395005584,1.3271089792251587,2.535987615585327
0,772,-0.5560609102249146,-0.00511378888040781,0.3962991237640381,-0.007936717942357063,4.0423583984375,0.9389449954032898
0,773,-0.3484566807746887,-0.0023594300728291273,0.11990450322628021,0.0006231815787032247,1.1928131580352783,1.7152856588363647
0,774,-0.5070770978927612,-0.001767843379639089,0.00480242632329464,-0.0017420118674635887,0.06544438749551773,0.41185784339904785
0,775,-0.1908262073993683,-0.0002791225560940802,0.10698621720075607,-8.882377005647868e-05,1.0707504749298096,1.2502546310424805
0,776,-0.46543267369270325,-0.00789639912545681,0.02261790633201599,-0.03061327338218689,0.5323117971420288,2.4877877235412598
0,777,-0.5807176828384399,-0.03041401132941246,0.04352281987667084,-0.01568165235221386,0.5920447707176208,0.4070795178413391
0,778,-0.3417874574661255,0.0008818516507744789,0.017118915915489197,-0.002873967168852687,0.19992882013320923,0.7546126842498779
0,779,-0.48386460542678833,0.0004736855626106262,0.009132156148552895,0.0003676232590805739,0.08764531463384628,0.1931813359260559
0,780,-0.23733648657798767,0.0011277638841420412,0.11575713008642197,-0.0006414585513994098,1.1639858484268188,0.9056165218353271
0,781,-0.4190656542778015,-0.0007350306259468198,1.0762624740600586,4.2351195588707924e-05,10.762201309204102,1.4815330505371094
0,782,-0.3472207188606262,-0.000592755910474807,0.0464526042342186,0.0015711102169007063,0.44881492853164673,1.9650310277938843
0,783,-0.49936550855636597,-0.0002995051327161491,0.009655879810452461,-0.0013864868087694049,0.11042366921901703,0.1451539695262909
0,784,-0.5753321051597595,-1.3675809896085411e-05,0.008629362098872662,-0.00018249287677463144,0.0881185457110405,0.1255374550819397
0,785,-0.4428122341632843,-0.044292550534009933,0.9985026121139526,-0.012608373537659645,10.111109733581543,2.0371484756469727
0,786,-0.42376670241355896,-0.07425214350223541,0.6930990219116211,-0.007416016422212124,7.00515079498291,1.8251020908355713
0,787,-0.5719988942146301,3.8773290725657716e-05,0.009100141003727913,0.0001677870750427246,0.08932354301214218,0.08757015317678452
0,788,-0.44016411900520325,-0.002211823593825102,0.1334056258201599,-0.021748170256614685,1.5515379905700684,2.12992262840271
0,789,-0.47348400950431824,-0.0005901348195038736,0.08833515644073486,-0.0004422603524290025,0.8877741694450378,0.38285011053085327
0,790,-0.4888339340686798,-0.0006590710836462677,0.007538651581853628,-0.002150065265595913,0.09688716381788254,0.08378098905086517
0,791,-0.30000001192092896,-0.0017088332679122686,0.10038608312606812,-0.0014009142760187387,1.0178699493408203,0.6963255405426025
0,792,-0.29121237993240356,-0.00077719462569803,0.16082587838172913,0.0007088963175192475,1.6011698246002197,1.1616976261138916
0,793,-0.47484442591667175,0.0004095206968486309,0.011624078266322613,-0.0011261091567575932,0.12750187516212463,0.38612133264541626
0,794,-0.4149368405342102,0.013864866457879543,0.24773076176643372,-0.0027931001968681812,2.5052385330200195,1.5421785116195679
0,795,-0.4514816105365753,0.026717007160186768,0.25281476974487305,-0.010061405599117279,2.6287617683410645,1.7202582359313965
0,796,-0.3401152193546295,0.0007908742409199476,0.10443730652332306,-0.0004056361212860793,1.0484293699264526,0.627449631690979
0,797,-0.4567496180534363,0.01868773251771927,0.03910769894719124,-0.01418432965874672,0.5329203009605408,2.9008002281188965
0,798,-0.4217560291290283,0.023741155862808228,-0.006167533807456493,-0.03165949508547783,0.2549196183681488,1.0080235004425049
0,799,-0.45614057779312134,0.021044312044978142,0.0374055951833725,0.008013274520635605,0.29392319917678833,1.5804214477539062
0,800,-0.5680913925170898,-3.281769386376254e-05,0.004014098551124334,-0.0005382845993153751,0.04552382975816727,0.09489210695028305
0,801,-0.5636717677116394,0.0002051514748018235,0.007251172326505184,-0.00018755925702862442,0.0743873119354248,0.061853643506765366
0,802,-0.45315298438072205,0.0036176235880702734,0.0943765789270401,-0.004816187079995871,0.9919276237487793,2.41572904586792
0,803,-0.40696030855178833,-0.00041126995347440243,0.10984792560338974,-0.0002477930684108287,1.1009571552276611,0.41343510150909424
0,804,-0.3997689187526703,-0.00016060861526057124,0.04774933680891991,-0.0002812002203427255,0.48030537366867065,2.7963829040527344
0,805,-0.08789558708667755,0.00037631893064826727,0.1322314739227295,-0.0008473127381876111,1.330788016319275,1.4371466636657715
0,806,-0.30000001192092896,0.013480102643370628,0.19999079406261444,-0.015005281195044518,2.149960517883301,1.9594566822052002
0,807,-0.30000001192092896,-0.003834167495369911,0.09082021564245224,-0.017710311338305473,1.0853052139282227,1.2226941585540771
0,808,-0.44149720668792725,-0.009435384534299374,0.032207585871219635,-0.009766355156898499,0.41973942518234253,2.5677011013031006
0,809,-0.41304752230644226,-8.613830868853256e-05,0.012641727924346924,0.0022512171417474747,0.10390511155128479,0.26903030276298523
0,810,-0.569690465927124,-1.701604048776062e-07,0.013780593872070312,0.00020913283515255898,0.13571462035179138,0.03853968530893326
0,811,-0.5449678897857666,0.0011472813785076141,0.006426716223359108,0.00033827644074335694,0.060884397476911545,0.14864230155944824
0,812,-0.32936400175094604,-0.00396475475281477,0.06773873418569565,-0.0046456302516162395,0.7238435745239258,1.6376079320907593
0,813,-0.46711575984954834,0.0001732014789013192,0.10575749725103378,0.0006981719634495676,1.050593376159668,0.2068956345319748
0,814,-0.42572852969169617,0.018750770017504692,0.09177935123443604,-0.03172285109758377,1.235021948814392,2.285794258117676
0,815,-0.48635196685791016,0.0001880426425486803,0.007792873308062553,-0.00020464595581870526,0.0799751877784729,0.07191555947065353
0,816,-0.33000001311302185,0.001307543134316802,0.15331965684890747,0.00027952881646342576,1.5304012298583984,0.4678957164287567
0,817,-0.46482545137405396,0.033745747059583664,0.01872081123292446,-0.03842852637171745,0.57149338722229,1.522805094718933
0,818,-0.6000181436538696,-0.00021639090846292675,0.010012883692979813,-0.0009399453992955387,0.10952828824520111,0.09568163007497787
0,819,-0.429912269115448,0.010605452582240105,0.07578697800636292,0.0025528273545205593,0.7323415279388428,3.0760159492492676
0,820,-0.30000001192092896,0.00036226381780579686,0.010534929111599922,0.0015692015876993537,0.089657261967659,0.11059418320655823
0,821,-0.1415477693080902,4.855380393564701e-05,0.10159771144390106,0.0002654205309227109,1.0133228302001953,1.5867655277252197
0,822,-0.44554010033607483,-0.0019234884530305862,0.2838588356971741,-0.0001415445003658533,2.840003728866577,2.231260299682617
0,823,-0.4996374249458313,0.0024434486404061317,0.10299907624721527,0.002529796678572893,1.004692792892456,0.31690287590026855
0,824,-0.5036451816558838,-0.00031007357756607234,0.004593995399773121,-0.000919754384085536,0.05513749644160271,0.06966067850589752
0,825,-0.4786377251148224,-0.00041571760084480047,0.00013708785991184413,-0.0024611670523881912,0.02598254755139351,0.0406486801803112
0,826,-0.30000001192092896,0.024539625272154808,0.10493867099285126,-0.018369542434811592,1.2330821752548218,2.502020835876465
0,827,-0.5735470056533813,0.00016269144543912262,0.009768528863787651,0.0013171568280085921,0.08451371639966965,0.11230021715164185
0,828,-0.6607394814491272,0.000127424078527838,0.014439431950449944,0.0006722641992382705,0.13767167925834656,0.18551519513130188
0,829,-0.464110791683197,0.00448008393868804,0.03047133795917034,-0.05709546059370041,0.875667929649353,1.7860559225082397
0,830,-0.486459881067276,-0.0068804239854216576,0.4814518094062805,8.784568490227684e-05,4.8136396408081055,2.019800901412964
0,831,-0.5413171648979187,-0.0003636148467194289,0.0039037081878632307,-7.10040403646417e-05,0.03974711894989014,0.09794333577156067
0,832,-0.5316633582115173,0.0001672780344961211,0.0038642033468931913,-0.0012184912338852882,0.05082694813609123,0.13547930121421814
0,833,-0.28816840052604675,-0.002129555679857731,0.18855874240398407,-0.0026724503841251135,1.9123117923736572,1.1086559295654297
0,834,-0.5893175601959229,0.0002403023827355355,0.010356912389397621,0.0005101098213344812,0.09846802055835724,0.09745806455612183
0,835,-0.5531395673751831,-0.0003173070726916194,0.005491775926202536,-0.00022543637896887958,0.05717211961746216,0.08675135672092438
0,836,-0.5722176432609558,-0.00010090929572470486,0.007705875672399998,-0.0005393574247136712,0.08245232701301575,0.036397598683834076
0,837,-0.544002890586853,-0.00026315823197364807,0.0027928492054343224,-3.738949817488901e-05,0.0283023864030838,0.13677582144737244
0,838,-0.48160600662231445,0.0022526259999722242,0.07554377615451813,0.004541496746242046,0.7100226879119873,0.2713988423347473
0,839,-0.5700479745864868,-6.664020020252792e-06,0.004986399784684181,2.9308925149962306e-05,0.04957091063261032,0.07889861613512039
0,840,-0.568869411945343,-0.000396912160795182,0.008738508448004723,-0.002360629616305232,0.11099138110876083,0.10181251168251038
0,841,-0.4910088777542114,0.0007138372166082263,0.016128135845065117,0.0024052774533629417,0.1372285932302475,0.18260711431503296
0,842,-0.18852946162223816,0.0003029385698027909,0.26654013991355896,0.0006139543256722391,2.659261703491211,1.2353672981262207
0,843,-0.24658964574337006,0.00021846964955329895,0.1383787989616394,0.00038952630711719394,1.3798927068710327,0.5644137263298035
0,844,-0.25495675206184387,0.0009690674487501383,0.15265843272209167,0.0004650044138543308,1.5219342708587646,1.7282090187072754
0,845,-0.4470531642436981,0.013954145833849907,0.06648742407560349,-0.016354912891983986,0.8284233808517456,2.23152494430542
0,846,-0.2061823308467865,0.000365578627679497,0.132821187376976,0.00030891929054632783,1.3251227140426636,0.48457419872283936
0,847,-0.4477778971195221,0.000886601279489696,0.00587793905287981,0.00041099725058302283,0.054669417440891266,0.459182471036911
0,848,-0.38186970353126526,-0.0003032192471437156,0.018554914742708206,-0.0005894659552723169,0.1914438009262085,0.27265065908432007
0,849,-0.28972911834716797,4.380483005661517e-06,0.1405528485774994,-1.0066562481370056e-06,1.4055384397506714,0.0018150168471038342
0,850,-0.5640901923179626,-6.888433563290164e-05,0.004577063489705324,5.6849599786801264e-05,0.04520213603973389,0.05230196565389633
0,851,-0.42666104435920715,0.0022842278704047203,0.11870059370994568,0.0007490107091143727,1.1795158386230469,2.3818488121032715
0,852,-0.24740050733089447,-0.00022062694188207388,0.13523006439208984,3.74913215637207e-05,1.3519257307052612,1.1518146991729736
0,853,-0.2988763451576233,-3.516043216222897e-05,0.10644364356994629,7.338201157836011e-06,1.0643632411956787,0.002335922559723258
0,854,-0.19571693241596222,0.0029846420511603355,0.28428465127944946,-0.0008972235955297947,2.851818799972534,0.9721174240112305
0,855,-0.3938477635383606,0.00019511126447468996,0.009954388253390789,0.0002534025115892291,0.09700985997915268,0.4532011151313782
0,856,-0.49392813444137573,-0.0005835010670125484,0.0058689541183412075,0.00017620873404666781,0.056927453726530075,0.12780068814754486
0,857,-0.144734725356102,-0.001539844088256359,0.22295551002025604,-1.602579141035676e-05,2.229715347290039,1.1606080532073975
0,858,-0.5197036266326904,-0.0004478081245906651,0.004574703052639961,-1.1854688636958599e-05,0.04586557671427727,0.07084134221076965
0,859,-0.4270589053630829,0.001187467947602272,0.16641998291015625,0.000458739697933197,1.6596125364303589,0.5869510173797607
0,860,-0.3395354151725769,0.007431026082485914,0.05237741395831108,-0.0008285233634524047,0.532059371471405,2.209622859954834
0,861,-0.2976038157939911,-0.00046939426101744175,0.07032997906208038,-8.23165028123185e-05,0.7041229605674744,0.2800627648830414
0,862,-0.2909913659095764,-0.00025542423827573657,0.1568639576435089,1.8636386812431738e-05,1.568453073501587,0.3000493049621582
0,863,-0.30000001192092896,0.01005650032311678,0.07117106020450592,-0.017947006970643997,0.8911806344985962,1.709794282913208
0,864,-0.4731568396091461,-0.06966762244701385,-0.007574789226055145,-0.02947441302239895,0.21899622678756714,2.9039506912231445
0,865,-0.12064924091100693,-0.0008254301501438022,0.28955090045928955,-0.0013342313468456268,2.908851385116577,1.407456874847412
0,866,-0.5661657452583313,5.678011802956462e-05,0.0015671616420149803,-0.0012013416271656752,0.027685031294822693,0.07510794699192047
0,867,-0.5364900231361389,-0.00010487873805686831,0.004725511185824871,0.0016727596521377563,0.030527513474225998,0.06266622245311737
0,868,-0.5647595524787903,-0.00015030507347546518,0.0021798054222017527,1.3939212294644676e-05,0.02165866270661354,0.06946588307619095
0,869,-0.5204020142555237,-4.38121787738055e-05,0.0019236404914408922,-0.001105400500819087,0.030290408059954643,0.12123396247625351
0,870,-0.42697396874427795,0.0031052581034600735,0.05774254724383354,-0.005692511796951294,0.6343505382537842,1.9604495763778687
0,871,-0.5783706307411194,0.00037285458529368043,0.005464931018650532,-0.0002139028365490958,0.05678833648562431,0.07817597687244415
0,872,-0.31362277269363403,-3.0320129553729203e-06,0.13838928937911987,7.455340892192908e-06,1.3838183879852295,0.0036261877976357937
0,873,-0.4845939874649048,-0.00019809059449471533,0.08680228888988495,0.0006957501173019409,0.8610653877258301,0.336986243724823
0,874,-0.4679125249385834,0.01780582405626774,-0.012969592586159706,-0.043387483805418015,0.3041788935661316,1.4397263526916504
0,875,-0.30000001192092896,0.0013239848194643855,0.02175934426486492,0.0003146248054690659,0.21444720029830933,0.37622129917144775
0,876,-0.4789707660675049,0.01662243716418743,-0.006035828497260809,-0.03757718950510025,0.31541359424591064,1.4504526853561401
0,877,-0.30000001192092896,-0.0007081184885464609,0.004380205180495977,-0.0013498514890670776,0.05730056390166283,0.09796314686536789
0,878,-0.4703359603881836,-0.015533465892076492,0.17241913080215454,-0.010140030644834042,1.8255914449691772,2.1575074195861816
0,879,-0.5668402910232544,-0.0004708008491434157,0.006438984535634518,-0.0004479554481804371,0.06886939704418182,0.05061726272106171
0,880,-0.5565270781517029,-8.022332622203976e-05,0.0026239294093102217,6.919603038113564e-05,0.02554733119904995,0.07430817186832428
0,881,-0.41517528891563416,-0.0003030293737538159,0.004603460431098938,-0.002534380881115794,0.07137840986251831,0.18787693977355957
0,882,-0.45990726351737976,0.03345857560634613,0.16804520785808563,-0.059243761003017426,2.2728898525238037,1.3712338209152222
0,883,-0.5713686943054199,-0.00012660762877203524,0.007141436915844679,-0.00016001529002096504,0.0730145201086998,0.067679762840271
0,884,-0.45340996980667114,-0.193062424659729,0.020546086132526398,-0.037450529634952545,0.5799661874771118,2.12567400932312
0,885,-0.5940799713134766,4.066798646817915e-05,0.013290460221469402,-0.0003432398661971092,0.136337012052536,0.24245989322662354
0,886,-0.3530346751213074,-0.0005953396903350949,0.0066153379157185555,-0.000853268604259938,0.07468606531620026,0.1317940205335617
0,887,-0.45722007751464844,0.0037396340630948544,0.050877895206213,-0.03615531325340271,0.8703320026397705,1.7529882192611694
0,888,-0.565869927406311,0.0008286329684779048,0.0012626005336642265,-0.0012876682449132204,0.025502687320113182,0.050967611372470856
0,889,-0.44672393798828125,0.04555733501911163,-0.010627945885062218,-0.03143683448433876,0.20808887481689453,1.3732584714889526
0,890,-0.5042693018913269,0.0005950144841335714,0.003019053488969803,0.00015979423187673092,0.02859259396791458,0.11924539506435394
0,891,-0.29363736510276794,0.0010496489703655243,0.09134679287672043,-0.0009329153108410537,0.9227970838546753,0.5143186450004578
0,892,-0.588603138923645,0.00026634297682903707,0.004257299937307835,-0.00019482772040646523,0.0445212684571743,0.04633733630180359
0,893,-0.30000001192092896,0.0019292784854769707,0.13272158801555634,-0.0021923393942415714,1.3491392135620117,0.8003820180892944
0,894,-0.5269135236740112,-0.0002508566831238568,0.006586607079952955,-1.2355546459730249e-05,0.06598962843418121,0.09782880544662476
0,895,-0.2967357039451599,-5.944503755017649e-06,0.11681026220321655,3.5928360375692137e-07,1.1680991649627686,0.0030910889618098736
0,896,-0.5548424124717712,-0.0006274793413467705,0.006439402233809233,0.0015685739926993847,0.04870827496051788,0.0832512229681015
0,897,-0.09698136895895004,0.0005421204259619117,0.126360684633255,-3.75923264073208e-05,1.2639826536178589,0.4294891357421875
0,898,-0.21693332493305206,-0.00014567715697921813,0.12430199980735779,0.00013888379908166826,1.241631269454956,0.0069815656170248985
0,899,-0.5568867325782776,0.00036822710535489023,0.007414083927869797,-0.0018693800084292889,0.09283464401960373,0.13976679742336273
0,900,-0.5630375742912292,-0.0006264985422603786,0.08278663456439972,-0.0006522618932649493,0.8343889713287354,0.35270389914512634
0,901,-0.44550251960754395,-0.0004481630749069154,0.11161091178655624,-6.59148718114011e-05,1.11676824092865,1.0486345291137695
0,902,-0.6109623312950134,-0.0002558357664383948,-0.0007750438526272774,-0.00480361795052886,0.040285736322402954,0.1412070244550705
0,903,-0.1951727569103241,-0.003461358603090048,0.3475705087184906,-0.0007643931894563138,3.483348846435547,1.5558280944824219
0,904,-0.3442225158214569,0.007498302962630987,0.1775074303150177,-0.0004441634227987379,1.7795159816741943,2.1643295288085938
0,905,-0.46092936396598816,0.043660085648298264,0.014764361083507538,-0.009749138727784157,0.24513499438762665,1.3687238693237305
0,906,-0.13139991462230682,0.0011128447949886322,0.43606019020080566,-0.00021542029571719468,4.36275577545166,1.2410634756088257
0,907,-0.07075001299381256,-0.0011275506112724543,0.2056320607662201,-0.0004525714321061969,2.0608463287353516,1.182607650756836
0,908,-0.11670822650194168,0.00011969220940954983,0.3012091815471649,5.678128218278289e-05,3.011523962020874,1.0467199087142944
0,909,-0.20500630140304565,0.0003649881109595299,0.17989623546600342,-0.00033534978865645826,1.8023157119750977,1.3676981925964355
0,910,-0.5681195855140686,0.00012634509766940027,0.003394342726096511,-4.155770056968322e-06,0.03398498520255089,0.04582611471414566
0,911,-0.47260886430740356,0.03013147972524166,0.04215964674949646,-0.021718649193644524,0.6387829184532166,1.4956557750701904
0,912,-0.15861980617046356,-0.001292918692342937,0.25681835412979126,-0.0008727626409381628,2.576910972595215,0.7478174567222595
0,913,-0.49850550293922424,0.0002027103619184345,0.005931030958890915,-9.509758092463017e-05,0.06026129052042961,0.20356421172618866
0,914,-0.5583866238594055,1.2257156413397752e-05,0.0034986890386790037,-0.0005554308881983161,0.04054119437932968,0.0993315801024437
0,915,-0.5794247984886169,6.357448728522286e-05,0.004193819127976894,0.0005997601547278464,0.035940587520599365,0.0296365674585104
0,916,-0.5658367276191711,0.00025157752679660916,0.0029049066361039877,0.000841824512463063,0.020630817860364914,0.029429789632558823
0,917,-0.447765588760376,0.0923592671751976,-0.04764583706855774,-0.05481867119669914,0.07172831892967224,1.9400228261947632
0,918,-0.41612401604652405,0.008058312349021435,0.06867385655641556,-0.03022051975131035,0.9889436960220337,2.164429187774658
0,919,-0.523577094078064,-0.00036868511233478785,0.0009247017442248762,-0.00133341399487108,0.022581156343221664,0.06372617185115814
0,920,-0.16796351969242096,-0.0003497233847156167,0.1750766485929489,-0.0004405114450491965,1.755171298980713,0.32962125539779663
0,921,-0.1191524863243103,8.719651668798178e-05,0.22322770953178406,5.3010862757219e-05,2.2317466735839844,0.8842958807945251
0,922,-0.30000001192092896,0.053108762949705124,0.18115630745887756,-0.038742125034332275,2.198984146118164,0.888164758682251
0,923,-0.555831789970398,-0.00023809789854567498,0.00864472333341837,0.0015458050183951855,0.07098918408155441,0.07557709515094757
0,924,-0.3663843274116516,-0.00033058805274777114,0.08806421607732773,-0.0006620268104597926,0.8872624635696411,0.2652682662010193
0,925,-0.5607662200927734,0.0005079457769170403,0.0033938109409064054,0.00014203623868525028,0.03251774609088898,0.055727943778038025
0,926,-0.5318498015403748,0.0011518483515828848,0.008682390674948692,-0.0005928369355387986,0.09275227040052414,0.12203647941350937
0,927,-0.4639871418476105,6.174901500344276e-05,0.008983606472611427,0.0022827908396720886,0.06700815260410309,0.1649688184261322
0,928,-0.5028855800628662,0.0006165492231957614,0.0057648527435958385,0.0013365033082664013,0.04428349435329437,0.07478323578834534
0,929,-0.30000001192092896,0.062531977891922,0.08273807168006897,-0.04298054426908493,1.2571861743927002,0.5111176371574402
0,930,-0.5701315402984619,-0.0005963552393950522,0.06208792328834534,-0.0011580786667764187,0.6324600577354431,0.3492768406867981
0,931,-0.5818467736244202,-0.0002924476284533739,0.006484841462224722,-0.0006392167415469885,0.07124057412147522,0.11067573726177216
0,932,-0.5674951076507568,0.0007869386463426054,0.001524168299511075,-0.004021252505481243,0.055454205721616745,0.06793153285980225
0,933,-0.5671331286430359,0.00028051980189047754,0.006178512237966061,0.0005666406941600144,0.05611871927976608,0.03550751507282257
0,934,-0.17968425154685974,0.0007997906650416553,0.13553345203399658,0.00032831565476953983,1.3520514965057373,0.5091202259063721
0,935,-0.2563951313495636,0.0009346615988761187,0.24137020111083984,-0.0004776210989803076,2.418478488922119,1.1308425664901733
0,936,-0.37846943736076355,0.00032380950869992375,0.018471231684088707,-6.294580816756934e-05,0.18534177541732788,0.3538402318954468
0,937,-0.5735697746276855,-0.00020588205370586365,0.002604362554848194,0.0006366214947775006,0.019677411764860153,0.05214341729879379
0,938,-0.3174298405647278,-0.0001770750095602125,0.08070682734251022,-0.0006401027785614133,0.8134692907333374,0.5972683429718018
0,939,-0.20490112900733948,0.0007050553103908896,0.1410929411649704,-0.00011078017996624112,1.4120372533798218,1.1355971097946167
0,940,-0.39509230852127075,0.005670787300914526,0.06824823468923569,-0.022640854120254517,0.9088908433914185,1.3923100233078003
0,941,-0.41875985264778137,-0.0009012076770886779,0.02330409735441208,-0.0012730651069432497,0.2457716166973114,0.42161914706230164
0,942,-0.28783851861953735,-6.530486280098557e-05,0.1471683233976364,-7.1271015258389525e-06,1.4717544317245483,0.004779946990311146
0,943,-0.18049684166908264,0.000742370611988008,0.12626348435878754,2.6175539460382424e-05,1.2623729705810547,1.1786720752716064
0,944,-0.41190603375434875,-0.001977349864318967,0.03309459611773491,-0.02848239801824093,0.6157699227333069,1.9094865322113037
0,945,-0.4213331341743469,-0.00015933840768411756,0.12180621922016144,-0.00012015458196401596,1.2192637920379639,0.16722020506858826
0,946,-0.5806641578674316,2.943676918221172e-05,0.00405237078666687,-0.0001534049806650728,0.04205775260925293,0.030980341136455536
0,947,-0.5424719452857971,0.0005903493147343397,0.005452675279229879,-0.0057136500254273415,0.11166324466466904,0.17055265605449677
0,948,-0.5453362464904785,0.00022621142852585763,0.006751127075403929,-0.00022708460164722055,0.06978212296962738,0.05722224339842796
0,949,-0.1917508989572525,-0.0005687028169631958,0.12570223212242126,-0.00017703077173791826,1.2587926387786865,1.3592771291732788
0,950,-0.5870330929756165,0.00018836208619177341,0.004270149394869804,-0.00022747284674551338,0.04497622698545456,0.03455210477113724
0,951,-0.5663220882415771,-5.443095574264589e-07,0.006591462995857,0.000311915238853544,0.0627954751253128,0.06203419715166092
0,952,-0.19946230947971344,0.00012342236004769802,0.18964344263076782,-0.00015776936197653413,1.8980121612548828,0.8757044672966003
0,953,-0.4857307970523834,-0.0003643185773398727,0.008363897912204266,0.001102210721001029,0.07261686772108078,0.15142731368541718
0,954,-0.2835029363632202,1.5066907508298755e-05,0.16089965403079987,-1.866370439529419e-06,1.6090152263641357,0.0042112767696380615
0,955,-0.5634819865226746,0.0009731575846672058,0.00539657985791564,-0.0033555328845977783,0.08752112835645676,0.08649127185344696
0,956,-0.17729336023330688,-0.0006527308723889291,0.17162738740444183,-0.0013143280521035194,1.729417085647583,1.7154088020324707
0,957,-0.5587926506996155,0.000182613410288468,0.004289407283067703,0.0008785476675257087,0.03410860151052475,0.08333458751440048
0,958,-0.3159995377063751,-0.006565184332430363,0.11882301419973373,-0.0037294726353138685,1.22552490234375,2.5794601440429688
0,959,-0.3620171844959259,0.0006318243686109781,0.14312128722667694,-6.339409446809441e-05,1.4318468570709229,0.5582935810089111
0,960,-0.5856804847717285,6.858415872557089e-05,0.022507941350340843,-0.0012320470996201038,0.2373998761177063,0.22930030524730682
0,961,-0.567661702632904,9.675026376498863e-05,0.0027094546239823103,-0.0007983776740729809,0.035078324377536774,0.04407623037695885
0,962,-0.5817670226097107,0.00010730910435086116,0.0030735977925360203,0.0003211796283721924,0.027524180710315704,0.040290139615535736
0,963,-0.5810145735740662,-8.159142453223467e-06,0.001971072982996702,-0.0012737363576889038,0.032448094338178635,0.04843560978770256
0,964,-0.3238554298877716,-7.964204996824265e-06,0.156999871134758,0.0002887331647798419,1.5671113729476929,0.658927321434021
0,965,-0.5710431337356567,-8.836929191602394e-05,0.003776233410462737,-0.0009210482239723206,0.046972811222076416,0.05553260073065758
0,966,-0.47192203998565674,0.0004493964952416718,0.09814530611038208,-0.0007517206249758601,0.9889702796936035,0.38079357147216797
0,967,-0.565794825553894,8.359006460523233e-05,0.07876275479793549,-0.0007425314979627728,0.7950528860092163,0.1494150012731552
0,968,-0.6092351675033569,0.00020783084619324654,0.015746407210826874,0.002300277352333069,0.13446128368377686,0.2429632991552353
0,969,-0.5541953444480896,6.10676797805354e-05,0.005091349594295025,0.0016468631802126765,0.034444861114025116,0.04687553644180298
0,970,-0.4778875708580017,0.00035567162558436394,0.014618932269513607,-3.018975257873535e-05,0.14649122953414917,0.09305387735366821
0,971,-0.578256368637085,0.0003127316012978554,0.0020633568055927753,-0.0010204961290583014,0.030838526785373688,0.041431304067373276
0,972,-0.5666043758392334,-0.00017081077385228127,0.011192369274795055,0.000787026365287602,0.10405340790748596,0.08784859627485275
0,973,-0.32527855038642883,0.00016982827219180763,0.0734885185956955,-9.983136260416359e-05,0.7358834743499756,0.6502387523651123
0,974,-0.5603250861167908,-0.00047054546303115785,0.006192436441779137,0.0011651250533759594,0.050273116677999496,0.06534384936094284
0,975,-0.5647362470626831,-6.725639832438901e-05,0.004366015084087849,1.4445841770793777e-05,0.04351569339632988,0.044652678072452545
0,976,-0.5779350399971008,-0.00019368340144865215,0.002103035803884268,-4.586254362948239e-07,0.02103494480252266,0.03013620153069496
0,977,-0.5755398869514465,0.00015939683362375945,0.004948566667735577,0.0007428924436680973,0.04205673933029175,0.03798224404454231
0,978,-0.30000001192092896,0.014845735393464565,0.04967369884252548,-0.025895029306411743,0.7556872367858887,1.7492679357528687
0,979,-0.571392297744751,0.00891203060746193,0.08211861550807953,-0.013911228626966476,0.9602982997894287,0.3337179124355316
0,980,-0.5699306726455688,0.0005392841994762421,0.00408328277990222,-0.00019230280304327607,0.0427558533847332,0.06356864422559738
0,981,-0.5879279375076294,-0.0001115895138354972,0.005230634473264217,-0.0002296691236551851,0.054603032767772675,0.030598102137446404
0,982,-0.5862607359886169,8.270344551419839e-05,0.0030509387142956257,-0.0004277461557649076,0.03478684648871422,0.04181431978940964
0,983,-0.3800904452800751,-0.02496299147605896,0.08864931762218475,-0.01963181421160698,1.0828113555908203,1.8372914791107178
0,984,-0.5185092687606812,0.004977718461304903,0.13468468189239502,-0.0025659294333308935,1.372506022453308,0.8874169588088989
0,985,-0.5579701662063599,-0.00013136670168023556,0.003949953243136406,-0.0005930133047513664,0.04542966187000275,0.05396685749292374
0,986,-0.43156668543815613,0.0010611361358314753,0.027861259877681732,-0.0003511524701025337,0.2821241319179535,0.9234602451324463
0,987,-0.5591782927513123,-0.0010619277600198984,0.008234788663685322,0.001667901873588562,0.06566886603832245,0.11708439886569977
0,988,-0.19745013117790222,-0.0002591880038380623,0.20504431426525116,-0.0008295973530039191,2.058739185333252,0.5361363291740417
0,989,-0.380221426486969,-0.0004372582770884037,0.12692594528198242,0.0004875627055298537,1.2643837928771973,0.3042164444923401
0,990,-0.4805094003677368,-5.710545156034641e-05,0.07160557806491852,-0.00025722841382957995,0.7186281085014343,0.07935211062431335
0,991,-0.14489851891994476,-0.001231228350661695,0.18182580173015594,-0.0008097257814370096,1.826355218887329,1.3447442054748535
0,992,-0.4013769030570984,0.0012650353601202369,0.08953788131475449,-9.296918142354116e-05,0.896308422088623,0.34233734011650085
0,993,-0.1747955083847046,-0.000576855381950736,0.2184206247329712,-0.0010602388065308332,2.1948084831237793,1.2653436660766602
0,994,-0.4701355993747711,0.00019753127708099782,0.00946778617799282,-0.0017341350903734565,0.11201920360326767,0.17669135332107544
0,995,-0.24316495656967163,-0.0005077986279502511,0.15986452996730804,-0.0002828571596182883,1.6014738082885742,1.019386649131775
0,996,-0.1610984057188034,-0.001182078500278294,0.13913773000240326,0.00014568906044587493,1.3899204730987549,1.5159944295883179
0,997,-0.5532313585281372,-0.000368797336705029,0.0064346990548074245,-0.0009358443203382194,0.07370543479919434,0.11470668017864227
0,998,-0.5802858471870422,7.329128129640594e-05,0.0020621789153665304,-0.0004180902033112943,0.024802688509225845,0.04325127229094505
0,999,-0.5723130702972412,0.0006371319177560508,0.004027348943054676,-0.000417474249843508,0.044448234140872955,0.052361711859703064
0,1000,-0.2940200865268707,1.1202412679267582e-05,0.13931748270988464,-3.89168690162478e-06,1.3932136297225952,0.0036120458971709013
0,1001,-0.10101359337568283,0.0008620255393907428,0.15743395686149597,0.0011226609349250793,1.5631129741668701,1.2929977178573608
0,1002,-0.5661957859992981,-3.52748429577332e-05,0.01120890211313963,0.0012918412685394287,0.09917061775922775,0.2864634692668915
0,1003,-0.3947024643421173,0.00029393803561106324,0.12869834899902344,-0.0008176482515409589,1.2951600551605225,0.9991630911827087
0,1004,-0.5758315324783325,0.0004073062154930085,0.0019049191614612937,-0.002125165658071637,0.040300846099853516,0.05245296284556389
0,1005,-0.1887717843055725,-4.958012141287327e-05,0.33367523550987244,0.0002853373880498111,3.3338985443115234,0.8241028785705566
0,1006,-0.47689881920814514,0.0005778548656962812,0.0034278836101293564,-0.0009202021174132824,0.04348085820674896,0.14780032634735107
0,1007,-0.1859884262084961,-0.0005067058373242617,0.11642128229141235,-0.00018426947644911706,1.1660555601119995,1.629102110862732
0,1008,-0.5656876564025879,-0.0005551293725147843,0.003640627022832632,-0.0002913243370130658,0.039319511502981186,0.066390261054039
0,1009,-0.25202664732933044,-0.00011769361299229786,0.05817984789609909,-0.005848298780620098,0.6402814388275146,1.7604386806488037
0,1010,-0.5662171840667725,0.0003426770563237369,0.005255469121038914,-0.0009442634182050824,0.061997320502996445,0.09952980279922485
0,1011,-0.44719386100769043,-0.0020736614242196083,0.04643046483397484,-0.0036422195844352245,0.5007268190383911,0.15200446546077728
0,1012,-0.279466837644577,-0.0002932666102424264,0.127201646566391,0.00033161212923005223,1.268700361251831,0.7550637722015381
0,1013,-0.5737454295158386,-0.00022586266277357936,0.004771860782057047,-0.0014710798859596252,0.06242940574884415,0.04930660128593445
0,1014,-0.5459340810775757,-0.0003170184209011495,0.0024600306060165167,-0.0008472974295727909,0.03307327628135681,0.12112276256084442
0,1015,-0.5808221101760864,-0.00017217561253346503,0.0038994899950921535,0.0004287991614546627,0.034706905484199524,0.03290695697069168
0,1016,-0.19150429964065552,-0.0005406660493463278,0.27748170495033264,0.0012115886202082038,2.7627010345458984,0.4806241989135742
0,1017,-0.43179401755332947,-0.0006310619646683335,0.013322150334715843,0.002830702578648925,0.10491447150707245,0.1915554702281952
0,1018,-0.5634862184524536,-0.008551573380827904,0.0018493997631594539,-0.007811110466718674,0.09660510718822479,0.21580186486244202
0,1019,-0.1447354257106781,0.00024100042355712503,0.11232840269804001,-0.0019186412682756782,1.142470359802246,1.2959693670272827
0,1020,-0.4749591052532196,0.02002110704779625,0.03621900826692581,-0.05382435768842697,0.9004335403442383,2.08884334564209
0,1021,-0.478312224149704,-0.01583229750394821,-0.04580551013350487,-0.05057840049266815,0.047728896141052246,2.600006580352783
0,1022,-0.3191770315170288,5.10514946654439e-05,0.11095517873764038,8.970375347416848e-05,1.1086548566818237,0.4292997121810913
0,1023,-0.5703680515289307,0.00032923484104685485,0.0036687031388282776,-0.0007004373474046588,0.04369140416383743,0.06689479947090149
0,1024,-0.5807632207870483,5.763800800195895e-05,0.0035199038684368134,0.0011834304314106703,0.023364735767245293,0.044118594378232956
0,1025,-0.523160994052887,-6.957631558179855e-05,0.0025160859804600477,0.00016766786575317383,0.023484181612730026,0.04173136502504349
0,1026,-0.5586832761764526,0.0002655366843100637,0.0002222048060502857,-0.003209175541996956,0.034313805401325226,0.13323822617530823
0,1027,-0.5369523763656616,0.0004872257704846561,0.0033205102663487196,0.0006410529604181647,0.026794571429491043,0.08358191698789597
0,1028,-0.43871957063674927,0.0003411835932638496,0.03378521651029587,-0.0006622837390750647,0.34447500109672546,0.11907294392585754
0,1029,-0.5800015330314636,-1.861340570030734e-05,0.0018298665527254343,-6.598234176635742e-05,0.01895848661661148,0.03322490304708481
0,1030,-0.5662147402763367,0.00012740486999973655,0.0010592894395813346,-0.001365660922601819,0.024249501526355743,0.04082176089286804
0,1031,-0.5697886347770691,-8.705153595656157e-05,0.008152390830218792,-0.0011077441740781069,0.09260134398937225,0.07253499329090118
0,1032,-0.2529505789279938,0.00011655273556243628,0.15924203395843506,-6.078514707041904e-05,1.5930280685424805,0.0075238412246108055
0,1033,-0.4452418386936188,0.0001398279273416847,0.006257062312215567,-0.0025839393492788076,0.08841001242399216,0.14895693957805634
0,1034,-0.5175946950912476,0.000267189898295328,0.0012553513515740633,-0.001506855129264295,0.02762206457555294,0.0996062308549881
0,1035,-0.15073320269584656,-0.00013376388233155012,0.1736305058002472,8.646812057122588e-05,1.7354402542114258,1.1657198667526245
0,1036,-0.19840624928474426,-0.0015380604891106486,0.18229703605175018,0.00044233602238819003,1.8185471296310425,0.9733465909957886
0,1037,-0.45872798562049866,0.02195063978433609,0.3444884419441223,0.0033155912533402443,3.4117283821105957,1.2543805837631226
0,1038,-0.0942397490143776,0.0013979211216792464,0.1525973230600357,-4.677971446653828e-05,1.526440978050232,1.0326050519943237
0,1039,-0.5342862010002136,0.0006773590575903654,0.007732081227004528,-0.0006718644290231168,0.08403944969177246,0.08471451699733734
0,1040,-0.5785617828369141,-0.00022412691032513976,0.0029903713148087263,0.00011485980212455615,0.02875511348247528,0.033891864120960236
0,1041,-0.2997124195098877,-6.233268777577905e-06,0.14821094274520874,1.0138584002561402e-05,1.4820079803466797,0.003076092340052128
0,1042,-0.48282772302627563,0.015509035438299179,0.05350026488304138,-0.07634834200143814,1.2984861135482788,2.740476608276367
0,1043,-0.5665495991706848,-0.0005959381232969463,0.0024321135133504868,0.00015084611368365586,0.022812671959400177,0.03955160826444626
0,1044,-0.5755484104156494,-0.00026945839636027813,0.002665715292096138,-0.0014720095787197351,0.041377246379852295,0.048885248601436615
0,1045,-0.5432634949684143,-9.724465053295717e-05,0.006856692023575306,-0.00011322065256536007,0.06969912350177765,0.09589776396751404
0,1046,-0.46509748697280884,5.4304415243677795e-05,0.003786142449826002,0.0004205472068861127,0.03365595266222954,0.07774951308965683
0,1047,-0.3332342207431793,0.00022059708135202527,0.15300032496452332,-0.0007959757931530476,1.5379629135131836,0.679189920425415
0,1048,-0.3364987373352051,-0.0004469765117391944,0.13227057456970215,-0.00016980990767478943,1.3244037628173828,0.533454418182373
0,1049,-0.4582366645336151,-1.6759933714638464e-05,0.001680881716310978,-0.00020057297660969198,0.01881454698741436,0.09100900590419769
0,1050,-0.3927553594112396,0.0001441928034182638,0.12851238250732422,-0.0002836469211615622,1.2879602909088135,0.8550252914428711
0,1051,-0.30000001192092896,-0.0011153079103678465,0.07269957661628723,-0.0006957302684895694,0.7339529991149902,0.6773718595504761
0,1052,-0.15435165166854858,9.867046901490539e-05,0.07125402987003326,-0.0017217298736795783,0.72975754737854,1.4028624296188354
0,1053,-0.44357696175575256,-0.009811614640057087,0.023032983765006065,-0.03602948039770126,0.5906246304512024,1.3259341716766357
0,1054,-0.5680965781211853,0.0002271105768159032,0.0030479743145406246,0.0003884236211888492,0.026595506817102432,0.045254334807395935
0,1055,-0.2959619164466858,-0.00032921272213570774,0.11130978167057037,1.298015376960393e-05,1.1129679679870605,0.36850476264953613
0,1056,-0.13779829442501068,-0.00042349984869360924,0.2883663475513458,-0.0003682076930999756,2.887345790863037,0.3703545033931732
0,1057,-0.44533708691596985,0.006810234859585762,-0.06897920370101929,-0.0822359025478363,0.13256701827049255,1.9176667928695679
0,1058,-0.30000001192092896,9.706889613880776e-06,0.005257702898234129,-0.00011002436804119498,0.0536772720515728,0.1636020541191101
0,1059,-0.5658405423164368,9.597299504093826e-05,0.004753993358463049,-0.0005474885692819953,0.05301482230424881,0.06979283690452576
0,1060,-0.4962601065635681,-0.00017818433116190135,0.023563271388411522,0.00047956075286492705,0.23083710670471191,0.21880486607551575
0,1061,-0.5817276835441589,-1.743434950185474e-05,0.0026714541018009186,0.0003913293476216495,0.022801248356699944,0.05611857771873474
0,1062,-0.4344880282878876,0.0005124368472024798,0.0052664149552583694,-0.0026701060123741627,0.07936521619558334,0.17385290563106537
0,1063,-0.5750887989997864,3.125489456579089e-05,0.0025198962539434433,0.0002266963419970125,0.02293199673295021,0.031023453921079636
0,1064,-0.5848983526229858,-0.00016557150229346007,0.0029139984399080276,-0.0003106593794655055,0.032246582210063934,0.08243618905544281
0,1065,-0.5504716634750366,-0.0003093320701736957,0.008042625151574612,-0.00499597005546093,0.13038596510887146,0.113564133644104
0,1066,-0.4246765673160553,-9.210602001985535e-05,0.002185721416026354,-0.0005486019654199481,0.027343234047293663,0.03600224852561951
0,1067,-0.5835682153701782,-0.000227814307436347,0.0011468492448329926,-0.0014058451633900404,0.025526944547891617,0.05419479310512543
0,1068,-0.5560193061828613,-0.003062981879338622,0.034274112433195114,0.00022701258421875536,0.3404709994792938,0.21318762004375458
0,1069,-0.5263074040412903,-4.4288077333476394e-05,0.0016648749588057399,-5.186597627471201e-05,0.017167409881949425,0.18344098329544067
0,1070,-0.570669412612915,-0.0003086785727646202,0.0032891412265598774,-0.0019889716058969498,0.0527811273932457,0.05212697014212608
0,1071,-0.5564653873443604,-4.7749781515449286e-05,0.009421898983418941,-0.0035939794033765793,0.13015878200531006,0.17521892488002777
0,1072,-0.5528271198272705,1.6371137462556362e-05,0.016738077625632286,0.0005268289241939783,0.16211247444152832,0.11957186460494995
0,1073,-0.4686827063560486,-0.013363726437091827,-0.013995563611388206,-0.046498771756887436,0.3250320851802826,0.991121768951416
0,1074,-0.24319946765899658,-0.0002734872978180647,0.12357189506292343,-0.0002634756965562701,1.2383536100387573,0.39464718103408813
0,1075,-0.30000001192092896,0.015270660631358624,0.1109718531370163,-0.029144903644919395,1.401167392730713,1.0557312965393066
0,1076,-0.20255547761917114,5.889958265470341e-05,0.10293828696012497,-6.387714529410005e-05,1.0300216674804688,0.02615993097424507
0,1077,-0.4459640085697174,0.007396390195935965,-0.03576047345995903,-0.053963374346494675,0.18202897906303406,1.0507577657699585
0,1078,-0.4065825641155243,3.4738775866571814e-05,0.06960644572973251,-0.017917629331350327,0.8752407431602478,1.6251745223999023
0,1079,-0.5784361362457275,0.00045986520126461983,0.0011274316348135471,-0.0016945519018918276,0.028219833970069885,0.06930740922689438
0,1080,-0.3848150372505188,-0.001192689873278141,0.10162520408630371,-0.00015341080143116415,1.0177862644195557,0.17737530171871185
0,1081,-0.4790433943271637,0.02166343480348587,-0.013133364729583263,-0.059797242283821106,0.4666387736797333,2.8534345626831055
0,1082,-0.5839062929153442,0.0003621228679548949,0.001984670292586088,-0.00034137896727770567,0.023260489106178284,0.03493395447731018
0,1083,-0.1356077790260315,-0.00012902115122415125,0.12659448385238647,0.00012451742077246308,1.2646996974945068,0.31013429164886475
0,1084,-0.4718438386917114,0.008133862167596817,0.03660980239510536,-0.02269544079899788,0.5930523872375488,2.0413780212402344
0,1085,-0.30132195353507996,-0.00014544682926498353,0.1203315258026123,0.00040869004442356527,1.1992285251617432,0.7380704879760742
0,1086,-0.5651663541793823,-0.0001919057103805244,0.0010957682970911264,-9.883278835332021e-05,0.011946010403335094,0.06857477873563766
0,1087,-0.30000001192092896,0.06476405262947083,-0.0002294592559337616,-0.03976140543818474,0.39531946182250977,1.3387144804000854
0,1088,-0.47645431756973267,0.0005725242081098258,0.023166559636592865,-0.0018730032024905086,0.25039565563201904,0.13809846341609955
0,1089,-0.4646404981613159,0.1213487833738327,0.021715763956308365,-0.060590069741010666,0.8230583071708679,2.72751784324646
0,1090,-0.30000001192092896,0.0002808912249747664,0.005295086652040482,0.00015081051969900727,0.051442764699459076,0.07130686938762665
0,1091,-0.19854293763637543,0.0005891491891816258,0.2347400039434433,-0.000548243522644043,2.3528823852539062,0.7793862819671631
0,1092,-0.340240478515625,0.004632124677300453,0.02964852750301361,-0.008434465155005455,0.38082993030548096,2.5386159420013428
0,1093,-0.1947232037782669,-0.0012377584353089333,0.4625701606273651,-0.0012006196193397045,4.6377081871032715,1.137129783630371
0,1094,-0.17349092662334442,-0.001193770207464695,0.18760554492473602,-0.0005491239135153592,1.8815467357635498,0.34881138801574707
0,1095,-0.5525928139686584,0.0010634236969053745,0.00421056617051363,-0.002602233085781336,0.06812798976898193,0.1380152702331543
0,1096,-0.4430829882621765,0.013345034793019295,0.20615004003047943,-0.0039382921531796455,2.1008834838867188,1.3051903247833252
0,1097,-0.4604337215423584,0.030412307009100914,0.04852886125445366,-0.04287979006767273,0.9140865206718445,1.234885334968567
0,1098,-0.30000001192092896,0.015841256827116013,0.04166537523269653,-0.03844258189201355,0.801079511642456,0.918667733669281
0,1099,-0.4762261211872101,0.026330670341849327,0.18541651964187622,-0.027942363172769547,2.133589029312134,1.2491331100463867
0,1100,-0.5678686499595642,0.0011685806093737483,0.005883487872779369,0.0008516327943652868,0.05031854659318924,0.040182046592235565
0,1101,-0.458334356546402,0.02539035677909851,-0.01306518167257309,-0.06703182309865952,0.5396664142608643,0.7497063875198364
0,1102,-0.45668041706085205,0.009988807141780853,0.2600841224193573,-0.04167942330241203,3.0176351070404053,1.355573058128357
0,1103,-0.22082462906837463,9.859335841611028e-05,0.188484787940979,-0.0018773849587887526,1.9036216735839844,1.0491364002227783
0,1104,-0.5366663336753845,-0.0001956276100827381,0.011251973919570446,-0.0022933012805879116,0.1354527473449707,0.17740559577941895
0,1105,-0.5326284170150757,0.017814168706536293,0.10262180864810944,-0.005190723575651646,1.078125238418579,0.07970376312732697
0,1106,-0.42830735445022583,-0.0696982890367508,0.09435020387172699,-0.04025982320308685,1.3461002111434937,1.3658888339996338
0,1107,-0.23634415864944458,-0.00025636731879785657,0.1768890619277954,0.0004097952041774988,1.764792799949646,0.6958264112472534
0,1108,-0.5705901980400085,-0.00034936703741550446,0.00047447506221942604,-0.002449620049446821,0.02924095094203949,0.041656743735075
0,1109,-0.5670139193534851,0.00032340895268134773,0.0033422731794416904,-0.001098811742849648,0.04441084712743759,0.05890875309705734
0,1110,-0.22622931003570557,-0.0001302306482102722,0.14944052696228027,-3.6314959288574755e-05,1.4947683811187744,0.03141479194164276
0,1111,-0.567267119884491,0.00024605303769931197,0.0034913457930088043,-0.00037845224142074585,0.0386979840695858,0.06757275760173798
0,1112,-0.40337252616882324,-0.04365909844636917,0.1552228480577469,-0.04605136811733246,2.012742042541504,1.4395407438278198
0,1113,-0.5717589855194092,0.0013943602098152041,0.0018454818055033684,-0.0012862575240433216,0.031317394226789474,0.07717683911323547
0,1114,-0.43631720542907715,-0.013159244321286678,0.08002301305532455,-0.0191025547683239,0.9912556409835815,1.482177972793579
0,1115,-0.21087194979190826,-0.01646937057375908,0.1066889688372612,-0.0056884074583649635,1.1237738132476807,1.2862752676010132
0,1116,-0.30000001192092896,-0.004227575846016407,0.0656149610877037,-0.008786143735051155,0.7440111041069031,1.5766019821166992
0,1117,-0.5567697882652283,-0.00028011907124891877,0.0027665533125400543,-0.00048253271961584687,0.03249086067080498,0.06222812831401825
0,1118,-0.5549051761627197,-0.0008689953829161823,0.0048194522969424725,-0.00266848667524755,0.07487939298152924,0.08858083188533783
0,1119,-0.5353450179100037,-0.0006512979744002223,0.009204462170600891,-0.0022561452351510525,0.11460607498884201,0.06167813390493393
0,1120,-0.3148224651813507,-0.007090169936418533,0.07281370460987091,-0.009125087410211563,0.8193878531455994,1.5462894439697266
0,1121,-0.09376037120819092,0.0002574704121798277,0.10804364085197449,-0.0014516736846417189,1.0949532985687256,1.2310409545898438
0,1122,-0.4239882528781891,0.019308241084218025,0.08053134381771088,-0.029835006222128868,1.103663444519043,1.7803103923797607
0,1123,-0.5786780118942261,-0.0001529865839984268,0.0020078523084521294,-0.0009628960397094488,0.02970748208463192,0.053809359669685364
0,1124,-0.17783667147159576,0.0023172064684331417,0.20932793617248535,0.00016402537585236132,2.0916390419006348,1.274259090423584
0,1125,-0.4780246913433075,-0.001189247122965753,0.022671546787023544,-0.0015315595082938671,0.2420310378074646,0.16024142503738403
0,1126,-0.5463651418685913,-0.001139286789111793,0.00356021779589355,-0.002423548838123679,0.059837669134140015,0.12118583172559738
0,1127,-0.5084932446479797,0.00024785130517557263,0.034606944769620895,-0.0007402582559734583,0.3534719944000244,0.14343148469924927
0,1128,-0.5699017643928528,-0.000164171724463813,0.002024063840508461,2.7212838176637888e-05,0.019968507811427116,0.05443309247493744
0,1129,-0.4647343158721924,0.0471637099981308,0.0334501713514328,-0.024864505976438522,0.5831467509269714,1.6210527420043945
0,1130,-0.46747007966041565,-0.0001499677891843021,0.008498730137944221,-0.0011924911523237824,0.0969122052192688,0.2391425371170044
0,1131,-0.4618724286556244,-0.008928184397518635,0.024375420063734055,-0.02410568855702877,0.48481103777885437,2.579291343688965
0,1132,-0.5741307735443115,-0.00010950669820886105,0.0016816956922411919,-0.0006959596066735685,0.023776553571224213,0.06731449067592621
0,1133,-0.38235700130462646,0.011703774333000183,0.07608093321323395,-0.008258581161499023,0.8433951139450073,1.6569573879241943
0,1134,-0.428610622882843,-0.016238119453191757,0.03664752468466759,-0.02607935667037964,0.62726891040802,2.0771303176879883
0,1135,-0.47585931420326233,3.6114226531935856e-05,0.0831286758184433,0.0021220350172370672,0.8100664019584656,0.3012530505657196
0,1136,-0.4444916248321533,0.08771650493144989,0.0021528913639485836,-0.05358137935400009,0.5573427081108093,1.393088698387146
0,1137,-0.5546968579292297,0.0008356085745617747,0.009252887219190598,0.005069122649729252,0.04183764383196831,0.0546376071870327
0,1138,-0.5619946718215942,9.584997314959764e-05,0.0062169223092496395,0.00033775632618926466,0.058791663497686386,0.08410684764385223
0,1139,-0.5753913521766663,0.00025924481451511383,0.004990964662283659,-0.0002635775599628687,0.052545420825481415,0.05536198616027832
0,1140,-0.4675769507884979,-0.023469068109989166,0.12643976509571075,-0.040862567722797394,1.6730232238769531,1.9228910207748413
0,1141,-0.46030041575431824,0.05128561705350876,-0.06244329363107681,-0.07507538050413132,0.12632089853286743,2.3259689807891846
0,1142,-0.44927966594696045,0.027340248227119446,0.16204741597175598,-0.02743510529398918,1.8948252201080322,1.691757082939148
0,1143,-0.30000001192092896,-0.02019570581614971,0.29751598834991455,-0.02258535847067833,3.2010133266448975,1.4187257289886475
0,1144,-0.4707276225090027,-0.0015088242944329977,0.01807498186826706,-0.04908318445086479,0.6715816855430603,1.5587629079818726
0,1145,-0.4601667821407318,-0.039378371089696884,0.3716129958629608,-0.012382730841636658,3.8399569988250732,1.4376696348190308
0,1146,-0.2584860324859619,1.7938025393959833e-06,0.12564735114574432,-3.6727224141941406e-06,1.2565101385116577,0.0036661773920059204
0,1147,-0.598055899143219,-0.0002571771328803152,0.006705153733491898,0.004173242952674627,0.025319112464785576,0.03882171958684921
0,1148,-0.5680742859840393,0.0001523000537417829,0.002404991304501891,-0.00018305912089999765,0.02588050067424774,0.049568694084882736
0,1149,-0.30000001192092896,-0.0019161524251103401,0.1345084309577942,-0.006560195237398148,1.4106862545013428,1.103206753730774
0,1150,-0.25996291637420654,-4.44697798229754e-05,0.11064068973064423,6.63598393657594e-06,1.1063404083251953,0.0037862230092287064
0,1151,-0.4086225926876068,-2.079389196296688e-05,0.14676350355148315,-0.0001782315521268174,1.4694173336029053,0.550896406173706
0,1152,-0.5694535374641418,2.4800581741146743e-05,0.002039790851995349,-0.00043532252311706543,0.02475113235414028,0.04024890065193176
0,1153,-0.46991732716560364,-0.01883583888411522,0.05556146055459976,-0.051961950957775116,1.0752341747283936,1.3360419273376465
0,1154,-0.33692604303359985,-0.000504771713167429,0.11406423896551132,-0.000607901718467474,1.146721363067627,1.810367465019226
0,1155,-0.3516063094139099,0.0016810726374387741,0.11510845273733139,-0.0030921283178031445,1.1820058822631836,1.4755501747131348
0,1156,-0.45974239706993103,0.0838518962264061,0.11203934252262115,-0.04921240732073784,1.6125173568725586,1.1445636749267578
0,1157,-0.47386738657951355,-0.08896911144256592,0.07244071364402771,-0.03812709450721741,1.1056780815124512,0.2604592740535736
0,1158,-0.6222813725471497,-0.0007908683037385345,0.008730333298444748,-0.002291659824550152,0.11021991819143295,0.1181441992521286
0,1159,-0.13236907124519348,0.0026750999968498945,0.182759627699852,-0.003050723811611533,1.858103632926941,1.149518370628357
0,1160,-0.3773466646671295,0.00026904550031758845,0.07498728483915329,-2.7606463390839053e-06,0.7499004602432251,0.25004202127456665
0,1161,-0.5731441974639893,-0.00041127120493911207,0.002585319336503744,-0.00013135705376043916,0.027166759595274925,0.05017973482608795
0,1162,-0.4293214678764343,0.02154364436864853,0.022399967536330223,-0.008822868578135967,0.31222832202911377,1.3646020889282227
0,1163,-0.5770972967147827,-0.0015502804890275002,0.04811997339129448,0.00035803846549242735,0.47761934995651245,0.15843704342842102
0,1164,-0.47943586111068726,-0.052171699702739716,0.02689087949693203,-0.03688453510403633,0.6377541422843933,2.591216564178467
0,1165,-0.5600481629371643,-3.3123837056336924e-05,0.000594155746512115,-0.001169424969702959,0.017635805532336235,0.10844308137893677
0,1166,-0.4083825349807739,0.0017272488912567496,0.11563007533550262,0.0012722722021862864,1.143578052520752,0.25350964069366455
0,1167,-0.36070889234542847,4.470505518838763e-05,0.12001623213291168,9.467867494095117e-05,1.1992154121398926,0.44415879249572754
0,1168,-0.4278823137283325,-0.005853652022778988,0.1213855966925621,-0.00938437506556511,1.3076996803283691,2.2806355953216553
0,1169,-0.5896934866905212,9.173448052024469e-05,0.007191294804215431,0.00032544138957746327,0.06865853071212769,0.10971388220787048
0,1170,-0.5618217587471008,0.00017830522847361863,0.0030530679505318403,0.0007706831092946231,0.022823847830295563,0.0813499242067337
0,1171,-0.33350324630737305,-0.000363484607078135,0.12261435389518738,-0.0007965419790707529,1.2341090440750122,0.6496865153312683
0,1172,-0.41303980350494385,0.00929245539009571,0.09865634888410568,-0.011858852580189705,1.1051520109176636,1.9884361028671265
0,1173,-0.5259190201759338,0.0002049365284619853,0.0014323571231216192,-0.0008425870328210294,0.022749438881874084,0.04502689465880394
0,1174,-0.4675680696964264,-0.022493448108434677,0.07094570994377136,-0.03586924821138382,1.0681495666503906,1.3637371063232422
0,1175,-0.43448227643966675,0.00020915163622703403,0.08302737772464752,0.00011174836254213005,0.8291562795639038,0.22489576041698456
0,1176,-0.46748167276382446,-0.020337019115686417,-0.010023033246397972,-0.03203386813402176,0.22010831534862518,1.6106698513031006
0,1177,-0.4508374035358429,-0.05703959986567497,0.019093386828899384,-0.03990303725004196,0.5899642109870911,0.5285879969596863
0,1178,-0.37246623635292053,-0.0012054751859977841,0.07114451378583908,-0.002070476533845067,0.7321499586105347,1.4131014347076416
0,1179,-0.5665379166603088,-0.00028636999195441604,0.0018849645275622606,-0.00161807332187891,0.03503037989139557,0.04163853079080582
0,1180,-0.30000001192092896,-0.00016943759692367166,0.0033342360984534025,0.0006221400108188391,0.027120960876345634,0.08646881580352783
0,1181,-0.4599258005619049,-0.032999187707901,0.007712997496128082,-0.04948195070028305,0.5719494819641113,1.8986239433288574
0,1182,-0.3881896138191223,-0.007520762737840414,0.0025832727551460266,-0.0797981545329094,0.8238142728805542,1.51756751537323
0,1183,-0.5771632790565491,-0.00018657924374565482,0.00224729860201478,-0.0011519541731104255,0.03399252891540527,0.03872828185558319
0,1184,-0.43604975938796997,-0.022648116573691368,0.021920323371887207,-0.004134772345423698,0.26055097579956055,1.1611309051513672
0,1185,-0.5772009491920471,-0.00024170483811758459,0.005466563161462545,0.0004364963970147073,0.05030066519975662,0.05234089493751526
0,1186,-0.1821463406085968,0.0005898562958464026,0.14832744002342224,-0.000904940883629024,1.4923237562179565,1.4285281896591187
0,1187,-0.5466791391372681,-0.00024414219660684466,0.003783889813348651,-0.0007027519750408828,0.0448664128780365,0.07716318964958191
0,1188,-0.42558926343917847,0.0413225032389164,0.02752055786550045,-0.01574198715388775,0.432625412940979,1.3173549175262451
0,1189,-0.46494582295417786,-0.0408756360411644,0.01035990472882986,-0.039728716015815735,0.5008862018585205,0.8647820353507996
0,1190,-0.4283967614173889,0.035935431718826294,0.052402280271053314,-0.048688918352127075,1.0109119415283203,1.559633493423462
0,1191,-0.4521051049232483,0.0128712709993124,0.018663454800844193,-0.020555920898914337,0.3921937346458435,2.295513868331909
0,1192,-0.354796826839447,0.01148611307144165,0.07028564065694809,-0.0010147124994546175,0.7130035161972046,0.9993318319320679
0,1193,-0.3310842514038086,0.007882729172706604,0.11156650632619858,-0.011086834594607353,1.2265334129333496,0.8446902632713318
0,1194,-0.30000001192092896,0.02802426740527153,-0.01656918413937092,-0.03199642524123192,0.1542724072933197,0.8878456354141235
0,1195,-0.3315695822238922,0.003745533060282469,0.04158627614378929,-0.004129569977521896,0.4571584463119507,1.9264520406723022
0,1196,-0.3345653712749481,0.004407563246786594,-0.007142471149563789,-0.02617776393890381,0.1903529167175293,1.1255412101745605
0,1197,-0.4007010757923126,0.006841461174190044,0.048162512481212616,-0.013980502262711525,0.6214301586151123,1.7233998775482178
0,1198,-0.5705695748329163,-0.0001508163259131834,0.002117358846589923,0.0005881455144844949,0.015292132273316383,0.04383571073412895
0,1199,-0.5733076930046082,-0.0006531458348035812,0.0020559704862535,0.00010249517799820751,0.019534751772880554,0.0446552112698555
0,1200,-0.30000001192092896,-0.007305291946977377,0.03118300810456276,-0.0037999828346073627,0.34982991218566895,1.6937450170516968
0,1201,-0.5871842503547668,3.405583993298933e-05,0.0018379390239715576,-0.0003433293604757637,0.0218126829713583,0.04630794748663902
0,1202,-0.3843943178653717,0.011998897418379784,0.03422972559928894,-0.006428106687963009,0.40657830238342285,2.341312885284424
0,1203,-0.3119695484638214,0.00030112944659776986,0.07339039444923401,0.0009602035279385746,0.7243019342422485,0.35469040274620056
0,1204,-0.4196015000343323,0.0018685398390516639,0.07718229293823242,-0.003638224210590124,0.8082051277160645,1.6152477264404297
0,1205,-0.18294253945350647,-0.00012919350410811603,0.307044118642807,-0.00041517868521623313,3.0745930671691895,0.9480732679367065
0,1206,-0.45161208510398865,-0.009464902803301811,-0.002728427527472377,-0.02075604721903801,0.18027620017528534,1.2735397815704346
0,1207,-0.4369295835494995,0.00048193871043622494,0.19545350968837738,-0.00023086636792868376,1.9568438529968262,0.29716646671295166
0,1208,-0.48036983609199524,0.0460994616150856,0.04762333631515503,-0.026364322751760483,0.7398766279220581,1.4634130001068115
0,1209,-0.17345833778381348,0.000903535052202642,0.12429925799369812,0.0001708600320853293,1.2412840127944946,1.1327617168426514
0,1210,-0.5718344449996948,-5.6318378483410925e-05,0.001106510404497385,-0.000883128959685564,0.01989639364182949,0.033871185034513474
0,1211,-0.3467414677143097,0.0003918466391041875,0.14701323211193085,-0.00026656565023586154,1.4727978706359863,0.1529816836118698
0,1212,-0.48107415437698364,-0.12230917066335678,-0.0374695286154747,-0.08545078337192535,0.47981247305870056,2.6971404552459717
0,1213,-0.43269482254981995,-0.0006716491188853979,0.007280203513801098,-0.0019126965198665857,0.09192900359630585,0.17190104722976685
0,1214,-0.42099490761756897,-0.025516130030155182,0.008180168457329273,-0.026939168572425842,0.351193368434906,1.9526984691619873
0,1215,-0.6049376726150513,-0.00019806045747827739,0.004069969058036804,-0.0004371007380541414,0.04507069289684296,0.039976250380277634
0,1216,-0.4625157415866852,0.0191238671541214,0.07381010800600052,-0.030044149607419968,1.0385425090789795,1.5112031698226929
0,1217,-0.5621679425239563,-0.00017262977780774236,0.005256372503936291,0.001042571384459734,0.042138006538152695,0.09694107621908188
0,1218,-0.4881969690322876,0.004251319915056229,0.03100513480603695,-0.00302133965305984,0.34026476740837097,0.531139075756073
0,1219,-0.32920119166374207,0.024258915334939957,0.0476716011762619,-0.019430531188845634,0.6710213422775269,1.3193007707595825
0,1220,-0.5460199117660522,-0.0004071853472851217,0.0013464726507663727,-0.0015284966211766005,0.02874969318509102,0.049140989780426025
0,1221,-0.5631085634231567,-0.0003455895639490336,0.00458890525624156,0.0021847288589924574,0.024041764438152313,0.06431157886981964
0,1222,-0.47498148679733276,0.00019473928841762245,0.002735847607254982,-0.00015029849600978196,0.028861461207270622,0.09747666120529175
0,1223,-0.5767130255699158,6.690149893984199e-05,0.00279858335852623,0.00018570075917523354,0.026128824800252914,0.039983898401260376
0,1224,-0.47369569540023804,0.03507372364401817,-0.02789834700524807,-0.0475635901093483,0.19665241241455078,3.1070308685302734
0,1225,-0.22259578108787537,-4.3867667045560665e-06,0.10564806312322617,-1.8585060956866073e-07,1.0564825534820557,0.0020659526344388723
0,1226,-0.6020904183387756,-5.8403529692441225e-05,0.003216587007045746,0.0007944769458845258,0.02422109991312027,0.03482500836253166
0,1227,-0.5834126472473145,-6.190455314936116e-05,0.002432246459648013,-0.00029133097268640995,0.02723577432334423,0.0388747863471508
0,1228,-0.4995964467525482,-0.009228909388184547,0.24936406314373016,-0.0401783287525177,2.8954238891601562,2.5735127925872803
0,1229,-0.47969362139701843,0.042328864336013794,0.09977895021438599,0.001699664629995823,0.9807928800582886,2.048657178878784
0,1230,-0.574104368686676,0.000170855360920541,0.001629668171517551,-0.00020825036335736513,0.01837918534874916,0.04175935685634613
0,1231,-0.45375072956085205,-0.068199023604393,-0.02922666445374489,-0.05369853973388672,0.24471871554851532,2.980820655822754
0,1232,-0.14437277615070343,-0.00036286222166381776,0.11239516735076904,0.0005402697715908289,1.118549108505249,1.2724065780639648
0,1233,-0.5709758996963501,0.00034220583620481193,0.00478578545153141,-0.0005330741405487061,0.053188592195510864,0.09598581492900848
0,1234,-0.5760948061943054,1.5760253518237732e-05,0.0005999873392283916,-0.0012641267385333776,0.018641142174601555,0.07482399046421051
0,1235,-0.5642402172088623,-7.922222721390426e-05,0.0027784265112131834,-0.0001492856245022267,0.029277121648192406,0.09956967085599899
0,1236,-0.51806640625,0.000823478156235069,0.12254458665847778,-0.0005998015403747559,1.2314438819885254,0.27580755949020386
0,1237,-0.5758520364761353,0.0003158297622576356,0.004604132380336523,-0.0001996143109863624,0.048037465661764145,0.08937409520149231
0,1238,-0.4891720414161682,-0.005580443888902664,-0.03486966714262962,-0.05019368976354599,0.15324023365974426,2.078950881958008
0,1239,-0.5007498264312744,0.004469629377126694,0.05805910378694534,-0.0018814787035807967,0.5994057655334473,0.14179715514183044
0,1240,-0.2381894439458847,0.0005098320543766022,0.1475256085395813,0.00026621087454259396,1.4725937843322754,0.09022360295057297
0,1241,-0.2903851866722107,0.0004854595463257283,0.16901680827140808,-0.00022405717754736543,1.692408561706543,1.6019985675811768
0,1242,-0.44889184832572937,0.01779099553823471,0.014657758176326752,-0.036850862205028534,0.5150861740112305,1.467930793762207
0,1243,-0.2570371925830841,3.859453136101365e-05,0.10430171340703964,-0.0002278295432915911,1.0452954769134521,0.0329032838344574
0,1244,-0.26128673553466797,4.76318527944386e-05,0.08902981132268906,-0.00039638084126636386,0.8942619562149048,0.5704883933067322
0,1245,-0.46200644969940186,0.0025766342878341675,0.004714413546025753,-0.04416857287287712,0.4888298511505127,2.7791125774383545
0,1246,-0.26235902309417725,-0.0011139449197798967,0.2247922122478485,0.0005877627991139889,2.242044448852539,0.6967508792877197
0,1247,-0.35015103220939636,-0.0005365480901673436,0.12270446866750717,-0.0007233289070427418,1.2342779636383057,1.0163954496383667
0,1248,-0.30000001192092896,0.0254860520362854,0.0414755754172802,-0.025640277191996574,0.671158492565155,1.681365728378296
0,1249,-0.44623464345932007,0.015379714779555798,0.0006659356877207756,-0.014471671544015408,0.15137606859207153,1.9498927593231201
0,1250,-0.3654077351093292,0.002666858723387122,0.05984897166490555,-0.023305606096982956,0.8315457701683044,2.2781333923339844
0,1251,-0.19767460227012634,6.305675469775451e-06,0.11463116109371185,5.720391413888137e-07,1.1463059186935425,0.005213433876633644
0,1252,-0.4579133689403534,0.019283737987279892,-0.07502135634422302,-0.08063318580389023,0.05611826106905937,0.825396716594696
0,1253,-0.38249385356903076,-0.0015770014142617583,0.03716300055384636,-0.016339225694537163,0.5350222587585449,1.519883632659912
0,1254,-0.5821877717971802,-0.0005683443741872907,0.0025715685915201902,-0.0007294788956642151,0.03301047533750534,0.05433100461959839
0,1255,-0.4680428206920624,0.015776481479406357,-0.04042595624923706,-0.07768955081701279,0.3726359009742737,2.8084897994995117
0,1256,-0.43749141693115234,0.052829694002866745,0.09063556045293808,-0.013171350583434105,1.0380690097808838,1.104047179222107
0,1257,-0.5706636905670166,-1.620636430743616e-05,0.0030004519503563643,0.0001802593469619751,0.02820192649960518,0.06792949885129929
0,1258,-0.24356643855571747,-0.0008096929523162544,0.09654286503791809,-0.0006832331418991089,0.9722609519958496,0.8203680515289307
1,0,-0.41713452339172363,0.00010717377881519496,0.019604748114943504,-0.0017331558046862483,0.21337905526161194,0.4984229505062103
1,1,-0.3050954341888428,0.0314440056681633,0.2932443618774414,-0.03588671237230301,3.2913107872009277,1.3282520771026611
1,2,-0.5569301843643188,0.0006015743711031973,0.006233695428818464,0.0005033471970818937,0.05730348080396652,0.05283886194229126
1,3,-0.2445753663778305,-0.0003775609075091779,0.22141459584236145,-0.0008242527837865055,2.22238826751709,1.2111223936080933
1,4,-0.4877677857875824,0.03532540798187256,0.01296386681497097,-0.027282290160655975,0.40246152877807617,3.363802433013916
1,5,-0.4700457751750946,0.07172299176454544,0.03344322741031647,-0.011593123897910118,0.45036351680755615,2.006558418273926
1,6,-0.5746397972106934,-0.00030137167777866125,0.009804705157876015,0.00428628409281373,0.05518421158194542,0.07204117625951767
1,7,-0.33526623249053955,-0.01989835500717163,0.11744509637355804,0.01077551580965519,1.0666958093643188,1.6030687093734741
1,8,-0.5168715715408325,-0.0003779169637709856,0.0038091721944510937,-0.00018230578280054033,0.039914779365062714,0.06582075357437134
1,9,-0.4684549868106842,-0.06287785619497299,0.9138237237930298,-0.013075217604637146,9.268989562988281,1.8613853454589844
1,10,-0.1758655458688736,-0.0009512932738289237,0.3523579239845276,-0.004173568449914455,3.565314769744873,1.3535159826278687
1,11,-0.5358854532241821,-0.0004589518066495657,-0.00012346552102826536,-0.0022867133375257254,0.021632475778460503,0.04159638285636902
1,12,-0.4990588426589966,-3.783047941396944e-05,0.0037854649126529694,-2.1701063815271482e-05,0.038071662187576294,0.06989695876836777
1,13,-0.004376362077891827,0.0007198782404884696,0.12560594081878662,0.000100027842563577,1.2550592422485352,1.2232398986816406
1,14,-0.4006150960922241,0.036808453500270844,0.042051296681165695,-0.027287527918815613,0.6933882236480713,1.1857929229736328
1,15,-0.43233659863471985,-0.08639850467443466,0.9336256980895996,-0.003971328493207693,9.375970840454102,2.385561466217041
1,16,-0.4512854218482971,0.025043770670890808,0.7833766937255859,-0.0037707274314016104,7.871474266052246,2.1824214458465576
1,17,-0.5412213206291199,-0.0026560991536825895,0.03566218167543411,-0.0021923913154751062,0.37854573130607605,0.20597510039806366
1,18,-0.5699382424354553,0.00018619158072397113,0.006381983868777752,-0.0007960895891301334,0.0717807337641716,0.05498281121253967
1,19,-0.5528917908668518,0.0007374254055321217,0.010075075551867485,0.004910005256533623,0.051650695502758026,0.09941087663173676
1,20,-0.47495511174201965,0.000342483283020556,0.10714273154735565,-0.00022706514573656023,1.0736980438232422,0.0891161561012268
1,21,-0.5768642425537109,4.130484740016982e-05,0.000859389896504581,-0.0008029341697692871,0.0166232418268919,0.05462288856506348
1,22,-0.33330675959587097,0.00020301171753089875,0.0065689398907125,-0.03903859853744507,0.45607540011405945,0.9555057287216187
1,23,-0.3650880753993988,-0.0035663465969264507,0.06504834443330765,-0.0012520207092165947,0.6630036234855652,2.095284938812256
1,24,-0.5815798044204712,0.0008824543911032379,-0.00033047812758013606,-0.0049066501669585705,0.04576171934604645,0.04905025288462639
1,25,-0.571183979511261,-3.756162914214656e-05,0.0019443309865891933,-0.000708012143149972,0.02652343176305294,0.05677006393671036
1,26,-0.42210087180137634,0.07985840737819672,0.0043683662079274654,-0.05116289108991623,0.5553125739097595,1.0649725198745728
1,27,-0.46865567564964294,0.03456203266978264,0.6757421493530273,-0.0017949211178347468,6.775371074676514,2.2202231884002686
1,28,-0.4290917217731476,0.13056692481040955,-0.0352177731692791,-0.06695146858692169,0.31733691692352295,0.6402742266654968
1,29,-0.45916154980659485,-0.026045717298984528,1.3446482419967651,-0.012761215679347515,13.574094772338867,2.001976490020752
1,30,-0.3367662727832794,0.0004910152638331056,0.17495062947273254,-7.520616054534912e-05,1.750258207321167,1.0427520275115967
1,31,-0.5901309847831726,-0.00021658465266227722,0.0018592837732285261,-0.0005794771714136004,0.024387609213590622,0.06675133109092712
1,32,-0.30000001192092896,0.008162356913089752,0.10782583057880402,-0.03201337158679962,1.3983919620513916,1.5013885498046875
1,33,-0.5740250945091248,-0.0002400477824267,0.004291377030313015,-0.000468985119368881,0.04760361835360527,0.050273507833480835
1,34,-0.5688031911849976,-0.0005069927428849041,0.0033925320021808147,0.00022044446086511016,0.031720876693725586,0.07372944056987762
1,35,-0.4703559875488281,-0.00024466877221129835,0.0026302989572286606,-6.112708797445521e-05,0.026914259418845177,0.056879352778196335
1,36,-0.4604571461677551,-0.05360438674688339,-0.004504434764385223,-0.054587505757808685,0.5008306503295898,2.5095772743225098
1,37,-0.5541766285896301,-0.00030039597186259925,0.0010256756795570254,-0.0014481785474345088,0.02473854087293148,0.07612322270870209
1,38,-0.5717107653617859,7.203670247690752e-05,0.0017994691152125597,-4.6029679651837796e-05,0.018454987555742264,0.06875064969062805
1,39,-0.4650416672229767,-0.018701139837503433,0.11691271513700485,-0.045981138944625854,1.6289385557174683,2.4468307495117188
1,40,-0.47623422741889954,0.024602141231298447,-0.03208564221858978,-0.038629550486803055,0.06543910503387451,1.8261749744415283
1,41,-0.4643656611442566,0.061476897448301315,-0.015213189646601677,-0.04138819873332977,0.26175010204315186,1.238194227218628
1,42,-0.4765940010547638,-0.12124951183795929,-0.0408707857131958,-0.042969152331352234,0.020983658730983734,1.8879356384277344
1,43,-0.4211755096912384,-0.0009853075025603175,0.10845759510993958,-0.0007958494825288653,1.0925344228744507,0.3456379175186157
1,44,-0.36897265911102295,0.021159015595912933,0.10560142993927002,-0.009226459078490734,1.1482789516448975,1.0178946256637573
1,45,-0.4524293541908264,0.028858840465545654,0.6110254526138306,-0.04623156040906906,6.572569847106934,2.445161819458008
1,46,-0.6471236944198608,-4.681406426243484e-05,0.011910991743206978,0.0013556547928601503,0.10555335879325867,0.23989203572273254
1,47,-0.4577004015445709,-0.027141831815242767,0.0716266930103302,-0.016364408656954765,0.879910945892334,1.5140197277069092
1,48,-0.4778634309768677,0.011662154458463192,0.08981010317802429,-0.027280181646347046,1.1709028482437134,2.2583274841308594
1,49,-0.48175564408302307,1.707055162114557e-05,0.003949954640120268,-0.0001711125223664567,0.04121067374944687,0.06751357764005661
1,50,-0.5642889142036438,-0.00034136767499148846,0.00561352027580142,0.0017025535926222801,0.039109669625759125,0.12549400329589844
1,51,-0.1517399400472641,0.0003744039568118751,0.16798625886440277,-0.0017315512523055077,1.6971781253814697,1.324107050895691
1,52,-0.2509850561618805,0.0004447193059604615,0.12684211134910583,-0.00024166039656847715,1.270837664604187,0.7930256128311157
1,53,-0.20248755812644958,0.0004472504078876227,0.1307888925075531,2.8790286705770995e-06,1.3078598976135254,1.7097662687301636
1,54,-0.4664301872253418,0.0012062586611136794,0.009574629366397858,-0.035795778036117554,0.4537040889263153,1.8782029151916504
1,55,-0.3227978050708771,0.0052698771469295025,0.05717498064041138,-0.002583055291324854,0.5975803732872009,0.5132293105125427
1,56,-0.14797241985797882,-0.00015337641525547951,0.09227341413497925,-0.0003180255589541048,0.9259144067764282,0.019186850637197495
1,57,-0.5394120216369629,-0.001008325256407261,0.002280175220221281,-0.005174928344786167,0.0745510384440422,0.5943783521652222
1,58,-0.42781728506088257,0.08956833928823471,0.03931262344121933,-0.029079508036375046,0.6839212775230408,1.3471282720565796
1,59,-0.4384993612766266,-0.0305813979357481,0.06249720975756645,-0.02010338567197323,0.8260059356689453,0.9983088374137878
1,60,-0.5616965293884277,-7.982509850990027e-05,0.02165292575955391,3.842015576083213e-05,0.21614503860473633,0.2787817120552063
1,61,-0.5734963417053223,-8.246051584137604e-05,0.002818125067278743,-0.0007982221432030201,0.03616347163915634,0.08536984026432037
1,62,-0.2642818093299866,-0.003042047843337059,0.06048161908984184,-0.005192057695239782,0.6567367911338806,1.658963680267334
1,63,-0.4713006615638733,-1.155654899775982e-06,-0.0018792618066072464,-0.03233165293931961,0.30452391505241394,2.264346122741699
1,64,-0.4621041417121887,0.014750190079212189,0.009688901714980602,-0.04325870797038078,0.5294761061668396,1.8789962530136108
1,65,-0.5703942775726318,-9.768776362761855e-05,0.0014344498049467802,-0.00045680670882575214,0.01891256496310234,0.0717858076095581
1,66,-0.1829739362001419,0.0013148849830031395,0.1854158639907837,-0.0012507317587733269,1.8666660785675049,0.54514479637146
1,67,-0.2258961945772171,-0.00034080137265846133,0.13545465469360352,3.706457209773362e-05,1.3541759252548218,0.05100439116358757
1,68,-0.26193955540657043,0.0003504007472656667,0.1272677630186081,-0.0005761178326793015,1.2784388065338135,0.8738759756088257
1,69,-0.4621860384941101,-0.004034185782074928,0.9396857023239136,-0.0060474323108792305,9.457330703735352,2.0442705154418945
1,70,-0.4420998990535736,0.01748565584421158,0.09043549746274948,-0.01828094944357872,1.0871644020080566,1.1757643222808838
1,71,-0.423023521900177,-0.028613317757844925,0.0685810074210167,-0.024204617366194725,0.9278562068939209,0.5584214925765991
1,72,-0.450741171836853,-0.019133783876895905,-0.03783330321311951,-0.04559674113988876,0.07763437926769257,2.1937711238861084
1,73,-0.18114912509918213,-0.00032306514913216233,0.14503113925457,-2.950100133602973e-05,1.4506062269210815,1.0357083082199097
1,74,-0.1437557190656662,-0.0009293276234529912,0.09069964289665222,-0.0002788338460959494,0.9097847938537598,0.7884600162506104
1,75,-0.25996291637420654,6.10940478509292e-05,0.10260578989982605,-2.216961729573086e-05,1.0262796878814697,0.004070765804499388
1,76,-0.4512077271938324,-0.02963295206427574,-0.011425383388996124,-0.07815390080213547,0.667285144329071,1.017162561416626
1,77,-0.45470255613327026,-0.022048940882086754,1.9834222793579102,0.018980957567691803,19.644412994384766,1.8919657468795776
1,78,-0.30287066102027893,-0.0001855151349445805,0.09018683433532715,-0.0012365041766315699,0.914233386516571,0.8366514444351196
1,79,-0.2525895833969116,-0.0003496456774882972,0.19885516166687012,-0.001079373061656952,1.9993455410003662,1.2786455154418945
1,80,-0.4284038841724396,0.03807307779788971,0.03562532365322113,-0.02471737563610077,0.603426992893219,1.609850287437439
1,81,-0.4848055839538574,0.001238403026945889,0.004874504171311855,0.002006361959502101,0.028681419789791107,0.1216924786567688
1,82,-0.39429402351379395,-0.00014748232206329703,0.12101529538631439,-0.0018264346290379763,1.2284172773361206,0.8136996030807495
1,83,-0.4536757469177246,0.01371418870985508,0.09187103807926178,0.0059591298922896385,0.8591190576553345,2.2536840438842773
1,84,-0.5731955170631409,0.00030195998260751367,0.004068040754646063,0.000650647678412497,0.034173931926488876,0.07081164419651031
1,85,-0.574552059173584,-0.00013885187217965722,0.0038267276249825954,-0.00269034830853343,0.0651707574725151,0.06707637012004852
1,86,-0.4112279713153839,-0.01679392158985138,0.31253454089164734,-0.018787220120429993,3.313217878341675,1.2528266906738281
1,87,-0.4782945513725281,0.06950803101062775,-0.03838127851486206,-0.06761527061462402,0.29233992099761963,1.6574218273162842
1,88,-0.456951767206192,0.002059867139905691,1.694711446762085,0.19865569472312927,14.96055793762207,1.9500640630722046
1,89,-0.4453481137752533,0.05744364485144615,0.2550894618034363,-0.03939114511013031,2.944805860519409,1.0090488195419312
1,90,-0.22034360468387604,-0.0012471925001591444,0.0993342399597168,0.0012542348122224212,0.9808000326156616,1.5608994960784912
1,91,-0.4887651205062866,-2.4877064788597636e-05,0.003794519929215312,0.0016116582555696368,0.02182861417531967,0.044883787631988525
1,92,-0.33820587396621704,-0.00046786904567852616,0.0959491953253746,4.7351757530122995e-05,0.9590184092521667,0.9361547231674194
1,93,-0.48115038871765137,0.0002057023230008781,0.01133766770362854,-0.0013145687989890575,0.12652236223220825,0.07671310752630234
1,94,-0.4540739953517914,-0.05481560155749321,1.5527675151824951,-0.030166639015078545,15.829339981079102,1.566903829574585
1,95,-0.44739243388175964,-0.07348116487264633,0.17762164771556854,-0.01866389811038971,1.962855339050293,1.8016126155853271
1,96,-0.5665327310562134,-0.0007815079297870398,0.006619045045226812,0.0020439825020730495,0.04575061798095703,0.08504773676395416
1,97,-0.41396287083625793,0.0005574086681008339,0.2909301519393921,-0.05246246978640556,3.4339261054992676,2.4016151428222656
1,98,-0.25343748927116394,0.0004680577549152076,0.10234951972961426,-0.0009536445140838623,1.033031702041626,0.9455960988998413
1,99,-0.4715837240219116,0.007813781499862671,0.07024786621332169,-0.005762896500527859,0.760107696056366,0.6544942855834961
1,100,-0.4782198965549469,0.000125397156807594,0.002497532404959202,-0.002555953338742256,0.05053485557436943,0.058406583964824677
1,101,-0.45020541548728943,-0.1470300555229187,0.19283252954483032,-0.04334450513124466,2.3617703914642334,0.9005491137504578
1,102,-0.46459901332855225,-0.03085637092590332,0.33057257533073425,-0.012679142877459526,3.4325170516967773,2.0868568420410156
1,103,-0.5665001273155212,-0.0010240005794912577,0.16470590233802795,-0.000996316783130169,1.65702223777771,0.30438923835754395
1,104,-0.2584860324859619,-5.7482825468468945e-06,0.11291372776031494,1.3922652215114795e-05,1.128998041152954,0.004226750694215298
1,105,-0.4705290198326111,-0.00045765115646645427,0.12959037721157074,-0.035497523844242096,1.650879144668579,1.3650826215744019
1,106,-0.41165947914123535,0.029989421367645264,-0.003942418843507767,-0.05143658444285393,0.474941611289978,1.856745719909668
1,107,-0.4709894061088562,-0.06648631393909454,-0.019444920122623444,-0.03646942228078842,0.1702449917793274,1.6401971578598022
1,108,-0.5784255862236023,-0.0002490617334842682,0.008614960126578808,0.0004715464310720563,0.08143413066864014,0.2522321343421936
1,109,-0.44909605383872986,0.020024804398417473,0.08585041761398315,-0.06800206005573273,1.538524866104126,1.796492338180542
1,110,-0.4683201014995575,0.021276697516441345,0.010004698298871517,-0.027447443455457687,0.3745214343070984,2.702477216720581
1,111,-0.3269672393798828,0.0003908680228050798,0.07797674834728241,0.000887200643774122,0.7708954215049744,0.4627547860145569
1,112,-0.4858248829841614,0.039725787937641144,0.09148280322551727,-0.05814148485660553,1.496242880821228,1.9196867942810059
1,113,-0.43381667137145996,-0.01542284619063139,0.7956269979476929,-0.008811384439468384,8.044384002685547,2.408909559249878
1,114,-0.3380556106567383,0.00031343201408162713,0.1188516840338707,5.949620026513003e-05,1.1879217624664307,0.0060871015302836895
1,115,-0.2548650801181793,4.48392893304117e-05,0.09010641276836395,-3.6077367440157104e-06,0.9011001586914062,0.005876547656953335
1,116,-0.4135385751724243,0.02637401781976223,-0.016025351360440254,-0.025258099660277367,0.09232747554779053,1.1054255962371826
1,117,-0.48214223980903625,-0.004267766606062651,0.018782757222652435,-0.06544645875692368,0.8422921895980835,2.3431625366210938
1,118,-0.46431294083595276,0.02793147787451744,0.017321433871984482,-0.035572152584791183,0.5289359092712402,1.3597959280014038
1,119,-0.30000001192092896,0.03795722872018814,0.01220480166375637,-0.010324288159608841,0.22529089450836182,1.3963288068771362
1,120,-0.47257694602012634,-0.1034666895866394,0.06323310732841492,0.028864432126283646,0.3436867594718933,2.7072811126708984
1,121,-0.5520820021629333,0.014938369393348694,0.164485901594162,0.0005976739921607077,1.6388821601867676,0.39008137583732605
1,122,-0.45764192938804626,-0.016841493546962738,0.03204274922609329,-0.02053261734545231,0.5257536172866821,1.6412198543548584
1,123,-0.5757120847702026,0.004261509981006384,0.055894769728183746,-0.004469606094062328,0.6036437749862671,0.23687082529067993
1,124,-0.32587891817092896,0.0003875704715028405,0.09225558489561081,0.0004422317142598331,0.9181334376335144,0.9218489527702332
1,125,-0.1850125938653946,-0.0010969366412609816,0.09274351596832275,-0.0005353697924874723,0.9327888488769531,1.827486515045166
1,126,-0.3171737492084503,-0.0009041039156727493,0.12903137505054474,-0.00017965793085750192,1.2921103239059448,0.7696825861930847
1,127,-0.4707547724246979,-0.02086317539215088,-0.009296899661421776,-0.03208340331912041,0.2278650403022766,1.9519742727279663
1,128,-0.4750720262527466,0.006415264215320349,0.05834349989891052,-0.03262538090348244,0.9096888303756714,1.4315261840820312
1,129,-0.34856081008911133,-0.009989546611905098,0.05027127265930176,-0.0027965339832007885,0.5306780338287354,2.1660642623901367
1,130,-0.4019729793071747,-0.013124394230544567,0.06011390686035156,-0.021449703723192215,0.815636157989502,2.0703024864196777
1,131,-0.3019547462463379,0.0007788192015141249,0.08165903389453888,-0.0008871505851857364,0.8254618644714355,0.46325933933258057
1,132,-0.4803500175476074,-0.002278244588524103,0.005408247467130423,-0.017114993184804916,0.22523239254951477,1.6613941192626953
1,133,-0.44892603158950806,-0.00994869228452444,0.11043444275856018,-0.011500800959765911,1.2193524837493896,0.9959038496017456
1,134,-0.23175427317619324,0.00010750276851467788,0.20946237444877625,-7.662033021915704e-05,2.0953900814056396,0.5475481748580933
1,135,-0.4776199162006378,-0.012740625999867916,0.10630349814891815,-0.02939051017165184,1.3569400310516357,2.503375768661499
1,136,-0.17912615835666656,0.0010225132573395967,0.09138976037502289,-0.0009386589517816901,0.9232841730117798,0.21826504170894623
1,137,-0.30000001192092896,-0.02136555127799511,0.03914813697338104,-0.00437103770673275,0.43519172072410583,1.8217918872833252
1,138,-0.4544728100299835,0.04059029743075371,0.02889866754412651,-0.03220010921359062,0.6109877228736877,2.80711030960083
1,139,-0.5493031144142151,-0.0012173682916909456,0.04552100598812103,-0.002662837505340576,0.4818384349346161,0.39624354243278503
1,140,-0.3169158399105072,0.0021978984586894512,0.09492465108633041,0.003237188560888171,0.9168746471405029,1.1316150426864624
1,141,-0.4052990674972534,-0.0011642205063253641,0.01947656273841858,0.0017806773539632559,0.1769588440656662,0.2213679999113083
1,142,-0.2965719997882843,-0.0008327003451995552,0.6031953692436218,0.0005420645466074347,6.026533126831055,0.5100337862968445
1,143,-0.4418342411518097,0.08302746713161469,-0.036881133913993835,-0.04087678715586662,0.03995653614401817,2.088386297225952
1,144,-0.20390094816684723,0.00014799629570916295,0.08813340961933136,-0.00021961683523841202,0.8835302591323853,0.02610691450536251
1,145,-0.456596314907074,0.022624075412750244,0.2374686598777771,0.0036227188538759947,2.3384594917297363,1.432438850402832
1,146,-0.37347349524497986,0.00039007479790598154,0.06626714020967484,4.617331433109939e-05,0.6622096300125122,1.2481077909469604
1,147,-0.4648703634738922,0.09839131683111191,0.017309734597802162,-0.03566059097647667,0.5297032594680786,1.9972689151763916
1,148,-0.46984782814979553,-0.03562893718481064,0.04729544371366501,-0.018805284053087234,0.6610071659088135,1.7884175777435303
1,149,-0.46141183376312256,0.004051170777529478,0.23083028197288513,-0.0013858841266483068,2.3221614360809326,0.6665868759155273
1,150,-0.34380191564559937,-0.003178867045789957,0.09690332412719727,-0.013082703575491905,1.0998601913452148,2.127000331878662
1,151,-0.3702388107776642,-2.5002356778713875e-05,0.09353964030742645,2.1493888198165223e-05,0.9351813793182373,0.3018752932548523
1,152,-0.45497652888298035,0.033181607723236084,0.49078792333602905,-0.009268837049603462,5.000567436218262,1.857005000114441
1,153,-0.5254860520362854,0.00038737370050512254,0.012585259974002838,-0.00016585490084253252,0.1275111436843872,0.0979054719209671
1,154,-0.5778940320014954,-0.00011902193364221603,0.0021401974372565746,-0.0002928094763774425,0.02433006837964058,0.04386260733008385
1,155,-0.41103899478912354,-0.003712007310241461,0.09380107372999191,0.0011790007119998336,0.9262206554412842,1.9591330289840698
1,156,-0.3499999940395355,nan,nan,nan,nan,nan
