epoch,step,mean_scores,policykl,loss_total,loss_policy,loss_value,entropy
0,0,-0.5519999861717224,-0.000983181525953114,0.1818658709526062,-0.0026522374246269464,1.8451809883117676,0.45876824855804443
0,1,-0.1720000058412552,-0.00020583576406352222,0.1617913544178009,-0.000845828210003674,1.6263716220855713,0.2873193621635437
0,2,-0.8019999861717224,0.010555134154856205,0.052892062813043594,-0.010005513206124306,0.6289757490158081,0.5769832730293274
0,3,-0.7059999704360962,0.11872662603855133,0.02907387539744377,-0.017589857801795006,0.4666373133659363,1.0285793542861938
0,4,-0.1120000034570694,-0.018182897940278053,0.10612624883651733,-0.00763127114623785,1.1375751495361328,0.18839596211910248
0,5,-0.36399999260902405,-0.00015126782818697393,0.15080544352531433,-0.0004821933398488909,1.512876272201538,0.03872288018465042
0,6,-0.2619999945163727,-0.00013603497063741088,0.1159932017326355,-0.00031230784952640533,1.1630549430847168,0.07367958873510361
0,7,-0.5220000147819519,-0.00014130808995105326,0.15440863370895386,-0.0003166508977301419,1.5472527742385864,0.26670771837234497
0,8,-0.47600001096725464,1.2691974916378967e-05,0.12455577403306961,-0.00033168806112371385,1.2488746643066406,0.2044045329093933
0,9,0.0,-0.04266570881009102,0.17816412448883057,-0.008115222677588463,1.8627934455871582,0.7290054559707642
0,10,-1.093999981880188,0.0002971338399220258,0.1291622370481491,-0.00044192682253196836,1.29604172706604,0.32815930247306824
0,11,0.0,-0.2187267690896988,1.2678232192993164,-0.06447260081768036,13.322957992553711,0.5558378100395203
0,12,-0.8180000185966492,5.961506030871533e-05,0.14983615279197693,-0.00018230716523248702,1.5001845359802246,0.30562540888786316
0,13,-0.07999999821186066,0.00019029530812986195,0.1356801688671112,-0.00022846863430459052,1.3590863943099976,0.27575796842575073
0,14,-0.5860000252723694,0.00010330853547202423,0.14930304884910583,-7.117384666344151e-05,1.4937419891357422,0.2551383972167969
0,15,-0.08799999952316284,0.019001254811882973,0.2669357657432556,-0.02570771425962448,2.9264345169067383,0.4799390435218811
0,16,-0.5979999899864197,-6.594543810933828e-05,0.10992570221424103,-0.00015657185576856136,1.1008226871490479,0.20482641458511353
0,17,-0.20600000023841858,-3.307796941953711e-05,0.19067539274692535,-9.106254583457485e-05,1.9076645374298096,0.11919187009334564
0,18,-0.3580000102519989,-4.7766894567757845e-05,0.18643981218338013,-0.00017152757209260017,1.8661134243011475,0.35012179613113403
0,19,-0.7839999794960022,0.0001396485313307494,0.16502948105335236,-0.00036125630140304565,1.653907299041748,0.5305255055427551
0,20,-1.1200000047683716,-0.012740985490381718,0.10853032767772675,-0.007927878759801388,1.1645820140838623,0.7786427736282349
0,21,-0.8659999966621399,0.01872011087834835,0.0762033686041832,-0.009855982847511768,0.8605934977531433,0.8963139653205872
0,22,-0.4740000069141388,3.05990397464484e-05,0.1604023575782776,-0.0001279786229133606,1.6053032875061035,0.19058090448379517
0,23,-0.18400000035762787,7.672458013985306e-05,0.14691376686096191,-0.00020583604054991156,1.471195936203003,0.316001832485199
0,24,0.0,0.06774558871984482,0.08421710133552551,-0.014428871683776379,0.9864596724510193,0.7372381687164307
0,25,-0.4519999921321869,4.10428547183983e-05,0.10434767603874207,-0.00019690688350237906,1.0454457998275757,0.19313102960586548
0,26,-0.5680000185966492,1.929139943968039e-05,0.12025405466556549,-0.0005683653871528804,1.2082241773605347,0.32412588596343994
0,27,0.7120000123977661,-3.860468859784305e-05,0.10641027987003326,-0.0001631236373214051,1.0657339096069336,0.24913965165615082
0,28,-0.1860000044107437,0.00023821801005396992,0.1035936176776886,-0.0002644102496560663,1.038580298423767,0.17573782801628113
0,29,-0.41200000047683716,4.866272138315253e-05,0.1610577553510666,-4.506390177994035e-05,1.6110280752182007,0.09164758026599884
0,30,-0.6200000047683716,0.00016153641627170146,0.15436027944087982,-0.00015151190746109933,1.5451178550720215,0.18312059342861176
0,31,-0.8880000114440918,0.00014724399079568684,0.12789717316627502,-0.00020554785442072898,1.2810273170471191,0.3328835964202881
0,32,-0.49799999594688416,7.829977403162047e-05,0.14809805154800415,-0.00012733072799164802,1.4822537899017334,0.385943740606308
0,33,-0.2879999876022339,0.00012681257794611156,0.10992395877838135,-0.00029804042424075305,1.102220058441162,0.18634970486164093
0,34,-0.36399999260902405,3.801880302489735e-05,0.12565410137176514,-8.38755295262672e-05,1.2573797702789307,0.2559155225753784
0,35,-0.7519999742507935,-0.17488832771778107,0.13238905370235443,-0.05680860951542854,1.8919767141342163,0.6231290102005005
0,36,-0.6420000195503235,0.00011181428271811455,0.11521179229021072,-0.00021969039516989142,1.1543147563934326,0.30921119451522827
0,37,-0.8840000033378601,-0.06331814080476761,0.10994379222393036,-0.031567737460136414,1.415115237236023,0.7442022562026978
0,38,-0.47200000286102295,5.9742254961747676e-05,0.11412248760461807,-0.0001360143069177866,1.142585039138794,0.38517266511917114
0,39,-0.7799999713897705,0.00010862818453460932,0.09882053732872009,-0.00020457812934182584,0.9902510643005371,0.5747330784797668
0,40,0.0,0.103392593562603,0.3640422224998474,-0.05703366547822952,4.210758686065674,0.9133308529853821
0,41,-0.22200000286102295,7.070956780808046e-05,0.11267673224210739,-0.0003091165272053331,1.1298584938049316,0.3914731740951538
0,42,-0.2680000066757202,0.00014572366490028799,0.10894132405519485,-0.00019696417439263314,1.0913828611373901,0.2529573440551758
0,43,-0.6499999761581421,6.978832243476063e-05,0.12166894227266312,-0.00020573286747094244,1.2187466621398926,0.15059761703014374
0,44,-0.4320000112056732,0.00020564239821396768,0.128519207239151,-0.00019129444262944162,1.2871049642562866,0.4136371910572052
0,45,0.0,-0.07014383375644684,0.3444468379020691,-0.04036284610629082,3.8480968475341797,1.0412085056304932
0,46,-0.5860000252723694,0.00012176066229585558,0.11224821209907532,-0.0001162691114586778,1.1236447095870972,0.2202368527650833
0,47,-0.4180000126361847,0.00010669942275853828,0.1332809329032898,-0.00019855456775985658,1.3347947597503662,0.4264582395553589
0,48,-0.6240000128746033,0.00014792231377214193,0.07965688407421112,-0.00012414748198352754,0.7978103160858154,0.13948199152946472
0,49,-0.5080000162124634,7.919501513242722e-05,0.09604690968990326,-7.559017831226811e-05,0.9612249135971069,0.24553626775741577
0,50,-0.6880000233650208,0.00010470284905750304,0.10650794208049774,-0.000129296604427509,1.0663723945617676,0.5936357975006104
0,51,-0.16200000047683716,0.008095907047390938,0.12861859798431396,-0.00759868836030364,1.3621728420257568,0.31350889801979065
0,52,-0.39800000190734863,6.462612509494647e-05,0.15336570143699646,-0.0001613786444067955,1.5352706909179688,0.27088087797164917
0,53,-0.984000027179718,-0.05292428284883499,0.5792590975761414,-0.054386597126722336,6.336456775665283,0.8022952079772949
0,54,-0.2980000078678131,0.0001398777385475114,0.07438438385725021,-0.00017523951828479767,0.7455962300300598,0.15314041078090668
0,55,-0.06400000303983688,-0.0387251153588295,0.31789588928222656,-0.03180060163140297,3.496964931488037,0.5807757377624512
0,56,-0.3959999978542328,2.012240838666912e-05,0.1347784399986267,-0.00030281426734291017,1.350812554359436,0.3024718463420868
0,57,-0.34599998593330383,7.944223762024194e-05,0.08688856661319733,-8.187334606191143e-05,0.8697043657302856,0.20023508369922638
0,58,0.0,0.12786991894245148,0.8950104713439941,-0.06524015218019485,9.602506637573242,0.8700248003005981
0,59,-0.43799999356269836,0.00012571914703585207,0.10851521790027618,-0.00010232223576167598,1.0861754417419434,0.1791541874408722
0,60,-0.36000001430511475,0.01251968927681446,0.07749195396900177,-0.010448099114000797,0.8794006109237671,0.30853772163391113
0,61,-0.257999986410141,-0.033190492540597916,0.056862834841012955,-0.008137768134474754,0.6500059962272644,0.6772056221961975
0,62,-0.6259999871253967,6.464884063461795e-05,0.08907731622457504,-6.307289004325867e-05,0.8914039134979248,0.22688443958759308
0,63,-0.8399999737739563,7.198839739430696e-05,0.08915385603904724,-0.0004875312151852995,0.8964138627052307,0.3891659080982208
0,64,0.0,0.00490116560831666,0.10698903352022171,-0.003922092728316784,1.1091111898422241,0.8673964142799377
0,65,0.0,0.02657177858054638,0.05797010287642479,-0.008562907576560974,0.6653301119804382,0.7003858089447021
0,66,-0.3700000047683716,0.0001593030319781974,0.09894463419914246,-0.0001299914438277483,0.9907463192939758,0.2627255320549011
0,67,-0.36800000071525574,0.00015456098481081426,0.09901440888643265,-7.606701547047123e-05,0.990904688835144,0.1539372056722641
0,68,-0.8840000033378601,-0.06303616613149643,0.29564204812049866,-0.04573052376508713,3.4137256145477295,0.6022332906723022
0,69,-1.0800000429153442,9.179786866297945e-05,0.10128021240234375,-9.243469685316086e-05,1.0137264728546143,0.49935388565063477
0,70,-0.4180000126361847,0.0001241187856066972,0.10996432602405548,-9.577011951478198e-05,1.1006009578704834,0.1928105503320694
0,71,0.0,0.14622902870178223,0.2314874678850174,-0.06136465445160866,2.928521156311035,1.3595514297485352
0,72,-0.1120000034570694,2.1968426153762266e-05,0.09599624574184418,-0.0001302233140449971,0.9612646102905273,0.17341451346874237
0,73,-0.7879999876022339,0.14621621370315552,0.10534800589084625,-0.03332659974694252,1.3867460489273071,0.6316319704055786
0,74,-0.4819999933242798,6.911076343385503e-05,0.08565652370452881,-6.112145638326183e-05,0.8571765422821045,0.21718829870224
0,75,0.0,-0.12742479145526886,0.37404030561447144,-0.0459204837679863,4.199607849121094,1.458216667175293
0,76,-0.1080000028014183,0.0001379375607939437,0.10085547715425491,-0.00010584605479380116,1.009613275527954,0.23281022906303406
0,77,-0.4320000112056732,7.038846524665132e-05,0.096624955534935,-5.851903188158758e-05,0.9668347239494324,0.15293197333812714
0,78,-0.4819999933242798,0.0001273349189432338,0.10189224779605865,-0.0001419778127456084,1.0203423500061035,0.3384072780609131
0,79,0.0,0.11996322870254517,0.29362428188323975,-0.03028225153684616,3.239065408706665,1.138269066810608
0,80,-0.21400000154972076,-3.247498898417689e-05,0.11553256213665009,-0.00018281622033100575,1.157153844833374,0.30771148204803467
0,81,-0.7459999918937683,0.0001471029536332935,0.12850263714790344,-0.00029967320733703673,1.2880232334136963,0.442743718624115
0,82,-0.6800000071525574,4.9767048039939255e-05,0.07518377155065536,-6.117143493611366e-05,0.7524493932723999,0.09587225317955017
0,83,-0.6359999775886536,0.00011486355651868507,0.08209925889968872,-0.00012377712118905038,0.822230339050293,0.6002586483955383
0,84,-0.32600000500679016,0.00010377763101132587,0.09301665425300598,-0.00010744420433184132,0.9312409162521362,0.30286905169487
0,85,-0.3659999966621399,0.00010106644913321361,0.07513782382011414,-0.00015680088836234063,0.7529462575912476,0.19336439669132233
0,86,-0.5199999809265137,0.00011084151628892869,0.06866972148418427,-6.649037823081017e-05,0.6873621344566345,0.10923713445663452
0,87,0.0,-0.20468245446681976,0.5582668781280518,-0.06283292174339294,6.21099853515625,0.9237582087516785
0,88,-0.1720000058412552,-0.022905560210347176,0.11318480968475342,-0.011738010682165623,1.2492282390594482,0.3935896158218384
0,89,-0.20600000023841858,8.244506898336112e-05,0.11848679929971695,-8.910971519071609e-05,1.1857590675354004,0.23939915001392365
0,90,-1.1519999504089355,0.009090148843824863,0.08091007173061371,-0.0068719950504601,0.8778206706047058,0.3302091062068939
0,91,-0.4059999883174896,1.1864802218042314e-05,0.0913790762424469,-4.9817219405667856e-05,0.9142888784408569,0.11248914152383804
0,92,0.0,0.061555057764053345,0.1381598711013794,-0.03545207530260086,1.7361195087432861,1.2548946142196655
0,93,-0.20999999344348907,2.4925977413658984e-05,0.09983892738819122,-0.00015720672672614455,0.9999613165855408,0.30862852931022644
0,94,-0.42800000309944153,1.947223790921271e-05,0.11598587036132812,-7.194187492132187e-05,1.1605781316757202,0.3309862017631531
0,95,-0.3919999897480011,0.0001509262074250728,0.09506615996360779,-0.00019621290266513824,0.9526236653327942,0.3735462427139282
0,96,-0.4659999907016754,0.0001865776430349797,0.0883813351392746,-0.00012029366189381108,0.8850163221359253,0.40837791562080383
0,97,-0.18400000035762787,-0.06434788554906845,0.4250236451625824,-0.03272873908281326,4.577523708343506,0.7911794185638428
0,98,0.0,0.12627489864826202,0.10421789437532425,-0.0457732118666172,1.4999110698699951,1.289231300354004
0,99,-0.8560000061988831,0.13872340321540833,0.3300309181213379,-0.052656643092632294,3.8268754482269287,0.8716670274734497
0,100,-0.9559999704360962,-0.012605797499418259,0.07340766489505768,-0.010584832169115543,0.8399249315261841,0.8764686584472656
0,101,-1.093999981880188,-0.009153099730610847,0.06740953028202057,0.002514149295166135,0.6489537954330444,0.8105772137641907
0,102,0.0,-0.009990512393414974,0.05106784403324127,-0.00535506522282958,0.5642290711402893,0.7388548851013184
0,103,-0.04800000041723251,0.008666449226439,0.0689423531293869,-0.0076642343774437904,0.7660658955574036,0.873811662197113
0,104,-0.7680000066757202,9.807568858377635e-05,0.09526866674423218,-0.0001930507569340989,0.9546170830726624,0.5504583120346069
0,105,-0.7039999961853027,0.00010761823796201497,0.07803849875926971,-8.181730663636699e-05,0.7812031507492065,0.31763139367103577
0,106,-0.1459999978542328,0.00023278521257452667,0.10908866673707962,-0.00020355414017103612,1.0929222106933594,0.31915462017059326
0,107,-0.6480000019073486,0.00011639008152997121,0.08743615448474884,-5.7431556342635304e-05,0.8749358057975769,0.45931410789489746
0,108,-0.8519999980926514,-0.22487609088420868,1.565875768661499,-0.06485903263092041,16.307348251342773,0.5222973823547363
0,109,-0.7580000162124634,8.991782669909298e-05,0.08565138280391693,-0.00015974417328834534,0.8581112623214722,0.542969822883606
0,110,0.0,-0.06591084599494934,0.055153485387563705,-0.004710409324616194,0.5986389517784119,0.7716782689094543
0,111,-0.5180000066757202,5.4971857025520876e-05,0.05958974361419678,-2.4315590053447522e-05,0.5961406230926514,0.10298896580934525
0,112,0.6639999747276306,6.923594628460705e-05,0.06990670412778854,-9.571884584147483e-05,0.7000242471694946,0.19577115774154663
0,113,-0.06400000303983688,8.362828521057963e-05,0.10356039553880692,-5.2873045206069946e-05,1.036132574081421,0.3524704575538635
0,114,-0.9980000257492065,-0.05515240877866745,0.11756984889507294,-0.03581826388835907,1.5338810682296753,1.0324336290359497
0,115,-0.2540000081062317,9.844112355494872e-05,0.07607755810022354,-6.083337211748585e-05,0.7613838911056519,0.20769627392292023
0,116,-0.22200000286102295,0.0001900416536955163,0.06709808111190796,-0.00022416995489038527,0.6732224225997925,0.30042627453804016
0,117,-0.14800000190734863,0.0001302277814829722,0.09185115247964859,-0.00017619955178815871,0.9202735424041748,0.3007945418357849
0,118,-0.1340000033378601,0.00015597780293319374,0.07204550504684448,-8.57229606481269e-05,0.7213121652603149,0.16736555099487305
0,119,-0.07000000029802322,6.526408833451569e-05,0.05566771328449249,-0.00012898010027129203,0.557966947555542,0.16094204783439636
0,120,0.0,0.06722377985715866,0.427556574344635,-0.04894508421421051,4.765016555786133,1.3173692226409912
0,121,0.0,0.1732146143913269,2.0157666206359863,-0.07089075446128845,20.866573333740234,1.213053822517395
0,122,-0.2879999876022339,-0.0001061920847860165,0.08803659677505493,-0.00015209724369924515,0.881886899471283,0.4301029443740845
0,123,-1.0440000295639038,-3.7009172956459224e-05,0.07938039302825928,-8.033650374272838e-05,0.7946072816848755,0.49132296442985535
0,124,-0.46799999475479126,1.4344026340040728e-06,0.10738678276538849,-0.0002358121273573488,1.076225996017456,0.5453592538833618
0,125,-0.5619999766349792,3.9679758629063144e-05,0.07399880141019821,-8.32018704386428e-05,0.740820050239563,0.3867419362068176
0,126,-0.6060000061988831,2.2701595298713073e-05,0.0768582746386528,-9.949256491381675e-05,0.76957768201828,0.4060995578765869
0,127,0.0,-0.04914184659719467,0.7784833908081055,-0.04739789664745331,8.258811950683594,0.8493285775184631
0,128,-0.5960000157356262,0.0001988463191082701,0.06718151271343231,-0.00020025235426146537,0.6738176345825195,0.4891968369483948
0,129,-0.5659999847412109,0.00022063688084017485,0.08646312355995178,-6.03313856117893e-05,0.8652344942092896,0.31536865234375
0,130,-0.02800000086426735,-0.00035018648486584425,0.06958655267953873,-0.0005167967756278813,0.7010334730148315,0.4168242812156677
0,131,-1.0420000553131104,-0.03391972556710243,0.1160944402217865,-0.029418304562568665,1.455127477645874,0.6879962682723999
0,132,-0.8180000185966492,-0.0633523091673851,0.047246046364307404,-0.03402203321456909,0.8126807808876038,0.7405213117599487
0,133,-0.972000002861023,-0.020169410854578018,0.06170229986310005,-0.00909739825874567,0.7079969644546509,0.9223998188972473
0,134,-0.17399999499320984,0.0063233403488993645,0.11972039937973022,-0.006026429124176502,1.2574682235717773,0.37525883316993713
0,135,-0.2680000066757202,5.526174936676398e-05,0.06216233968734741,-3.840898352791555e-05,0.6220074892044067,0.19345802068710327
0,136,0.0,0.019009346142411232,0.10185911506414413,-0.02844616211950779,1.3030526638031006,1.426041841506958
0,137,-0.4399999976158142,7.903393270680681e-05,0.10613551735877991,-9.850350761553273e-05,1.062340259552002,0.3755332827568054
0,138,-0.4779999852180481,0.00011044627899536863,0.08981983363628387,-0.00010962179658235982,0.8992945551872253,0.4260052442550659
0,139,-0.15399999916553497,9.025345934787765e-05,0.08332116156816483,-0.000174792468897067,0.8349595069885254,0.34882718324661255
0,140,-0.9279999732971191,0.0391242615878582,0.28833121061325073,-0.042955182492733,3.312863826751709,0.925176203250885
0,141,-0.4000000059604645,4.270825593266636e-05,0.07404333353042603,-6.648276757914573e-05,0.741098165512085,0.37892353534698486
0,142,-0.6259999871253967,0.00015812439960427582,0.07910789549350739,-0.0001383821218041703,0.7924627661705017,0.5932797789573669
0,143,-0.3540000021457672,5.484754001372494e-05,0.0972168892621994,-0.00010841852053999901,0.9732530117034912,0.2521759867668152
0,144,-0.9879999756813049,8.893127233022824e-05,0.07923172414302826,-9.336322546005249e-05,0.7932508587837219,0.5007986426353455
0,145,0.0,0.00047150900354608893,0.08953581750392914,-0.006979456637054682,0.9651527404785156,1.2182068824768066
0,146,-0.16200000047683716,8.174197864718735e-05,0.07928407937288284,-8.704575157025829e-05,0.793711245059967,0.35235458612442017
0,147,-0.5600000023841858,-4.307788003643509e-06,0.06443551182746887,-0.00013674671936314553,0.6457225680351257,0.21263262629508972
0,148,-0.07800000160932541,3.21522711601574e-05,0.06665369868278503,-0.00025407163775525987,0.6690776944160461,0.2595025300979614
0,149,0.0,0.15038728713989258,0.8438974022865295,-0.058712370693683624,9.026098251342773,1.050689458847046
0,150,-0.8339999914169312,-0.009578467346727848,0.16938742995262146,-0.011411177925765514,1.8079860210418701,0.6981629133224487
0,151,0.0,-0.06702128797769547,0.040674518793821335,-0.027975168079137802,0.6864968538284302,0.9028170108795166
0,152,-0.257999986410141,2.1861140339751728e-05,0.07278570532798767,-6.936118006706238e-05,0.7285505533218384,0.1845877468585968
0,153,-0.024000000208616257,0.041148096323013306,0.3074837923049927,-0.034794703125953674,3.4227848052978516,1.2727489471435547
0,154,-0.6200000047683716,8.056381193455309e-05,0.08066821098327637,-8.893633639672771e-05,0.8075714707374573,0.41195279359817505
0,155,-0.4519999921321869,0.00022144036483950913,0.08071187138557434,-0.00011903047561645508,0.8083089590072632,0.5200570821762085
0,156,-0.13600000739097595,9.917116403812543e-05,0.06206996366381645,-9.177251740766224e-06,0.6207913756370544,0.1623459756374359
0,157,0.0,0.13884618878364563,0.08837051689624786,-0.023906877264380455,1.1227738857269287,1.0762008428573608
0,158,-0.4099999964237213,8.945047011366114e-05,0.07399687170982361,-0.00010643123096087947,0.7410330772399902,0.40595710277557373
0,159,-0.12399999797344208,0.0001895662135211751,0.08848299086093903,-0.00015288405120372772,0.8863587379455566,0.3195224404335022
0,160,-0.31200000643730164,-0.026960037648677826,0.1370786428451538,-0.03217249736189842,1.6925113201141357,0.6948086023330688
0,161,-0.6240000128746033,0.00014295482833404094,0.08918101340532303,-0.00013452193525154144,0.8931553959846497,0.6192667484283447
0,162,-0.6039999723434448,0.0001673918159212917,0.07764032483100891,-0.00011447941506048664,0.77754807472229,0.43644848465919495
0,163,-0.3440000116825104,0.00019115036411676556,0.06480568647384644,-0.00010441111953696236,0.6491009593009949,0.27263766527175903
0,164,-0.22200000286102295,0.00017261234461329877,0.08782491832971573,-4.485513272811659e-05,0.8786977529525757,0.2034696638584137
0,165,-0.7419999837875366,-0.08127611130475998,0.1999826282262802,-0.05476795881986618,2.5475056171417236,1.1657445430755615
0,166,-0.06199999898672104,0.00016392572433687747,0.05794787406921387,-6.70036970404908e-05,0.5801487565040588,0.30322086811065674
0,167,0.0,0.09751125425100327,0.25241392850875854,-0.051647014915943146,3.040609359741211,0.7558022737503052
0,168,-0.8759999871253967,0.015359410084784031,0.08782978355884552,-0.01569545455276966,1.035252332687378,0.5424028038978577
0,169,-0.09600000083446503,2.628471702337265e-05,0.05336211621761322,-0.00017176273104269058,0.5353387594223022,0.3852694034576416
0,170,-0.4300000071525574,0.000108685992017854,0.07434659451246262,-6.922659667907283e-05,0.7441582083702087,0.3631851077079773
0,171,-0.20200000703334808,4.604473724612035e-05,0.0840236023068428,-6.190004205564037e-05,0.8408550024032593,0.32552993297576904
0,172,0.0,0.0033107122872024775,0.06665399670600891,-0.004963083192706108,0.7161707878112793,1.8592884540557861
0,173,-0.3720000088214874,0.00015286907728295773,0.06843629479408264,-0.00021323405962903053,0.686495304107666,0.5946125388145447
0,174,-0.7080000042915344,9.251318260794505e-05,0.053579531610012054,-6.42125160084106e-05,0.5364373922348022,0.2878321707248688
0,175,-0.12999999523162842,-0.011107929982244968,0.08257346600294113,-0.016381975263357162,0.9895543456077576,0.559929609298706
0,176,-0.3779999911785126,0.00022476060257758945,0.06296266615390778,-9.444449096918106e-05,0.6305711269378662,0.1992100179195404
0,177,-0.41999998688697815,0.00036893622018396854,0.08008064329624176,-0.00014164081949274987,0.8022228479385376,0.39918357133865356
0,178,-0.11800000071525574,0.00027256645262241364,0.058358948677778244,-2.7217436581850052e-05,0.5838617086410522,0.18375129997730255
0,179,-1.0440000295639038,-0.020788945257663727,0.06382020562887192,-0.019141508266329765,0.8296171426773071,0.7831156849861145
0,180,-0.47600001096725464,0.00014307799574453384,0.10414449870586395,-0.00019331804651301354,1.0433781147003174,0.27310067415237427
0,181,-0.16599999368190765,0.00023333517310675234,0.08400286734104156,-0.0001988938747672364,0.8420175313949585,0.4299009442329407
0,182,0.0,-0.09394732117652893,0.47817036509513855,-0.061286862939596176,5.394571781158447,0.7159186005592346
0,183,-0.3160000145435333,0.00025361080770380795,0.12053531408309937,-6.463627505581826e-05,1.205999493598938,0.2869968116283417
0,184,-0.7580000162124634,0.0003857992996927351,0.06970971822738647,-0.00021037195983808488,0.6992008686065674,0.581853985786438
0,185,0.0,0.0692090168595314,0.1487906575202942,-0.04486950486898422,1.9366016387939453,1.3318839073181152
0,186,-0.7940000295639038,0.03671523928642273,0.07075787335634232,-0.016002727672457695,0.8676060438156128,0.7673836350440979
0,187,-0.14800000190734863,0.0011199628934264183,0.05523595213890076,-0.0007240943377837539,0.5596004724502563,0.29887863993644714
0,188,-0.9319999814033508,0.04819871485233307,0.05017482489347458,-0.024100054055452347,0.7427487969398499,0.7615253329277039
0,189,-0.3240000009536743,-3.674611434689723e-05,0.06821340322494507,-0.0003144026850350201,0.685278058052063,0.3481746315956116
0,190,-0.6980000138282776,-3.248943539801985e-05,0.08547387272119522,-0.0003534378483891487,0.8582730889320374,0.552247166633606
0,191,0.0,-0.03435329720377922,0.06173265725374222,-0.026947764679789543,0.8868041634559631,0.8467516899108887
0,192,-0.328000009059906,-0.00010463638318469748,0.051614563912153244,-8.010119199752808e-05,0.5169466733932495,0.26032572984695435
0,193,-0.3240000009536743,-6.314738129731268e-05,0.07765230536460876,-0.00014869807637296617,0.7780100107192993,0.543123185634613
0,194,0.0,0.045531950891017914,0.06953904777765274,-0.01774613931775093,0.8728518486022949,0.652607262134552
0,195,-0.18799999356269836,-6.370319169946015e-05,0.07720573991537094,-0.0001214692965731956,0.7732720375061035,0.412518173456192
0,196,-0.257999986410141,0.0077895657159388065,0.08779944479465485,-0.0067217713221907616,0.945212185382843,0.47212642431259155
0,197,-0.14000000059604645,-0.00015818212705198675,0.06337879598140717,-0.0005096625536680222,0.6388845443725586,0.26853102445602417
0,198,-0.7820000052452087,-6.310196476988494e-05,0.0923815667629242,-0.0001602837146492675,0.925418496131897,0.8005405068397522
0,199,-1.093999981880188,0.016393253579735756,0.07093952596187592,-0.019618522375822067,0.9055805206298828,0.9455265998840332
0,200,-0.8360000252723694,-6.350206967908889e-05,0.08821425586938858,-0.0001328692742390558,0.8834711909294128,0.8019753694534302
0,201,0.0,-0.0030055714305490255,0.0554528571665287,-0.0023635588586330414,0.5781641602516174,0.7011998891830444
0,202,-0.37400001287460327,9.247194248018786e-05,0.07491439580917358,-0.0001282552257180214,0.7504264712333679,0.5864781141281128
0,203,-0.1899999976158142,0.00011520317639224231,0.09150465577840805,-7.173791527748108e-05,0.9157639145851135,0.3868596851825714
0,204,-0.5479999780654907,0.00017698673764243722,0.07165732234716415,-6.794867658754811e-05,0.7172527313232422,0.37689125537872314
0,205,-0.7120000123977661,0.0002779148053377867,0.06300248950719833,-0.00010242561984341592,0.6310491561889648,0.44069504737854004
0,206,-0.3779999911785126,0.00036962711601518095,0.0556073859333992,-9.5619514468126e-05,0.5570300817489624,0.39433687925338745
0,207,-0.4480000138282776,0.0004363665939308703,0.0673074871301651,-0.00010885174560826272,0.6741633415222168,0.3762649893760681
0,208,-0.8019999861717224,-0.10580383986234665,0.18645823001861572,-0.04839028790593147,2.348484992980957,0.901509702205658
0,209,0.0,0.03655016049742699,0.2039903700351715,-0.031052954494953156,2.350433349609375,1.283121109008789
0,210,-0.5019999742507935,0.00011998163245152682,0.07950959354639053,-0.00019306736066937447,0.7970266342163086,0.7005850672721863
0,211,-0.6779999732971191,4.8319543566321954e-05,0.05899481475353241,-0.0003016553819179535,0.5929646492004395,0.5172293186187744
0,212,-0.7400000095367432,9.072895045392215e-05,0.06637117266654968,-0.00014387271949090064,0.6651504039764404,0.570164680480957
0,213,-0.36399999260902405,0.00020083956769667566,0.06190351024270058,-0.0001286348997382447,0.6203213930130005,0.5354124307632446
0,214,-0.33799999952316284,-0.032427720725536346,0.2726799547672272,-0.037973929196596146,3.106538772583008,0.9884134531021118
0,215,-0.421999990940094,0.00036116057890467346,0.07974515110254288,-0.00013333838433027267,0.7987848520278931,0.48663586378097534
0,216,-0.8560000061988831,-0.030019303783774376,0.05814856290817261,-0.012819414958357811,0.7096797823905945,0.8958988189697266
0,217,-0.335999995470047,0.00024290443980135024,0.0703807845711708,-6.573802966158837e-05,0.7044651508331299,0.6229770183563232
0,218,0.0,0.0002819735964294523,0.08594521135091782,-0.0003130752593278885,0.8625828623771667,0.2253882884979248
0,219,0.0,0.10423441231250763,0.44118279218673706,-0.05834661424160004,4.995293617248535,0.9148179292678833
0,220,0.0,0.045742519199848175,0.09753161668777466,-0.014006226323544979,1.1153783798217773,1.2772974967956543
0,221,-0.9879999756813049,-0.007039416115731001,0.0744088888168335,-0.007852839305996895,0.82261723279953,0.34660273790359497
0,222,-0.28999999165534973,0.00010805934289237484,0.06955011188983917,-0.0001265782193513587,0.6967668533325195,0.4529009461402893
0,223,-0.1599999964237213,0.00017731284606270492,0.05876599997282028,-0.00015014906239230186,0.5891615152359009,0.26021209359169006
0,224,0.0,-0.029068145900964737,0.14947155117988586,-0.021586701273918152,1.7105824947357178,1.1407796144485474
0,225,-0.5619999766349792,0.00041658335248939693,0.059838101267814636,-0.00010286767792422324,0.5994096994400024,0.5867764353752136
0,226,-0.18400000035762787,0.000378504948457703,0.058697476983070374,-0.0001833830028772354,0.5888085961341858,0.38336342573165894
0,227,-0.33799999952316284,0.00045804123510606587,0.061672452837228775,-0.00027441480779089034,0.6194686889648438,0.5266559720039368
0,228,0.0,-0.07866661995649338,0.42642536759376526,-0.057747431099414825,4.841728210449219,0.8449773788452148
0,229,-0.3479999899864197,0.00032044341787695885,0.08836386352777481,-0.00015138043090701103,0.8851524591445923,0.6007850170135498
0,230,-0.5699999928474426,0.00029590376652777195,0.07147949188947678,-0.00021522151655517519,0.7169471383094788,0.4795820713043213
0,231,-0.4259999990463257,3.642536103143357e-05,0.07789453119039536,-9.395710367243737e-05,0.7798848748207092,0.4365546703338623
0,232,-0.6019999980926514,-8.941403939388692e-05,0.07250000536441803,-0.00016093564045149833,0.7266093492507935,0.42406657338142395
0,233,0.0,0.10185820609331131,0.37984365224838257,-0.05464804172515869,4.344916820526123,1.3214247226715088
0,234,-0.3179999887943268,7.997000648174435e-05,0.08715036511421204,-0.00018826560699380934,0.8733862638473511,0.6693521738052368
0,235,-0.03200000151991844,-0.012662597000598907,0.18596294522285461,-0.01121958252042532,1.9718252420425415,1.2999221086502075
0,236,-0.41999998688697815,0.0005160677246749401,0.05503644794225693,-0.00041465586400590837,0.5545110702514648,0.5802596807479858
0,237,-0.4959999918937683,0.0005482941633090377,0.08502548187971115,-0.00014607669436372817,0.8517155647277832,0.6035860180854797
0,238,-0.7139999866485596,0.000577191065531224,0.07061401009559631,-8.969691407401115e-05,0.7070370316505432,0.3509242534637451
0,239,-0.024000000208616257,0.0007099383510649204,0.05816195160150528,-0.00016414537094533443,0.5832609534263611,0.39744144678115845
0,240,0.0,0.10401192307472229,0.1059831827878952,-0.03502393886446953,1.4100711345672607,1.2482619285583496
0,241,-0.43799999356269836,0.00046077140723355114,0.0682518407702446,-0.00018246813851874322,0.6843430995941162,0.4921573996543884
0,242,-0.5220000147819519,0.0005759118939749897,0.07402800023555756,-0.00020804179075639695,0.7423603534698486,0.7220999598503113
0,243,-0.2980000078678131,5.46677183592692e-05,0.06982447952032089,-0.0003096026775892824,0.7013408541679382,0.5005611181259155
0,244,-0.9240000247955322,-0.02549320086836815,0.06366483867168427,-0.02391689643263817,0.8758172988891602,0.9012218713760376
0,245,0.0,-0.1029411032795906,0.18823134899139404,-0.05361013859510422,2.41841459274292,0.7720714807510376
0,246,-0.33000001311302185,3.965565701946616e-05,0.08072760701179504,-0.00049647904234007,0.8122408986091614,0.3915470540523529
0,247,-0.1720000058412552,0.00015310541493818164,0.055216532200574875,-0.00010181093966821209,0.5531834363937378,0.4259231984615326
0,248,-0.722000002861023,0.08461771160364151,0.7095725536346436,-0.05369400978088379,7.632665634155273,1.2784483432769775
0,249,0.0,0.1917525678873062,0.38772451877593994,-0.057565927505493164,4.45290470123291,0.8979272842407227
0,250,-0.6359999775886536,-0.0001321460586041212,0.1048242598772049,-0.00017863200628198683,1.0500288009643555,0.45771628618240356
0,251,-0.006000000052154064,0.02351408824324608,0.31209200620651245,-0.034088075160980225,3.4618008136749268,0.9464075565338135
0,252,-0.20600000023841858,7.137665670597926e-05,0.06143968924880028,-0.00011159293353557587,0.6155128479003906,0.4163048565387726
0,253,-0.25200000405311584,0.00017992663197219372,0.06439420580863953,-4.776567220687866e-05,0.6444196701049805,0.38753223419189453
0,254,-0.014000000432133675,0.016288256272673607,0.14619669318199158,-0.02205212041735649,1.682487964630127,0.44170254468917847
0,255,-0.2619999945163727,0.00019769913342315704,0.07108161598443985,-6.178456533234566e-05,0.7114339470863342,0.4020628035068512
0,256,-0.8880000114440918,0.0003014792746398598,0.07564887404441833,-0.0001820598990889266,0.7583092451095581,0.7275716066360474
0,257,-0.08399999886751175,0.00016759714344516397,0.11369114369153976,-0.00018990287207998335,1.138810396194458,0.44059044122695923
0,258,-0.12999999523162842,-0.005838968325406313,0.09307700395584106,-0.0063758352771401405,0.9945284128189087,0.460712194442749
0,259,-0.20800000429153442,0.0003111922414973378,0.09103914350271225,-0.00010418985038995743,0.9114333391189575,0.38885802030563354
0,260,-0.28999999165534973,0.0004434441216289997,0.0590144544839859,-4.505164542933926e-05,0.5905950665473938,0.4811478853225708
0,261,-0.6179999709129333,0.00036042570718564093,0.08027978241443634,-0.00016794726252555847,0.804477334022522,0.8271658420562744
0,262,-0.871999979019165,-0.007661511190235615,0.0755966529250145,-0.006079828832298517,0.816764771938324,0.7263094186782837
0,263,-0.4259999990463257,0.0004300953005440533,0.07430374622344971,-0.0002827321586664766,0.745864748954773,0.7741314172744751
0,264,-0.20000000298023224,-0.01655663549900055,0.0900689885020256,-0.0058374302461743355,0.959064245223999,0.7534788846969604
0,265,-0.4440000057220459,0.00015511921083088964,0.07207798957824707,-0.00010343144094804302,0.7218142151832581,0.5929077863693237
0,266,-0.3019999861717224,0.00016823544865474105,0.08117303252220154,-0.00016419899475295097,0.8133723139762878,0.724865734577179
0,267,-0.17800000309944153,0.00016778669669292867,0.07599465548992157,-0.0002569618518464267,0.76251620054245,0.4931739568710327
0,268,-0.5180000066757202,0.00023731702822260559,0.06984692066907883,-9.665265679359436e-05,0.6994357109069824,0.6709004640579224
0,269,-0.23600000143051147,-4.9021298764273524e-05,0.09018023312091827,-0.00020812219008803368,0.9038835167884827,0.6531413793563843
0,270,-0.6259999871253967,0.00010522796219447628,0.0782969743013382,-0.0002945770393125713,0.7859154939651489,0.8625272512435913
0,271,-0.36399999260902405,0.00044429893023334444,0.06257984042167664,-0.00026773722493089736,0.6284758448600769,0.5191053152084351
0,272,-0.2840000092983246,0.000531071680597961,0.061632174998521805,-0.00025300151901319623,0.6188517808914185,0.7712407112121582
0,273,-0.4699999988079071,0.0005221837782301009,0.07922792434692383,-0.0003527477092575282,0.7958067059516907,0.7023550868034363
0,274,-0.5400000214576721,0.000504645868204534,0.07662053406238556,-0.00025140741490758955,0.7687194347381592,0.5673792362213135
0,275,0.0,0.0723503828048706,0.08268189430236816,-0.017336416989564896,1.00018310546875,0.652374804019928
0,276,-0.15800000727176666,0.00035764891072176397,0.09358879178762436,-0.00018742431711871177,0.9377621412277222,0.7367588877677917
0,277,-0.24199999868869781,0.00069429847644642,0.07407625019550323,-0.00021052111696917564,0.7428677082061768,0.5289926528930664
0,278,-0.30399999022483826,0.0006151125999167562,0.09146963804960251,-0.00025790894869714975,0.9172754287719727,0.5719131231307983
0,279,-0.6539999842643738,0.0003252163587603718,0.0894833505153656,-0.00014634555554948747,0.8962969183921814,0.42826634645462036
0,280,0.0,-0.3853473663330078,1.5904268026351929,-0.0710444524884224,16.61471176147461,0.7790104746818542
0,281,-0.7599999904632568,0.0004056613543070853,0.08657270669937134,-0.0001580557000124827,0.8673076629638672,0.9638777375221252
0,282,-0.5339999794960022,0.0004863607755396515,0.07103884220123291,-0.00012869387865066528,0.7116752862930298,0.48342007398605347
0,283,-0.3160000145435333,0.0003196910547558218,0.09043320268392563,-0.0001202896237373352,0.9055349230766296,0.7802726030349731
0,284,0.0,0.045240163803100586,0.6654838919639587,-0.044901348650455475,7.103852272033691,0.8973498344421387
0,285,-0.6439999938011169,5.2602903451770544e-05,0.080408975481987,-0.0001882004289655015,0.8059717416763306,0.9265314340591431
0,286,-0.18199999630451202,0.00023773714201524854,0.11461787670850754,-0.00018262429512105882,1.1480050086975098,0.5453988313674927
0,287,-0.7200000286102295,0.0002498989342711866,0.06718195974826813,-0.00011322771024424583,0.672951877117157,0.9106030464172363
0,288,-0.04399999976158142,0.010854991152882576,0.09261862933635712,-0.012044370174407959,1.0466299057006836,0.3887866735458374
0,289,0.0,-0.052844371646642685,0.14526492357254028,-0.03784607723355293,1.8311100006103516,1.2406256198883057
0,290,-0.6480000019073486,0.0002743491204455495,0.09187588095664978,-0.00010496316099306569,0.9198083877563477,0.7655305862426758
0,291,-0.37400001287460327,0.0002895994985010475,0.06612534821033478,-9.406140452483669e-05,0.6621941328048706,0.4021914601325989
0,292,-0.5559999942779541,-0.003365580691024661,0.10068497806787491,-0.0049997251480817795,1.0568469762802124,0.731548547744751
0,293,-0.1860000044107437,0.10263267159461975,0.7625895738601685,-0.08338561654090881,8.45975112915039,2.770385265350342
0,294,-0.36000001430511475,-0.00011819726933026686,0.08425696194171906,-0.00017952856433112174,0.8443648815155029,0.7578219175338745
0,295,0.0,-0.010758121497929096,0.11351089924573898,-0.0006056501879356802,1.1411654949188232,1.5294277667999268
0,296,0.0,0.00035356858279556036,0.0821593850851059,-0.001049453392624855,0.8320883512496948,0.46331197023391724
0,297,0.0,0.09140586107969284,0.23743277788162231,-0.0279199481010437,2.65352725982666,1.6105576753616333
0,298,-0.25999999046325684,-5.3060204663779587e-05,0.09302368760108948,-0.0003108326345682144,0.9333451390266418,0.8277165293693542
0,299,-0.33000001311302185,0.000156176058226265,0.08610562980175018,-0.00012002388393739238,0.8622565269470215,0.7141903638839722
0,300,-0.9459999799728394,0.03920747712254524,0.07777952402830124,-0.015999024733901024,0.9377855062484741,0.7392063140869141
0,301,-0.18400000035762787,0.000356072501745075,0.1300967037677765,-0.0001137277577072382,1.3021042346954346,0.6324706077575684
0,302,0.0,-0.004631216637790203,0.0992569848895073,-0.004559271037578583,1.0381625890731812,0.8268810510635376
0,303,0.0,-0.10008827596902847,0.17176015675067902,-0.05334830656647682,2.251084804534912,0.6766031980514526
0,304,-0.800000011920929,-0.12644299864768982,0.09521613270044327,-0.0031099480111151934,0.9832608103752136,0.714460015296936
0,305,-0.9760000109672546,0.00041318187140859663,0.08144091069698334,-5.819400030304678e-05,0.8149910569190979,0.6151741743087769
0,306,-0.1679999977350235,0.00014509426546283066,0.11632701754570007,-0.0019081589998677373,1.1823517084121704,0.5151758790016174
0,307,-0.9440000057220459,0.044178321957588196,0.2699415981769562,-0.0403771698474884,3.1031875610351562,0.8599327802658081
0,308,-0.6079999804496765,0.00028709659818559885,0.10816571861505508,-0.0002915138902608305,1.0845723152160645,0.8904342651367188
0,309,-1.003999948501587,0.015161030925810337,0.08623464405536652,-0.013476850464940071,0.997114896774292,0.43465760350227356
0,310,-0.3499999940395355,-6.97733776178211e-06,0.07989920675754547,-0.00017740577459335327,0.800766110420227,0.4915063679218292
0,311,-0.515999972820282,0.00014326412929221988,0.10096918046474457,-0.00030691426945850253,1.0127609968185425,0.7524887919425964
0,312,-0.03200000151991844,0.005160125903785229,0.10711222887039185,-0.0008386879344470799,1.0795091390609741,0.9411242008209229
0,313,-0.38199999928474426,0.0004471547727007419,0.07715879380702972,-0.000371179252397269,0.7752996683120728,0.9586394429206848
0,314,-0.2840000092983246,0.00026347136008553207,0.10857091844081879,-4.701067882706411e-05,1.0861791372299194,0.5705565810203552
0,315,-0.9660000205039978,-0.01574590802192688,0.09123989939689636,-0.014356772415339947,1.0559667348861694,0.8402368426322937
0,316,-0.8420000076293945,-0.1123661920428276,0.15085259079933167,-0.039122454822063446,1.8997502326965332,0.74187171459198
0,317,-0.4560000002384186,0.0004433103313203901,0.08910773694515228,-0.0002816661144606769,0.8938939571380615,0.9375446438789368
0,318,0.0,0.019942715764045715,0.12002309411764145,-0.013531801290810108,1.335548996925354,0.7591964602470398
0,319,-0.35600000619888306,-0.00010153760376852006,0.07440353184938431,-0.00022859001182951033,0.7463212013244629,0.5200444459915161
0,320,0.0,0.002626816276460886,0.11605837941169739,-0.0026551943738013506,1.1871356964111328,0.7165352702140808
0,321,-0.8199999928474426,0.0001182072883239016,0.08829954266548157,-0.00011269748938502744,0.884122371673584,0.5847756862640381
0,322,0.0,-0.021440330892801285,0.1610775589942932,-0.00911018718034029,1.701877474784851,1.5301694869995117
0,323,-0.7580000162124634,0.035788048058748245,0.11124758422374725,-0.013439115136861801,1.2468669414520264,1.0662509202957153
0,324,-0.21400000154972076,-7.721918518655002e-05,0.08774755895137787,-0.0002236713917227462,0.8797122240066528,0.5469503402709961
0,325,-0.5180000066757202,-5.42291636520531e-05,0.12339920550584793,-0.00016290259372908622,1.2356209754943848,0.5392972230911255
0,326,-1.0499999523162842,2.2072548745200038e-05,0.11885376274585724,-0.00030193166458047926,1.1915569305419922,1.1690959930419922
0,327,0.0,0.01284561026841402,0.1429879367351532,-0.012867157347500324,1.5585510730743408,0.8075132966041565
0,328,-0.12399999797344208,0.02218758687376976,0.21050381660461426,-0.022626450285315514,2.3313026428222656,0.9696388840675354
0,329,0.0,0.028487030416727066,0.1006816178560257,-0.014822704717516899,1.155043125152588,0.909756064414978
0,330,-0.75,-0.013909424655139446,0.12203008681535721,-0.0012392650824040174,1.2326934337615967,0.7908344268798828
0,331,-0.9179999828338623,0.0038714224938303232,0.1225992888212204,-0.011297902092337608,1.3389718532562256,0.7918044328689575
0,332,-0.3479999899864197,0.00010041032510343939,0.11761322617530823,-0.0001627641322556883,1.1777598857879639,0.6468735933303833
0,333,-0.10999999940395355,-0.014139599166810513,0.21832406520843506,-0.015126166865229607,2.3345022201538086,1.5137791633605957
0,334,-0.1940000057220459,0.0003380171547178179,0.11276480555534363,-0.0002685959043446928,1.1303340196609497,1.0246559381484985
0,335,-0.9700000286102295,-0.005989341996610165,0.14749746024608612,0.00019557648920454085,1.4730188846588135,1.1357676982879639
0,336,-1.0579999685287476,0.007884785532951355,0.09368769079446793,-0.00850294902920723,1.0219063758850098,0.9390978813171387
0,337,0.0,-0.05393641069531441,0.15253539383411407,-0.029764171689748764,1.822995662689209,1.0759832859039307
0,338,-0.057999998331069946,-0.021468546241521835,0.128085657954216,0.0029486105777323246,1.2513704299926758,0.9074859023094177
0,339,-0.47600001096725464,0.0012862738221883774,0.13212047517299652,-0.0003969812241848558,1.3251744508743286,0.9499059915542603
0,340,-0.5640000104904175,0.0014621823793277144,0.12622827291488647,0.00012205541133880615,1.2610621452331543,0.7987829446792603
0,341,0.0,0.028017494827508926,0.09101779013872147,-0.0053018610924482346,0.9631965160369873,1.0627104043960571
0,342,-0.4359999895095825,0.0007263743900693953,0.1339217871427536,-0.0003031585365533829,1.3422493934631348,0.7312728762626648
0,343,0.0,0.025766057893633842,0.16821341216564178,-0.0025081175845116377,1.7072153091430664,1.3092968463897705
0,344,0.0,-0.03694714605808258,0.14308050274848938,-0.021252427250146866,1.643329381942749,1.1836585998535156
0,345,-0.26600000262260437,0.0013709885533899069,0.13563866913318634,-0.0004450610722415149,1.3608372211456299,0.7755765914916992
0,346,-1.0980000495910645,-0.005884661339223385,0.137869730591774,-0.007307444233447313,1.4517717361450195,1.2455965280532837
0,347,-0.2460000067949295,0.002202204428613186,0.127985417842865,-0.00026835562312044203,1.282537579536438,0.8259017467498779
0,348,-0.6140000224113464,0.0011234995909035206,0.12215638160705566,-0.0002972657384816557,1.224536418914795,0.9193779230117798
0,349,-0.34599998593330383,0.0006063529290258884,0.14110374450683594,-0.0006826954777352512,1.4178643226623535,0.8999769687652588
0,350,-0.921999990940094,0.00010871427366510034,0.13241931796073914,-0.0005398119683377445,1.3295912742614746,1.1072076559066772
0,351,0.0,0.02228768728673458,0.17709821462631226,-0.008510514162480831,1.856087327003479,1.9360630512237549
0,352,-0.2619999945163727,0.0005837861099280417,0.11417039483785629,-0.00021952390670776367,1.1438992023468018,0.6936172842979431
0,353,-0.6100000143051147,-0.00013186728756409138,0.1659536212682724,-0.0005248779198154807,1.6647849082946777,1.1120061874389648
0,354,0.0,-0.0019284180598333478,0.12466653436422348,-0.0013386370847001672,1.2600517272949219,0.43567728996276855
0,355,-1.2339999675750732,-0.00198389682918787,0.18742050230503082,-0.004486117511987686,1.9190661907196045,0.5151613354682922
0,356,-0.4359999895095825,-0.0008958331891335547,0.14643068611621857,-0.0002855273487512022,1.4671621322631836,0.8745673894882202
0,357,-0.23000000417232513,-5.767633774667047e-05,0.16120080649852753,-0.0002710291591938585,1.6147181987762451,0.5534665584564209
0,358,-0.6200000047683716,0.06865537166595459,0.3860931992530823,-0.041759952902793884,4.278532028198242,1.6118519306182861
0,359,-0.9919999837875366,-0.029774565249681473,0.2825278043746948,-0.026708006858825684,3.092358112335205,1.0718159675598145
0,360,-0.29600000381469727,0.0008259782334789634,0.13208690285682678,-0.0002900920808315277,1.3237698078155518,0.8179890513420105
0,361,-0.3720000088214874,0.0007679270347580314,0.1570211946964264,-0.00019720567797776312,1.5721839666366577,1.0377979278564453
0,362,-1.1380000114440918,0.0006067244103178382,0.17549991607666016,-0.0003095008141826838,1.758094072341919,0.6957369446754456
0,363,-0.46399998664855957,-4.933767195325345e-05,0.22748196125030518,-0.0007304244791157544,2.2821238040924072,1.147132158279419
0,364,-0.4180000126361847,-7.960471702972427e-05,0.14819125831127167,-0.0005517167155630887,1.4874297380447388,0.9514167308807373
0,365,-0.45399999618530273,0.00015531599638052285,0.17016208171844482,-0.0005867704749107361,1.7074885368347168,0.8641502857208252
0,366,0.0,-0.0189922247081995,0.2794756293296814,-0.008442157879471779,2.8791778087615967,1.6035075187683105
0,367,-0.17800000309944153,0.0010931899305433035,0.1770189255475998,-0.0002273159916512668,1.7724623680114746,0.5832051634788513
0,368,-0.06800000369548798,0.0004602208500728011,0.16489048302173615,-0.0002590455114841461,1.6514952182769775,0.7160534858703613
0,369,-0.33399999141693115,0.00036605692002922297,0.15072888135910034,-0.000651305541396141,1.5138019323349,1.1755621433258057
0,370,-0.04800000041723251,-0.005208267364650965,0.16475871205329895,-0.003899915376678109,1.6865861415863037,1.0966784954071045
0,371,-1.065999984741211,-0.00984543189406395,0.20218349993228912,-0.012400360777974129,2.145838737487793,0.558850884437561
0,372,-0.7120000123977661,0.021554065868258476,0.1890912652015686,-0.0070359171368181705,1.96127188205719,1.3642172813415527
0,373,-0.21199999749660492,0.004527211654931307,0.3466286063194275,-0.006137320306152105,3.5276591777801514,0.7286026477813721
0,374,0.0,0.00367272668518126,0.15764382481575012,-0.0005803343956358731,1.5822415351867676,0.8152320384979248
0,375,-0.9620000123977661,-0.0021940425503998995,0.19154253602027893,-0.00355423241853714,1.95096755027771,0.5284026861190796
0,376,-0.8379999995231628,-0.016203224658966064,0.2716829776763916,-0.007633015047758818,2.7931602001190186,1.108779788017273
0,377,-0.6499999761581421,0.0032726917415857315,0.21311503648757935,-0.0007384506752714515,2.1385347843170166,1.4721565246582031
0,378,-0.08399999886751175,0.006463040132075548,0.25153493881225586,-0.009789910167455673,2.613248348236084,0.953482985496521
0,379,-0.593999981880188,-0.0014652571408078074,0.21967099606990814,-0.0010853192070499063,2.2075631618499756,0.8697220087051392
0,380,-0.06599999964237213,-0.005114341154694557,0.14937877655029297,-0.0021863568108528852,1.5156513452529907,0.8035567998886108
0,381,-0.7179999947547913,-0.006628329865634441,0.20534580945968628,-0.0035370737314224243,2.0888285636901855,1.264249563217163
0,382,-0.17599999904632568,-0.005839792545884848,0.2075599730014801,-0.0017180616268888116,2.092780113220215,0.9503234624862671
0,383,-1.1160000562667847,-0.002480672439560294,0.2044588029384613,-0.0010290853679180145,2.0548787117004395,1.4043899774551392
0,384,-1.2280000448226929,-0.0009640157222747803,0.231639564037323,-0.0012478617718443274,2.328874349594116,0.4904780387878418
0,385,-0.7760000228881836,0.09085681289434433,0.4399650990962982,-0.037675533443689346,4.776406288146973,0.9342106580734253
0,386,-0.1679999977350235,-0.0006073080003261566,0.18608441948890686,-0.0005458667874336243,1.8663029670715332,0.8259328603744507
0,387,0.0,-0.033151399344205856,0.4379332959651947,-0.025155896320939064,4.630891799926758,1.5421035289764404
0,388,-0.8119999766349792,-0.05728967487812042,0.4518622159957886,-0.032990142703056335,4.848523139953613,0.971683144569397
0,389,-0.5479999780654907,0.002252190373837948,0.23007231950759888,-0.0005082202260382473,2.305805206298828,1.2652480602264404
0,390,-0.3799999952316284,0.0021670213900506496,0.22374357283115387,-0.0002450694446451962,2.2398862838745117,0.9246054291725159
0,391,-0.28600001335144043,0.005021176300942898,0.2241545468568802,-0.0009415261447429657,2.2509605884552,1.016462802886963
0,392,-0.10000000149011612,0.00046311516780406237,0.19290916621685028,-0.0004343601467553526,1.9334352016448975,0.9347966313362122
0,393,-0.05400000140070915,-0.0011119693517684937,0.24366191029548645,-0.0009220030624419451,2.4458389282226562,0.9094994068145752
0,394,-0.2980000078678131,-0.000679150631185621,0.23588566482067108,-0.0006008756463415921,2.364865303039551,0.8952490091323853
0,395,-0.10400000214576721,4.121513484278694e-06,0.31142669916152954,-0.0005833010072819889,3.1200997829437256,0.715790867805481
0,396,-1.0240000486373901,0.006248997524380684,0.2832363545894623,-0.005379215814173222,2.886155605316162,1.5511558055877686
0,397,-0.09799999743700027,0.002578867133706808,0.20269331336021423,-0.0008158832788467407,2.0350918769836426,0.9964466094970703
0,398,-0.34200000762939453,0.002779867500066757,0.260172963142395,-0.00019029900431632996,2.6036324501037598,1.1182857751846313
0,399,0.0,-0.016321923583745956,0.3552331030368805,-0.018562085926532745,3.7379517555236816,1.517727017402649
0,400,-1.2419999837875366,-0.009792020544409752,0.41269320249557495,0.004572727717459202,4.081204891204834,1.7884677648544312
0,401,-0.8920000195503235,-0.0005842384998686612,0.29302316904067993,-0.002056817291304469,2.9507999420166016,1.3497366905212402
0,402,-0.2199999988079071,-0.005127151496708393,0.22332832217216492,-0.0025324784219264984,2.258607864379883,1.0087770223617554
0,403,-0.44999998807907104,0.015925701707601547,0.3766328692436218,-0.017543254420161247,3.9417614936828613,1.6537530422210693
0,404,0.0,0.00037275784416124225,0.1944139152765274,-0.0007511737057939172,1.951650857925415,0.8203104734420776
0,405,-0.31200000643730164,-0.0034708301536738873,0.3518136739730835,-0.00834439042955637,3.6015806198120117,0.9756613373756409
0,406,-0.1899999976158142,0.0024726639967411757,0.2918173670768738,-0.0006839434499852359,2.9250130653381348,1.0452280044555664
0,407,-0.05400000140070915,-0.0010338471038267016,0.27319955825805664,-0.005223254207521677,2.7842280864715576,1.3596657514572144
0,408,-0.800000011920929,0.0743127390742302,0.4136238694190979,-0.026921194046735764,4.405450820922852,1.3766717910766602
0,409,-0.2759999930858612,0.0011515384539961815,0.24570178985595703,-5.0722308515105397e-05,2.4575252532958984,0.8525162935256958
0,410,0.0,-0.0007520437357015908,0.26624569296836853,-0.00047000497579574585,2.667156934738159,1.0568172931671143
0,411,0.0,-0.0033392433542758226,0.3714265525341034,-0.004611743614077568,3.760382890701294,1.4686672687530518
0,412,-0.07800000160932541,-0.0009593256982043386,0.25225532054901123,-0.0007629953324794769,2.5301828384399414,0.7602706551551819
0,413,-0.7319999933242798,-0.0017579817213118076,0.27573469281196594,-0.000779924273956567,2.765146255493164,0.6680575013160706
0,414,-0.9160000085830688,-0.012369628064334393,0.3758419156074524,-0.005297670606523752,3.8113958835601807,1.3245947360992432
0,415,-0.9779999852180481,-0.006236688699573278,0.3916524052619934,0.0030480804853141308,3.886043071746826,1.586179494857788
0,416,-0.25,-0.0003440417640376836,0.2547948658466339,-0.0006606616079807281,2.5545554161071777,0.7474433183670044
0,417,-0.5540000200271606,-0.002920994535088539,0.2267611026763916,-0.0016267262399196625,2.2838783264160156,1.701042890548706
0,418,0.0,-0.002989145927131176,0.23023080825805664,-0.0013859594473615289,2.3161678314208984,0.6774042844772339
0,419,-0.8859999775886536,-0.07440947741270065,0.5178236961364746,-0.017248045653104782,5.350717544555664,1.1457886695861816
0,420,-0.8220000267028809,-0.03947507590055466,0.36927783489227295,0.005581274162977934,3.63696551322937,1.3093911409378052
0,421,-0.9399999976158142,0.020498115569353104,0.3495832681655884,-0.007589054759591818,3.571723222732544,1.6231180429458618
0,422,-0.41200000047683716,-0.0012964473571628332,0.34151703119277954,-0.0007049006526358426,3.4222195148468018,1.0978138446807861
0,423,-0.27000001072883606,-0.0015286090783774853,0.23204147815704346,-0.0014262311160564423,2.334677219390869,0.7529295682907104
0,424,-0.4180000126361847,-0.000222787813981995,0.28190016746520996,-0.0008647851645946503,2.8276493549346924,0.7702932953834534
0,425,-0.3240000009536743,0.003040906274691224,0.3399506211280823,-0.0006034175748936832,3.4055404663085938,0.9862370491027832
0,426,-0.7919999957084656,-0.06078681722283363,0.5065698623657227,-0.022999214008450508,5.295691013336182,1.1061432361602783
0,427,0.0,0.003206599736586213,0.26185867190361023,-0.0006457926938310266,2.625044822692871,0.6852984428405762
0,428,-0.23800000548362732,0.0027274631429463625,0.2968752980232239,-0.0007775239646434784,2.9765281677246094,1.1399775743484497
0,429,-0.29600000381469727,0.002577658277004957,0.3163354694843292,-0.0005293190479278564,3.1686477661132812,1.2479313611984253
0,430,0.0,0.002484292723238468,0.29634803533554077,-0.0009723764378577471,2.9732041358947754,0.877173900604248
0,431,-0.16599999368190765,0.0015736412024125457,0.3128926157951355,-0.0014648586511611938,3.1435747146606445,1.1840518712997437
0,432,0.0,0.018412791192531586,0.7789976000785828,-0.001752454205416143,7.80750036239624,2.455936908721924
0,433,-0.6759999990463257,0.09775036573410034,0.8458683490753174,-0.03710517659783363,8.829734802246094,1.415196180343628
0,434,-0.3619999885559082,-0.00023447895364370197,0.28874146938323975,-0.000615973025560379,2.8935744762420654,0.996820330619812
0,435,-0.6140000224113464,-0.00244983471930027,0.3077823221683502,-0.001148715615272522,3.08931040763855,0.7634484171867371
0,436,-1.003999948501587,0.00028884990024380386,0.3131643235683441,-0.001484723063185811,3.1464903354644775,1.0500260591506958
0,437,-0.15199999511241913,-0.002293965546414256,0.27577805519104004,-0.0011672426480799913,2.7694528102874756,0.8032353520393372
0,438,-0.7379999756813049,-0.08563808351755142,0.8646247982978821,-0.04103127494454384,9.056560516357422,1.1959149837493896
0,439,-0.843999981880188,0.0004083905660081655,0.32091814279556274,-0.0003955625288654119,3.213136911392212,0.8735594749450684
0,440,-0.8320000171661377,0.00945232342928648,0.5150423049926758,-0.0013434658758342266,5.163858413696289,1.486174464225769
0,441,-0.9959999918937683,0.0044709499925374985,0.5775536298751831,-0.00011460675159469247,5.7766828536987305,1.9847469329833984
0,442,-0.23399999737739563,1.1024185369024053e-05,0.33232057094573975,-0.00043283900595270097,3.3275339603424072,0.882952094078064
0,443,-0.9240000247955322,-0.03184802830219269,0.5018196702003479,-0.004643578082323074,5.064632415771484,1.5249276161193848
0,444,-0.5740000009536743,0.0017350721172988415,0.4159478545188904,-0.0007967228884808719,4.167445659637451,1.6284754276275635
0,445,-0.8259999752044678,0.002542327158153057,0.4637630879878998,-0.0012076236307621002,4.649706840515137,1.6386679410934448
0,446,-0.8740000128746033,0.0018512648530304432,0.4760395884513855,-0.0002464478020556271,4.762860298156738,1.7743464708328247
0,447,-1.25,-0.0010760454460978508,0.48820844292640686,-0.00820166990160942,4.9641008377075195,1.1813366413116455
0,448,0.0,0.07549658417701721,0.8520420789718628,-0.03395693749189377,8.859990119934082,1.478799819946289
0,449,-0.6679999828338623,0.0299653559923172,0.5025429725646973,-0.008430933579802513,5.109739303588867,1.8007800579071045
0,450,0.0,-0.0004746532067656517,0.28919968008995056,-0.0007611078326590359,2.8996078968048096,1.1390568017959595
0,451,-0.026000000536441803,0.05583490803837776,0.9452916383743286,-0.008753673173487186,9.54045295715332,2.260803699493408
0,452,-0.9599999785423279,0.02199978195130825,0.4909743666648865,-0.002174474997445941,4.931488513946533,1.7171521186828613
0,453,-0.8159999847412109,0.0003544933279044926,0.34932804107666016,-0.0023720485623925924,3.517000913619995,0.7988448143005371
0,454,-0.20999999344348907,-0.00010063534864457324,0.29536426067352295,-0.0008568341145291924,2.9622108936309814,0.9419795274734497
0,455,-0.3199999928474426,2.8246009605936706e-05,0.358914852142334,-0.0018982923356816173,3.6081314086914062,1.1602230072021484
0,456,0.0,-0.07716723531484604,1.1160866022109985,-0.040835969150066376,11.569226264953613,1.249629020690918
0,457,-0.7680000066757202,-0.024197489023208618,0.6369667053222656,0.010591091588139534,6.26375675201416,1.0773305892944336
0,458,-0.28200000524520874,-0.0035044311080127954,0.28701338171958923,-0.0014334159204736352,2.8844680786132812,1.2947049140930176
0,459,-1.059999942779541,0.005691155791282654,0.7225459814071655,-0.008481358177959919,7.310273170471191,1.6721267700195312
0,460,-0.6039999723434448,-0.015694212168455124,0.5914536714553833,-0.005802915897220373,5.972565650939941,1.6612770557403564
0,461,-1.1260000467300415,0.0061704255640506744,0.5665481090545654,-0.0009284528787247837,5.6747660636901855,1.1224424839019775
0,462,-0.25,-0.005701875779777765,0.3826645314693451,-0.0025275747757405043,3.8519210815429688,1.0112531185150146
0,463,-0.5699999928474426,-0.0023953067138791084,0.5401685237884521,-0.0019004568457603455,5.420689582824707,1.186084270477295
0,464,-0.6679999828338623,0.0015194045845419168,0.48182475566864014,-0.0010451215784996748,4.828699111938477,1.3596314191818237
0,465,-0.20999999344348907,-0.001463392749428749,0.35037824511528015,-0.0015222461661323905,3.5190048217773438,0.9274283647537231
0,466,-1.031999945640564,0.019143875688314438,0.7534624338150024,-0.008863899856805801,7.623263359069824,1.691102385520935
0,467,-0.8640000224113464,-0.07915052771568298,1.376432180404663,-0.04172717034816742,14.181593894958496,1.3481340408325195
0,468,-0.7559999823570251,0.03237328678369522,0.9088349938392639,-0.009157623164355755,9.179925918579102,1.3508009910583496
0,469,-1.0499999523162842,0.012695127166807652,0.6988189220428467,-0.0022555808536708355,7.010744571685791,1.599794626235962
0,470,-0.5120000243186951,0.003316439688205719,0.4577449560165405,-0.0005021411925554276,4.582470893859863,0.9763818383216858
0,471,-0.6520000100135803,0.0028081543277949095,0.4479501247406006,-1.0623291018418968e-05,4.479607582092285,1.184817910194397
0,472,-0.47600001096725464,0.00524134049192071,0.598179817199707,-0.0010668163886293769,5.992465972900391,1.2189463376998901
0,473,-0.15199999511241913,0.009662282653152943,0.36361634731292725,-0.00011861448001582175,3.6373493671417236,1.260986328125
0,474,-0.04800000041723251,0.004931461066007614,0.3324447274208069,-0.0020465210545808077,3.344912528991699,1.222455620765686
0,475,-0.9079999923706055,-0.07459137588739395,0.8324446082115173,-0.02153649553656578,8.539811134338379,1.503833293914795
0,476,-0.48399999737739563,-0.0002496741362847388,0.48837822675704956,-0.001203749212436378,4.895819664001465,1.3765544891357422
0,477,-0.47200000286102295,-0.004731059540063143,0.6600092649459839,-0.002054372103884816,6.620636463165283,1.8410073518753052
0,478,-0.984000027179718,0.01764686591923237,0.7373302578926086,-0.005748709198087454,7.430789470672607,2.021761894226074
0,479,-0.5120000243186951,0.0014060304965823889,0.4750904142856598,-0.0010980205843225121,4.7618842124938965,1.264394998550415
0,480,-0.8820000290870667,0.02532585710287094,0.7878997921943665,-0.004057570360600948,7.9195733070373535,2.1008129119873047
0,481,-0.18799999356269836,0.00020207565103191882,0.49600738286972046,-0.0002909824252128601,4.96298360824585,1.2789316177368164
0,482,-0.30799999833106995,-0.001176868681795895,0.5626121759414673,-0.0005101983551867306,5.631223201751709,0.9842120409011841
0,483,-0.3179999887943268,0.00301284808665514,0.37816256284713745,-0.0005547069013118744,3.787172317504883,1.1700893640518188
0,484,-0.25999999046325684,0.0033121949527412653,0.48740261793136597,-0.0009999548783525825,4.884025573730469,1.4382644891738892
0,485,-0.550000011920929,-0.0009735366911627352,0.5306780338287354,-0.0014000486116856337,5.3207807540893555,1.6949706077575684
0,486,0.0,-0.008378824219107628,1.7472716569900513,-0.012964644469320774,17.60236358642578,2.6434340476989746
0,487,-1.0219999551773071,0.0017963722348213196,0.4590056836605072,-0.00051775889005512,4.595234394073486,1.1208456754684448
0,488,-0.843999981880188,0.009971730411052704,0.550803005695343,0.0009392028441652656,5.498638153076172,1.4982354640960693
0,489,-0.9200000166893005,8.332295692525804e-05,0.3767581880092621,-0.0009475872502662241,3.7770578861236572,1.6896872520446777
0,490,-1.027999997138977,0.016824234277009964,0.8370392322540283,-0.00871892087161541,8.45758056640625,1.2881898880004883
0,491,-1.1019999980926514,-0.0033938265405595303,0.8208098411560059,-0.0049921791069209576,8.258020401000977,1.8901621103286743
0,492,-0.9259999990463257,-0.0010305255418643355,0.8259330987930298,0.0006224183598533273,8.253107070922852,2.270784854888916
0,493,-0.7260000109672546,-0.008186627179384232,0.6458650827407837,-0.002396170049905777,6.482612133026123,1.9573824405670166
0,494,-0.2240000069141388,-0.006920245010405779,0.45822516083717346,-0.0014969420153647661,4.597220420837402,1.3962204456329346
0,495,-0.1899999976158142,0.0069281598553061485,0.7157996892929077,-0.0033965257462114096,7.191962242126465,1.4482898712158203
0,496,-0.7200000286102295,0.0028643663972616196,1.1128443479537964,-8.719477045815438e-05,11.129315376281738,1.6951165199279785
0,497,-0.843999981880188,0.14347361028194427,1.5449154376983643,-0.02892914041876793,15.738446235656738,1.9993329048156738
0,498,0.0,0.05383925512433052,0.9755492210388184,-0.020399510860443115,9.959486961364746,1.9234145879745483
0,499,-0.1080000028014183,-0.005054821725934744,0.48734551668167114,-0.0027242726646363735,4.900697708129883,1.4705848693847656
0,500,-0.20000000298023224,-0.006859155837446451,0.46666234731674194,-0.0012857802212238312,4.679481506347656,1.6592981815338135
0,501,-0.15199999511241913,-0.06146961450576782,1.146043062210083,-0.009148750454187393,11.55191707611084,1.3855655193328857
0,502,-0.6259999871253967,-0.0008869323064573109,0.5901527404785156,-0.001337232650257647,5.914899826049805,1.0981931686401367
0,503,-0.5199999809265137,-0.0025810645893216133,0.49162834882736206,-0.0017933807102963328,4.93421745300293,1.6197481155395508
0,504,0.0,0.06330537796020508,1.5242327451705933,-0.004455168731510639,15.28687858581543,1.973726749420166
0,505,-0.17399999499320984,0.0013701699208468199,0.5349762439727783,-0.000537558167707175,5.355137825012207,1.419838547706604
0,506,-0.871999979019165,-0.02533002942800522,1.3911042213439941,-0.01729942299425602,14.08403491973877,1.4220266342163086
0,507,-0.36399999260902405,0.002855600556358695,0.440639853477478,-0.0008907901938073337,4.415306091308594,1.164510726928711
0,508,-0.029999999329447746,0.002630996983498335,0.4044889211654663,-0.0007677047397010028,4.052566051483154,1.2348061800003052
0,509,-0.7760000228881836,0.014738427475094795,1.1402761936187744,-0.0032932348549365997,11.435694694519043,1.5197300910949707
0,510,0.0,-0.0004556818457785994,0.43770939111709595,-0.0016749091446399689,4.393842697143555,1.1504859924316406
0,511,-0.5699999928474426,-0.002130625071004033,0.5299797058105469,-0.0016510412096977234,5.316307067871094,1.9374617338180542
0,512,-0.699999988079071,0.032887473702430725,1.1199145317077637,-0.004750292282551527,11.246647834777832,1.7322139739990234
0,513,-1.1200000047683716,0.004172574728727341,0.546007513999939,-0.0006035442347638309,5.4661102294921875,1.5072792768478394
0,514,-0.47600001096725464,0.0009887047344818711,0.6583605408668518,-0.0005354596069082618,6.588959693908691,1.847672939300537
0,515,0.0,0.005447888746857643,0.7599819898605347,-0.0007245714659802616,7.6070661544799805,2.0373454093933105
0,516,-0.3540000021457672,0.008689086884260178,0.8796019554138184,-0.004023189190775156,8.836250305175781,1.280626654624939
0,517,-0.11999999731779099,0.0012337249936535954,0.5963839292526245,-0.0008108373731374741,5.971946716308594,1.6181716918945312
0,518,-0.12999999523162842,0.002190739382058382,0.4475576877593994,-0.002714798552915454,4.502724647521973,1.0620136260986328
0,519,-1.1979999542236328,0.011048241518437862,0.7560757994651794,-0.002484421944245696,7.585601806640625,1.5618242025375366
0,520,-1.0700000524520874,0.022514065727591515,1.0015277862548828,-0.007089819759130478,10.086175918579102,1.5882108211517334
0,521,-0.5759999752044678,0.003633263520896435,0.5469664335250854,-0.00019674529903568327,5.4716315269470215,1.4453880786895752
0,522,-1.0019999742507935,-0.03962080925703049,0.7864267826080322,-0.00712835555896163,7.935550689697266,1.6579349040985107
0,523,-0.1679999977350235,0.007371152751147747,0.5296432375907898,-0.00019702066492754966,5.298402309417725,1.8528274297714233
0,524,-0.20800000429153442,0.008317721076309681,0.8926386833190918,-0.0017047051806002855,8.94343376159668,2.059062957763672
0,525,-0.029999999329447746,0.0016469514230266213,0.4887804388999939,-0.0026014968752861023,4.913819313049316,1.17515230178833
0,526,-0.2939999997615814,0.007259538862854242,0.9103244543075562,-0.0018885661847889423,9.122130393981934,2.026460886001587
0,527,-1.003999948501587,0.011769430711865425,1.116148591041565,-0.000743600248824805,11.16892147064209,1.8909046649932861
0,528,-0.11400000005960464,0.0006191518623381853,0.8045032024383545,-0.0010294100502505898,8.055326461791992,1.6580731868743896
0,529,-0.8659999966621399,-4.386645741760731e-05,0.6523537635803223,-0.0020039950031787157,6.543577194213867,1.501555323600769
0,530,-0.02800000086426735,0.02658388949930668,1.700157880783081,-0.005501654930412769,17.056594848632812,1.9672253131866455
0,531,-0.9160000085830688,0.08000251650810242,1.366847276687622,-0.020308634266257286,13.871559143066406,2.147946357727051
0,532,-0.6259999871253967,0.011596053838729858,1.1557347774505615,-0.003273078938946128,11.590078353881836,1.9196021556854248
0,533,-0.7760000228881836,-0.08301380276679993,1.615323543548584,-0.02914818562567234,16.444717407226562,1.4294164180755615
0,534,-0.9620000123977661,-0.046556323766708374,0.9564484357833862,0.006532441824674606,9.499160766601562,1.841079831123352
0,535,-0.8259999752044678,0.003544487524777651,0.7854223847389221,-0.00014178207493387163,7.855641841888428,2.2175145149230957
0,536,-0.14800000190734863,0.0025037124287337065,0.6643597483634949,-0.00043366855243220925,6.647934913635254,1.5339746475219727
0,537,0.0,0.008273739367723465,1.2866320610046387,0.000613997399341315,12.860180854797363,2.2178730964660645
0,538,0.0,0.01260558981448412,0.7776840329170227,-0.0012858966365456581,7.789699077606201,2.3309638500213623
0,539,-0.017999999225139618,-0.0005802408559247851,1.1363422870635986,-0.00175352836959064,11.380958557128906,2.191579580307007
0,540,-0.1899999976158142,0.0006102269981056452,0.7189666628837585,-0.0014993802178651094,7.204660415649414,1.2719247341156006
0,541,-0.07599999755620956,0.0048445300199091434,0.9589419960975647,-0.0012175645679235458,9.601594924926758,2.4963793754577637
0,542,-0.21400000154972076,-0.011101236566901207,1.3405489921569824,-0.010667921975255013,13.512168884277344,2.875304698944092
0,543,-0.6399999856948853,-0.001255724229849875,0.6786682605743408,-0.0013102056691423059,6.7997846603393555,2.037860155105591
0,544,-0.20800000429153442,-0.005699037108570337,0.6577467918395996,-0.004697638098150492,6.624444007873535,1.5543673038482666
0,545,-0.3059999942779541,-0.0012358061503618956,0.534135639667511,-0.0021796771325170994,5.363152980804443,1.6349081993103027
0,546,-0.9559999704360962,0.004465852398425341,0.5920860767364502,-0.0006957625155337155,5.927818298339844,1.656010389328003
0,547,-0.1120000034570694,-0.007976675406098366,0.6073468923568726,-0.004875687882304192,6.122225284576416,1.9253733158111572
0,548,-0.3840000033378601,-0.0060128928162157536,0.4951343834400177,-0.0019535208120942116,4.970879077911377,1.8102781772613525
0,549,0.0,0.024927716702222824,1.1004292964935303,-0.002980788005515933,11.034100532531738,1.446990728378296
0,550,-0.04600000008940697,-0.00813515018671751,0.9951973557472229,-0.002616147045046091,9.978134155273438,2.2347164154052734
0,551,0.0,0.043657928705215454,1.0096919536590576,-0.013496153987944126,10.231881141662598,2.3626651763916016
0,552,-1.0520000457763672,-0.0019521280191838741,0.6193032264709473,-0.0023798204492777586,6.216830253601074,1.7703278064727783
0,553,-0.20999999344348907,0.001901439973153174,0.5975037813186646,-0.00016828069055918604,5.976720809936523,1.641842007637024
0,554,-0.06800000369548798,0.0037625585682690144,0.9864491820335388,-0.00344022735953331,9.898893356323242,2.024022340774536
0,555,-0.12600000202655792,0.02089223638176918,1.0214160680770874,-0.004263575188815594,10.256795883178711,2.306576728820801
0,556,-0.7480000257492065,-0.04154745861887932,1.730532169342041,-0.022663673385977745,17.531959533691406,1.46042799949646
0,557,-1.1519999504089355,0.003436962142586708,0.6736114025115967,-0.0027337155770510435,6.763451099395752,2.042032480239868
0,558,-0.08399999886751175,-0.009821366518735886,0.6293433904647827,-0.005024499259889126,6.343678951263428,1.9439183473587036
0,559,0.0,0.048030924052000046,1.1438229084014893,-0.009517939761281013,11.53341007232666,2.3532779216766357
0,560,-0.5,-0.014710629358887672,0.7327818274497986,-0.005943369120359421,7.387251853942871,2.2014284133911133
0,561,-0.2160000056028366,-0.00424913689494133,0.6054044961929321,-0.0006439128774218261,6.060483932495117,1.547863245010376
0,562,-0.03400000184774399,-0.017357680946588516,2.6725518703460693,-0.025056244805455208,26.97608184814453,3.223986864089966
0,563,-0.3319999873638153,0.003085485426709056,0.6212149262428284,-0.0013009251561015844,6.22515869140625,2.19152569770813
0,564,-1.187999963760376,0.0038089188747107983,2.0141777992248535,0.004129235632717609,20.100482940673828,2.2027840614318848
0,565,-0.01600000075995922,-0.003854181617498398,1.7149772644042969,-0.004264750052243471,17.192420959472656,3.313114643096924
0,566,-0.06400000303983688,-0.010329589247703552,0.8349761962890625,-0.003289039246737957,8.382652282714844,2.2817416191101074
0,567,-0.41600000858306885,-0.01633831299841404,1.182091474533081,-0.006645399145781994,11.887369155883789,2.7951903343200684
0,568,0.0,0.046860553324222565,1.5321072340011597,-0.013850235380232334,15.459574699401855,1.8886511325836182
0,569,-0.6140000224113464,-0.0007875086739659309,0.47958940267562866,-0.0005779912462458014,4.801673889160156,1.7477476596832275
0,570,-0.23800000548362732,-0.007248073350638151,0.5094007253646851,-0.005747880786657333,5.151486396789551,1.8113174438476562
0,571,0.0,-0.0028618944343179464,1.8799512386322021,-0.008457944728434086,18.884092330932617,1.9591978788375854
0,572,-0.11599999666213989,0.0007558277575299144,0.8046026825904846,-0.0019612982869148254,8.06563949584961,2.018275737762451
0,573,-0.8299999833106995,0.09218350797891617,1.141376256942749,-0.014727598056197166,11.56103801727295,2.030181646347046
0,574,-0.8019999861717224,0.0034645386040210724,0.5616676211357117,-3.9930149796418846e-05,5.617075443267822,1.8997668027877808
0,575,0.0,-0.00025110869319178164,1.3196101188659668,-0.006254401057958603,13.258644104003906,1.2359910011291504
0,576,0.0,0.0026082752738147974,0.4919576346874237,-0.001165167079307139,4.931227684020996,1.5182808637619019
0,577,-0.23800000548362732,0.050308242440223694,2.7488622665405273,-0.009853370487689972,27.587154388427734,3.527070999145508
0,578,-0.2460000067949295,0.0007833167910575867,0.621426522731781,-0.000917348952498287,6.223438739776611,1.812415361404419
0,579,-0.19200000166893005,0.0009757584193721414,0.48793694376945496,-0.002276654588058591,4.902135848999023,0.9203065633773804
0,580,-0.02199999988079071,-3.9289225242100656e-05,0.6871979236602783,-0.0033617240842431784,6.905596733093262,1.8699936866760254
0,581,0.0,-0.0019098720513284206,0.8634802103042603,-0.002253718674182892,8.657339096069336,2.4274826049804688
0,582,0.0,0.01952091045677662,0.9904873967170715,0.0010492348810657859,9.894380569458008,2.7329180240631104
0,583,-0.04800000041723251,0.021254345774650574,1.6680235862731934,0.0027318475767970085,16.652915954589844,2.482116460800171
0,584,-0.49000000953674316,-0.013539203442633152,0.7281842231750488,-0.008641923777759075,7.368261337280273,2.322021961212158
0,585,0.0,0.009867260232567787,1.4129668474197388,0.0018235135357826948,14.111433982849121,2.5254509449005127
0,586,-1.0920000076293945,-0.0007282537990249693,0.615666389465332,-0.002262034686282277,6.17928409576416,2.0911567211151123
0,587,0.0,0.012062250636518002,0.7246550917625427,-0.0057529266923666,7.304080009460449,2.310370445251465
0,588,-0.10400000214576721,0.05244150012731552,2.5145039558410645,0.002855402184650302,25.116485595703125,3.4510974884033203
0,589,0.0,0.07957755029201508,1.9636964797973633,0.009551283903419971,19.54145050048828,4.229905128479004
0,590,-0.5600000023841858,-0.00019213801715523005,1.2674254179000854,-0.00699856411665678,12.744240760803223,2.6858015060424805
0,591,-0.13199999928474426,0.0036311654839664698,1.1988418102264404,-0.00017443695105612278,11.990161895751953,2.914923906326294
0,592,0.0,0.016258955001831055,1.8616480827331543,0.006294157821685076,18.553539276123047,2.463812828063965
0,593,0.0,0.051960963755846024,3.1245181560516357,-0.0008326206007041037,31.253509521484375,3.312105894088745
0,594,0.0,0.017134927213191986,1.7255511283874512,0.0025705983862280846,17.22980499267578,2.971968650817871
0,595,-0.24199999868869781,0.008293804712593555,1.0089129209518433,-0.0011362619698047638,10.100491523742676,2.6845033168792725
0,596,-0.9079999923706055,0.00748123275116086,0.9094037413597107,-0.0023239036090672016,9.117277145385742,1.9208050966262817
0,597,0.0,0.023420628160238266,1.19314706325531,-0.0015069730579853058,11.946539878845215,3.3925933837890625
0,598,-0.8100000023841858,0.004082336090505123,0.8222134113311768,-0.0010514321038499475,8.232648849487305,2.511002779006958
0,599,0.0,0.044753964990377426,1.2457449436187744,-0.011980879120528698,12.577259063720703,2.8358049392700195
0,600,-0.9440000057220459,-0.0020722877234220505,0.9591444134712219,-0.0015145018696784973,9.606588363647461,2.148467779159546
0,601,0.0,0.013342514634132385,1.3257837295532227,-0.006254521664232016,13.320382118225098,2.8075010776519775
0,602,-0.7860000133514404,0.06829028576612473,1.7365940809249878,-0.00868032407015562,17.452743530273438,2.934518814086914
0,603,-0.8960000276565552,-0.0027477601543068886,1.6120281219482422,-0.0009069847874343395,16.129352569580078,3.2292251586914062
0,604,-0.7960000038146973,0.10791763663291931,1.4071755409240723,-0.040833789855241776,14.480093002319336,2.8848464488983154
0,605,0.0,0.03503328934311867,1.2862789630889893,0.0036282683722674847,12.826507568359375,2.3736605644226074
0,606,-0.01600000075995922,-0.0038165177684277296,1.6023808717727661,-0.001474315649829805,16.038551330566406,2.6033401489257812
0,607,-1.0019999742507935,0.0025199060328304768,1.2700293064117432,-0.004298573359847069,12.743279457092285,2.399479389190674
0,608,-0.05999999865889549,0.012403123080730438,1.068795919418335,-0.00550378393381834,10.742997169494629,2.4458069801330566
0,609,0.0,0.003794383956119418,0.7173841595649719,-0.003229258581995964,7.206133842468262,0.9947248101234436
0,610,0.0,0.00027892400976270437,1.208974838256836,0.005625900346785784,12.033489227294922,2.767617702484131
0,611,-0.10999999940395355,0.01578740030527115,1.4470059871673584,-0.00031194157782010734,14.473179817199707,2.785677433013916
0,612,-0.02199999988079071,-0.006025529466569424,0.9604046940803528,-0.00419057160615921,9.645952224731445,2.285710334777832
0,613,-1.1660000085830688,-0.005853378679603338,0.7539674043655396,-0.001693280995823443,7.556607246398926,2.2725558280944824
0,614,-0.14000000059604645,-0.0090597840026021,1.186700701713562,-0.001037296955473721,11.87738037109375,2.4507193565368652
0,615,0.0,0.1683557629585266,1.4997830390930176,-0.01655145362019539,15.16334342956543,4.080031871795654
0,616,0.0,-0.019799426198005676,1.3238353729248047,0.004174892790615559,13.19660472869873,4.107769012451172
0,617,-0.05000000074505806,0.02837531641125679,1.8178365230560303,0.0025804806500673294,18.15256118774414,2.920863151550293
0,618,-1.0180000066757202,-0.005354979075491428,0.9003428816795349,-0.005120110232383013,9.054630279541016,2.6126389503479004
0,619,-0.8560000061988831,-0.0014389317948371172,1.0564048290252686,-0.0016693327343091369,10.580740928649902,2.033745765686035
0,620,-0.8759999871253967,-0.03192257136106491,1.7495169639587402,-0.01863890513777733,17.68155860900879,3.2352051734924316
0,621,-0.15399999916553497,-0.011305191554129124,1.2124097347259521,-0.003781995503231883,12.161916732788086,2.5810015201568604
0,622,0.0,-0.04824899137020111,1.503711223602295,-0.003605098696425557,15.073163986206055,2.959639072418213
0,623,-0.08799999952316284,-0.009670295752584934,1.1522046327590942,-0.0021595158614218235,11.543641090393066,2.5480732917785645
0,624,0.0,-0.0026869543362408876,1.075432538986206,-0.0020827476400882006,10.775152206420898,2.760826826095581
0,625,-0.06199999898672104,0.009303409606218338,1.3250422477722168,-0.003359830006957054,13.284021377563477,2.689974069595337
0,626,0.4320000112056732,0.02271675504744053,2.0154032707214355,-0.0001382592017762363,20.155414581298828,2.9124250411987305
0,627,-0.25999999046325684,0.0081104701384902,0.9632068872451782,-0.0012020881986245513,9.644088745117188,2.3435592651367188
0,628,-1.0460000038146973,0.03608105704188347,1.559005618095398,-0.003521515056490898,15.62527084350586,3.074852466583252
0,629,-1.1180000305175781,-0.005326383747160435,1.0267084836959839,-0.004656577482819557,10.313651084899902,2.561638355255127
0,630,0.0,0.09746427088975906,2.6406002044677734,-0.0025317957624793053,26.431320190429688,3.9256651401519775
0,631,-0.2980000078678131,-0.002609061310067773,1.1425169706344604,-0.004426686558872461,11.469435691833496,2.1210989952087402
0,632,-0.7979999780654907,0.01833287626504898,1.9963960647583008,0.0063862791284918785,19.900096893310547,2.6387784481048584
0,633,-0.42399999499320984,-0.04406750947237015,1.5196120738983154,-0.011847954243421555,15.314600944519043,2.705230236053467
0,634,0.0,0.024695787578821182,1.5350505113601685,-0.003014192683622241,15.380646705627441,4.685402870178223
0,635,-0.17000000178813934,-0.018547862768173218,1.699052095413208,0.006087622605264187,16.929645538330078,3.20550537109375
0,636,0.0,-0.08792176842689514,1.4082337617874146,-0.02867668867111206,14.369104385375977,3.722395896911621
0,637,0.0,-0.05290689319372177,1.3187105655670166,0.007065413054078817,13.116451263427734,3.8524880409240723
0,638,-1.1779999732971191,0.01849585957825184,3.199336051940918,0.003979166969656944,31.953567504882812,2.939051389694214
0,639,-0.17599999904632568,-0.00039192952681332827,1.6113886833190918,0.0034544384106993675,16.079341888427734,3.093031644821167
0,640,0.0,0.011474018916487694,1.3604130744934082,-0.00043131285929121077,13.608444213867188,3.517085552215576
0,641,-0.3659999966621399,0.0007140861125662923,0.9377882480621338,-0.0009195143356919289,9.387077331542969,2.4350357055664062
0,642,-0.7039999961853027,-0.019272513687610626,1.134892463684082,-0.007405102252960205,11.422975540161133,2.529782295227051
0,643,-0.7260000109672546,0.12617288529872894,1.3558619022369385,-0.037775639444589615,13.93637466430664,3.9198405742645264
0,644,-0.23199999332427979,-0.0042522675357759,1.7930505275726318,0.0027488460764288902,17.903017044067383,3.0316076278686523
0,645,-0.9900000095367432,0.003898193594068289,1.2152504920959473,-0.001245662453584373,12.164960861206055,3.0359764099121094
0,646,-0.14000000059604645,0.010720854625105858,3.5707931518554688,0.007445888593792915,35.63346862792969,3.634622097015381
0,647,-0.12800000607967377,0.00370160024613142,2.7658379077911377,-0.003862356534227729,27.697002410888672,3.089236259460449
0,648,-0.07999999821186066,0.019034920260310173,2.1590487957000732,0.007362509611994028,21.516864776611328,3.1456570625305176
0,649,0.0,-0.13364169001579285,3.040496349334717,-0.054887764155864716,30.953838348388672,4.442152976989746
0,650,0.0,-0.06751959025859833,1.971792459487915,0.00822827871888876,19.635639190673828,4.1975812911987305
0,651,0.0,-0.00785974133759737,2.654087543487549,0.000395042821764946,26.53692626953125,4.334324359893799
0,652,-0.5540000200271606,-0.004374012351036072,2.0364649295806885,0.007762718014419079,20.28702163696289,2.8410491943359375
0,653,-0.12200000137090683,0.009535728022456169,2.2213311195373535,0.004107207991182804,22.172239303588867,3.338892936706543
0,654,-0.20999999344348907,0.039017874747514725,4.20209264755249,0.00037682781112380326,42.01715850830078,3.794196128845215
0,655,-0.2680000066757202,0.006902947556227446,1.6269724369049072,0.002124751452356577,16.248476028442383,2.2560195922851562
0,656,0.0,0.03931227698922157,2.885915517807007,-0.001577150309458375,28.87492561340332,4.173367500305176
0,657,-0.014000000432133675,0.11894723773002625,2.2333626747131348,-0.04714621230959892,22.805091857910156,5.30546760559082
0,658,-0.7440000176429749,0.11387938261032104,1.4644695520401,-0.04610814154148102,15.105775833129883,4.1399455070495605
0,659,0.0,-0.014348667114973068,1.969916820526123,0.003378078807145357,19.665386199951172,2.6743850708007812
0,660,0.0,0.0735965445637703,1.562753438949585,-0.012754647992551327,15.755081176757812,4.325336456298828
0,661,-0.4659999907016754,-0.005477576516568661,2.023982048034668,0.00046738979290239513,20.23514747619629,2.762899160385132
0,662,-0.10999999940395355,0.005683459807187319,2.2263565063476562,-0.0001412142300978303,22.264976501464844,3.3160738945007324
0,663,-0.6579999923706055,0.002926755929365754,1.5599792003631592,0.0004018855979666114,15.595771789550781,2.7604832649230957
0,664,-0.4819999933242798,-0.001281751785427332,1.3243961334228516,0.00021674204617738724,13.241792678833008,2.6367485523223877
0,665,0.0,-0.016454849392175674,1.9015473127365112,0.0016317814588546753,18.999155044555664,2.834001064300537
0,666,-0.09600000083446503,0.05005551129579544,4.686858177185059,0.014194885268807411,46.72663497924805,4.4846696853637695
0,667,0.0,-0.004806679207831621,4.40305757522583,-0.021704988554120064,44.24762725830078,5.411200523376465
0,668,-0.006000000052154064,0.04096590355038643,2.8355038166046143,0.0070100221782922745,28.28493881225586,3.7293872833251953
0,669,-0.18799999356269836,0.018052248284220695,2.259808301925659,0.007642365992069244,22.52165985107422,2.8581457138061523
0,670,-0.2840000092983246,-0.002044243738055229,2.6128697395324707,0.0001640614791540429,26.127056121826172,3.0825653076171875
0,671,0.0,0.021246599033474922,3.397355318069458,0.013407261110842228,33.8394775390625,3.699293851852417
0,672,-0.3140000104904175,0.05540662258863449,6.951000213623047,0.009832601994276047,69.41167449951172,4.823890686035156
0,673,0.0,0.018820129334926605,2.796860456466675,0.012746310792863369,27.841140747070312,2.917644739151001
0,674,-0.03799999877810478,0.06466687470674515,7.924321174621582,0.0013123862445354462,79.23008728027344,4.833004474639893
0,675,-0.6200000047683716,0.011925210244953632,2.3959362506866455,-0.0005367761477828026,23.96472930908203,3.2293343544006348
0,676,-0.014000000432133675,0.07488378137350082,5.542515754699707,0.001087975688278675,55.414283752441406,5.318742275238037
0,677,-0.06599999964237213,-0.0012331667821854353,2.8420286178588867,0.003953044768422842,28.380756378173828,2.770761489868164
0,678,-0.026000000536441803,0.017023473978042603,4.19465970993042,0.0029316674917936325,41.91728210449219,3.856419801712036
0,679,-1.0479999780654907,0.022813275456428528,5.835245609283447,0.007622116710990667,58.2762336730957,4.688271522521973
0,680,-0.07599999755620956,0.01351996511220932,2.725626230239868,-0.00241937767714262,27.28045654296875,2.8524932861328125
0,681,-0.05400000140070915,0.10066726058721542,5.278585433959961,-0.013937518931925297,52.92523193359375,5.548672676086426
0,682,-0.2939999997615814,0.005231194198131561,2.5038139820098877,0.0027871467173099518,25.010269165039062,2.8852295875549316
0,683,0.0,0.005864400416612625,2.747920036315918,-0.00019068334950134158,27.48110580444336,3.0019593238830566
0,684,-0.004000000189989805,-0.018913811072707176,3.8405704498291016,0.006011489778757095,38.3455924987793,3.254702568054199
0,685,-0.23399999737739563,0.012290215119719505,4.145932674407959,-0.004219581838697195,41.501522064208984,3.379082202911377
0,686,-0.18400000035762787,0.00806678831577301,2.7598047256469727,0.0005534226074814796,27.592514038085938,2.941516399383545
0,687,-0.014000000432133675,0.02347690425813198,5.387300491333008,0.004462479613721371,53.8283805847168,4.878261566162109
0,688,0.0,-0.002043751534074545,2.2075257301330566,-0.007140129338949919,22.14665985107422,2.126723051071167
0,689,0.0,-0.034021489322185516,3.6982083320617676,-0.009332669898867607,37.075408935546875,4.543736934661865
0,690,0.0,-0.007598567754030228,3.6343631744384766,-0.0009595878655090928,36.35322570800781,4.685424327850342
0,691,-0.1940000057220459,0.008358141407370567,5.223247051239014,0.020724985748529434,52.02521896362305,4.066436767578125
0,692,0.0,-0.0016295016976073384,4.186087131500244,-0.0036722642835229635,41.89759063720703,4.576155662536621
0,693,-0.06400000303983688,0.023805169388651848,3.327949285507202,0.008993705734610558,33.189552307128906,3.3117527961730957
0,694,-0.0560000017285347,0.016986612230539322,4.195722579956055,0.009017236530780792,41.86705780029297,3.4156606197357178
0,695,0.0,0.0057798950001597404,4.117153167724609,0.001278522191569209,41.15874481201172,3.119666576385498
0,696,-0.9120000004768372,0.022529657930135727,3.009549617767334,-0.006805611774325371,30.163551330566406,4.182021617889404
0,697,-0.41200000047683716,0.006600762717425823,4.479495048522949,-0.0018183488864451647,44.813133239746094,3.7041401863098145
0,698,0.0,0.005746935028582811,5.9205732345581055,-0.0017026825807988644,59.222755432128906,4.469932556152344
0,699,-0.06800000369548798,0.004017486236989498,2.8618342876434326,-0.0007704442832618952,28.626047134399414,2.116650104522705
0,700,0.0,-0.03327036276459694,5.390847206115723,-0.002822933252900839,53.93669891357422,5.557803630828857
0,701,-0.09399999678134918,0.024469835683703423,4.8036208152771,0.011437268927693367,47.92183303833008,4.011870384216309
0,702,-0.0020000000949949026,0.003807533998042345,5.260864734649658,0.017737723886966705,52.43126678466797,3.3923301696777344
0,703,-0.11599999666213989,0.011376837268471718,3.190603017807007,-0.0018859748961403966,31.924890518188477,2.87170147895813
0,704,0.0,0.135846346616745,5.561346530914307,-0.014839418232440948,55.761863708496094,5.876143455505371
0,705,0.0,0.09531296789646149,4.075804710388184,-0.01625816896557808,40.920631408691406,5.187911033630371
0,706,-0.3720000088214874,0.09360183030366898,2.7010817527770996,-0.03715596720576286,27.382375717163086,4.573358535766602
0,707,-0.17599999904632568,0.011158367618918419,2.9870691299438477,0.0042216042056679726,29.828475952148438,2.965848445892334
0,708,-0.38600000739097595,0.006220483686774969,5.288471698760986,0.017230935394763947,52.71240997314453,3.2872204780578613
0,709,-0.10599999874830246,0.04630869999527931,4.784627914428711,-0.0019557341001927853,47.86582946777344,4.292194843292236
0,710,-0.2240000069141388,0.010668030008673668,5.631723880767822,0.028875969350337982,56.02847671508789,4.229059219360352
0,711,-0.6159999966621399,0.03170217201113701,5.594012260437012,0.004921333398669958,55.890907287597656,3.979525327682495
0,712,-0.25600001215934753,0.010278129950165749,8.182769775390625,0.025100264698266983,81.57669830322266,4.613492012023926
0,713,-0.09200000017881393,0.03651125729084015,5.444995880126953,0.013800183311104774,54.31195831298828,3.6535887718200684
0,714,-0.18000000715255737,0.019092706963419914,5.214873313903809,0.003481214866042137,52.11391830444336,3.5891940593719482
0,715,0.0,-0.006029839161783457,7.059468746185303,0.014901628717780113,70.44567108154297,3.860246181488037
0,716,0.0,-0.08158114552497864,9.018129348754883,-0.03219493851065636,90.50324249267578,4.927463531494141
0,717,-0.01600000075995922,-0.015768583863973618,14.314020156860352,-0.02019350230693817,143.34213256835938,5.747788429260254
0,718,-0.2720000147819519,0.0251278318464756,5.630636692047119,0.009980275295674801,56.206565856933594,3.4991865158081055
0,719,-0.09600000083446503,0.097061887383461,12.322150230407715,0.006734143011271954,123.15415954589844,5.406826019287109
0,720,0.0,0.06381051242351532,9.661199569702148,0.013585200533270836,96.47614288330078,6.4222798347473145
0,721,-0.30000001192092896,0.010338257066905499,7.61403226852417,0.0261935256421566,75.87837982177734,3.86716890335083
0,722,0.0,0.06645911186933517,5.671478271484375,-0.009114653803408146,56.80592727661133,4.782966613769531
0,723,0.0,0.004071264527738094,10.621485710144043,0.015589699149131775,106.0589599609375,4.172728538513184
0,724,0.0,-0.02042224071919918,11.036712646484375,-0.012943017296493053,110.49655151367188,5.150546073913574
0,725,0.0,-0.028319207951426506,14.637639999389648,0.012366265058517456,146.25274658203125,6.36553955078125
0,726,0.0,-0.033615659922361374,7.222064971923828,-0.0038139738608151674,72.2587890625,5.710315704345703
0,727,-0.006000000052154064,0.006637290120124817,10.698980331420898,0.001133520738221705,106.97846984863281,4.293671607971191
0,728,-0.02199999988079071,-0.012600546702742577,15.544902801513672,0.007037017960101366,155.37864685058594,6.519847869873047
0,729,-0.06599999964237213,0.029034027829766273,14.450850486755371,0.011677158065140247,144.3917236328125,4.523728370666504
0,730,0.0,-0.0017761195776984096,10.364283561706543,-0.004569052252918482,103.68852233886719,4.367014408111572
0,731,-0.05400000140070915,0.05137808248400688,16.703641891479492,0.005869719665497541,166.97772216796875,6.208803176879883
0,732,-0.006000000052154064,0.025436818599700928,12.956473350524902,0.0146197360008955,129.4185333251953,4.215333938598633
0,733,0.0,0.03820676729083061,8.841692924499512,-0.01081607025116682,88.52508544921875,4.616401195526123
0,734,-0.2280000001192093,0.03626394644379616,11.444881439208984,0.007437160238623619,114.37444305419922,5.1023640632629395
0,735,-0.16599999368190765,0.02411259151995182,16.460147857666016,0.01762579381465912,164.4252166748047,4.472845077514648
0,736,-0.1720000058412552,0.010554423555731773,9.67563533782959,0.004254878032952547,96.71379852294922,4.142952919006348
0,737,-0.06599999964237213,-0.02123294584453106,11.766586303710938,0.00951526127755642,117.57070922851562,3.893270969390869
0,738,-0.15399999916553497,-0.0051269615069031715,12.065274238586426,0.0007569841109216213,120.64517211914062,3.863795280456543
0,739,-0.29600000381469727,-0.03771664947271347,13.361063957214355,-0.01571580022573471,133.76779174804688,4.854574203491211
0,740,0.0,0.011500366032123566,10.683853149414062,0.00826966017484665,106.75582885742188,6.655379772186279
0,741,-0.13199999928474426,0.020965123549103737,10.40865707397461,0.014200681820511818,103.94456481933594,3.972081422805786
0,742,0.0,0.028755493462085724,17.578754425048828,0.01573377288877964,175.63021850585938,4.4941792488098145
0,743,0.0,0.005042029544711113,14.979995727539062,-0.0035551709588617086,149.83551025390625,4.402043342590332
0,744,-0.006000000052154064,0.012707346118986607,15.572965621948242,0.009959016926586628,155.63006591796875,4.443860054016113
0,745,-0.12399999797344208,0.026268497109413147,15.835994720458984,0.00010601489339023829,158.35888671875,5.724087238311768
0,746,-0.12800000607967377,-0.005174973513931036,16.985904693603516,0.002655342221260071,169.83248901367188,4.52394962310791
0,747,0.0,0.050207868218421936,8.053451538085938,0.006651788484305143,80.46798706054688,3.9366543292999268
0,748,-0.0020000000949949026,0.022171098738908768,16.160629272460938,0.016098294407129288,161.4453125,4.657208442687988
0,749,0.0,0.03757007420063019,22.68556022644043,0.019853172823786736,226.65707397460938,4.625274658203125
0,750,-0.11999999731779099,0.02529270015656948,17.66893768310547,0.014528056606650352,176.54409790039062,4.453472137451172
0,751,-0.04399999976158142,0.02470419555902481,17.92430877685547,0.009536937810480595,179.14773559570312,4.916645050048828
0,752,0.0,0.046857867389917374,10.296917915344238,-0.016882196068763733,103.13800048828125,4.924704074859619
0,753,-0.1720000058412552,0.033758167177438736,26.983444213867188,0.0033796015195548534,269.8006591796875,6.151607036590576
0,754,-0.17000000178813934,-0.002454620786011219,21.215362548828125,-0.009978177025914192,212.25340270996094,4.854750633239746
0,755,-1.2200000286102295,0.006221168674528599,12.618989944458008,-0.005966953933238983,126.24955749511719,4.558961868286133
0,756,-0.11999999731779099,0.010854116640985012,21.752422332763672,0.0073421369306743145,217.45079040527344,4.578225135803223
0,757,-0.16200000047683716,0.00658193975687027,20.58095359802246,0.0016163481632247567,205.7933807373047,4.501430511474609
0,758,-0.11400000005960464,0.021236633881926537,20.704933166503906,0.005210103467106819,206.99722290039062,5.469836235046387
0,759,0.0,0.009587110951542854,20.094728469848633,0.013673661276698112,200.810546875,4.508939266204834
0,760,-0.1940000057220459,0.046908438205718994,30.52867889404297,0.00752513762563467,305.2115478515625,6.380458831787109
0,761,-0.628000020980835,0.02829905040562153,22.44339942932129,0.01721763424575329,224.26182556152344,4.5915045738220215
0,762,0.0,0.0062842825427651405,19.004880905151367,0.003126970026642084,190.01754760742188,4.8857221603393555
0,763,-0.1679999977350235,0.01578296348452568,18.130441665649414,0.007312930189073086,181.23126220703125,4.452863693237305
0,764,-0.17399999499320984,0.060380205512046814,38.8278923034668,0.013140954077243805,388.14752197265625,6.454624176025391
0,765,0.0,0.10273095220327377,17.662853240966797,-0.015619589947164059,176.78469848632812,6.524690628051758
0,766,0.0,0.08802355080842972,14.864086151123047,0.0022315620444715023,148.61854553222656,6.266917705535889
0,767,-0.12800000607967377,0.03349592536687851,23.359914779663086,-0.0006181548233143985,233.60531616210938,5.474058151245117
0,768,0.0,0.006337267812341452,25.28795623779297,0.0049285609275102615,252.83029174804688,5.485095500946045
0,769,0.0,-0.07359316200017929,13.394168853759766,-0.005756677594035864,133.99923706054688,5.221224784851074
0,770,0.0,-0.02846871316432953,11.313165664672852,-0.0043234326876699924,113.17488098144531,5.1053996086120605
0,771,-0.0020000000949949026,0.03985177353024483,27.528066635131836,-0.003438914194703102,275.3150634765625,6.5705671310424805
0,772,0.0,0.018087878823280334,19.165721893310547,0.0802668109536171,190.85455322265625,7.003747940063477
0,773,-0.21199999749660492,0.024553613737225533,17.359506607055664,0.012482515536248684,173.47023010253906,4.329941749572754
0,774,0.0,0.058791790157556534,17.99056625366211,0.01285388134419918,179.777099609375,5.003609657287598
0,775,0.0,0.022550690919160843,21.56015396118164,0.05745364725589752,215.0269775390625,4.435698509216309
0,776,-0.0560000017285347,0.032167430967092514,23.52763557434082,0.02012806572020054,235.0750732421875,4.582217216491699
0,777,0.6000000238418579,0.019273463636636734,25.281536102294922,0.03562973439693451,252.4590606689453,6.941402912139893
0,778,0.0,-0.10872823745012283,13.97823429107666,0.005972850136458874,139.7226104736328,5.194578170776367
0,779,0.0,-0.02533404529094696,21.744089126586914,-0.013200284913182259,217.57290649414062,4.614711761474609
0,780,-0.15399999916553497,0.015890274196863174,22.800527572631836,0.010416065342724323,227.90110778808594,4.507709503173828
0,781,-0.17399999499320984,0.022271201014518738,29.64803695678711,0.014863207936286926,296.33172607421875,4.70245361328125
0,782,-0.12200000137090683,0.09397617727518082,30.197216033935547,-0.012457508593797684,302.09674072265625,6.493753433227539
0,783,-0.035999998450279236,0.018627168610692024,31.507652282714844,0.02212679758667946,314.855224609375,4.808884620666504
0,784,-0.014000000432133675,0.04809069260954857,50.37939453125,0.011953093111515045,503.6744079589844,6.846060752868652
0,785,-0.07199999690055847,0.02156098186969757,39.64714813232422,0.012543938122689724,396.34600830078125,5.0277099609375
0,786,-0.12399999797344208,0.0739910751581192,52.0767936706543,0.14773577451705933,519.2905883789062,6.434970855712891
0,787,0.0,0.02675875648856163,48.08115005493164,0.011089777573943138,480.70062255859375,6.3493804931640625
0,788,-0.3140000104904175,0.011488689109683037,29.606891632080078,0.000355343334376812,296.06536865234375,5.5241241455078125
0,789,-0.31200000643730164,0.010196845047175884,30.309974670410156,0.008307643234729767,303.01666259765625,4.630143642425537
0,790,-0.03200000151991844,0.07549148052930832,42.197418212890625,0.026560965925455093,421.70855712890625,6.448942184448242
0,791,0.0,0.00010493735317140818,23.864837646484375,0.001946358592249453,238.62889099121094,5.10807991027832
0,792,0.0,-0.009069805964827538,18.4471435546875,-0.00034829601645469666,184.47491455078125,5.119616508483887
0,793,-0.1679999977350235,0.016559403389692307,35.97505569458008,-0.021351812407374382,359.9640808105469,6.156162261962891
0,794,-0.03200000151991844,0.018483774736523628,60.813194274902344,0.00016094530292320997,608.13037109375,7.056420803070068
0,795,-0.0860000029206276,0.03851644694805145,34.636322021484375,-0.00028472801204770803,346.3660888671875,5.080733776092529
0,796,-0.17800000309944153,0.03009098768234253,50.32456970214844,0.00893684197217226,503.15631103515625,6.704912185668945
0,797,0.0,0.08168298006057739,21.996232986450195,-0.02051221951842308,220.16744995117188,6.471212387084961
0,798,0.0,0.05817877873778343,27.22707748413086,0.013718513771891594,272.13360595703125,5.2840728759765625
0,799,-0.00800000037997961,-0.00701686879619956,30.999242782592773,-0.014157637022435665,310.1340026855469,5.314571380615234
0,800,-0.257999986410141,0.03041480854153633,36.24916458129883,-0.048708658665418625,362.97869873046875,5.249386787414551
0,801,-0.04800000041723251,0.010873290710151196,38.94947052001953,0.013124939054250717,389.3634033203125,5.003873825073242
0,802,0.0,-0.003874170361086726,17.752033233642578,-0.0010271661449223757,177.5305938720703,5.603884220123291
0,803,0.0,0.005534294992685318,38.88723373413086,0.0031237048096954823,388.84112548828125,4.962963104248047
0,804,-0.34599998593330383,0.01875969022512436,55.148929595947266,0.003204427193850279,551.457275390625,6.6532673835754395
0,805,-0.21400000154972076,0.02934710867702961,30.615184783935547,0.014507770538330078,306.00677490234375,4.538623332977295
0,806,-0.2800000011920929,0.009133298881351948,35.358272552490234,0.0015739543596282601,353.56695556640625,4.761004447937012
0,807,-0.1860000044107437,0.010526560246944427,65.69512939453125,5.8910809457302094e-05,656.9508056640625,6.8371429443359375
0,808,0.0,0.03856957331299782,32.75177001953125,0.042129967361688614,327.09637451171875,7.170454025268555
0,809,0.0,0.11187861114740372,29.8698673248291,-0.01817805878818035,298.88043212890625,7.058183193206787
0,810,-0.024000000208616257,0.011908179149031639,61.67277908325195,0.003254879964515567,616.6951904296875,6.6206374168396
0,811,-0.026000000536441803,0.012164068408310413,20.2058162689209,0.006439571734517813,201.9937744140625,5.77154016494751
0,812,0.0,-0.017044099047780037,30.87558937072754,-0.006538051646202803,308.8212585449219,5.823371887207031
0,813,-0.07199999690055847,0.010640732012689114,62.65367889404297,0.001292703440412879,626.5238037109375,6.782436370849609
0,814,-0.029999999329447746,0.0010422591585665941,45.0211181640625,-0.0007027485407888889,450.21820068359375,5.895036697387695
0,815,-0.07199999690055847,0.021354880183935165,60.78716278076172,0.016924023628234863,607.7023315429688,6.6454901695251465
0,816,-0.03200000151991844,0.01253901980817318,40.142555236816406,0.0073781381361186504,401.35174560546875,5.133386611938477
0,817,-0.03200000151991844,0.02062857896089554,71.73396301269531,0.010782025754451752,717.2318115234375,7.118324279785156
0,818,-0.15000000596046448,0.03386829420924187,58.79195785522461,0.010292530059814453,587.816650390625,6.626899719238281
0,819,0.0,0.0038986282888799906,40.435096740722656,0.019507722929120064,404.1558532714844,6.0638298988342285
0,820,-0.13199999928474426,0.005350633058696985,46.37864685058594,0.0048881955444812775,463.737548828125,5.242059707641602
0,821,0.0,0.00983337126672268,62.02785110473633,0.007907471619546413,620.199462890625,6.910625457763672
0,822,0.0,0.07949766516685486,61.292755126953125,0.17666281759738922,611.1609497070312,6.43592643737793
0,823,0.0,-0.016515042632818222,23.86907958984375,0.020559417083859444,238.48519897460938,5.89597225189209
0,824,-0.1940000057220459,0.054111309349536896,56.890804290771484,0.040472809225320816,568.5032958984375,6.132169246673584
0,825,-0.0020000000949949026,0.016973571851849556,58.994956970214844,0.0030503675807267427,589.9190673828125,6.356233596801758
0,826,-0.2280000001192093,0.015608602203428745,46.72459411621094,0.008410253562033176,467.16180419921875,4.887150764465332
0,827,0.0,-0.006707788445055485,70.77706909179688,0.0999455600976944,706.771240234375,6.337327003479004
0,828,0.0,0.00803295522928238,25.0591983795166,0.002390750451013446,250.56808471679688,5.68252420425415
0,829,0.0,-0.01227777823805809,17.199283599853516,-0.003145392518490553,172.0242919921875,5.174466133117676
0,830,-0.23800000548362732,0.0078415647149086,45.03260803222656,0.000961239158641547,450.31646728515625,4.998695373535156
0,831,0.0,-0.011294877156615257,48.06772232055664,-0.006807123776525259,480.74530029296875,5.484286308288574
0,832,-0.15000000596046448,0.04646226018667221,59.7827262878418,0.016434334218502045,597.6629028320312,6.414695739746094
0,833,0.0,0.0017268522642552853,51.52448272705078,-0.000947900116443634,515.2542724609375,4.9760236740112305
0,834,-0.14399999380111694,0.005193968303501606,71.75291442871094,0.004696895368397236,717.482177734375,6.70032262802124
0,835,-0.026000000536441803,0.013630572706460953,59.691062927246094,0.0019722895231097937,596.8909301757812,6.532093048095703
0,836,-0.12800000607967377,0.036196909844875336,61.163761138916016,0.005235944874584675,611.5852661132812,6.587586402893066
0,837,0.0,0.039225395768880844,22.276443481445312,-0.012817304581403732,222.89260864257812,5.755786418914795
0,838,-0.12999999523162842,0.025335634127259254,44.56501770019531,0.0026619648560881615,445.62353515625,5.6232218742370605
0,839,-0.24400000274181366,0.005192294716835022,48.381874084472656,-0.006010275334119797,483.87884521484375,5.738583564758301
0,840,-0.23800000548362732,0.0007494577439501882,49.28760528564453,-0.006112418603152037,492.93719482421875,5.654175758361816
0,841,-0.15800000727176666,0.021060887724161148,41.17243194580078,0.010235602036118507,411.6219787597656,5.022636413574219
0,842,-0.01600000075995922,-0.0046967919915914536,40.40374755859375,-0.01313871145248413,404.1688537597656,5.915991306304932
0,843,0.0,0.0019728709012269974,53.858604431152344,0.0033983506727963686,538.552001953125,5.0467119216918945
0,844,-0.057999998331069946,0.01801210083067417,72.44215393066406,-0.002734972396865487,724.448974609375,6.707009315490723
0,845,0.0,-0.01567775569856167,15.58800983428955,-0.0003821849822998047,155.8839111328125,5.207850456237793
0,846,-0.11800000071525574,0.008175486698746681,77.10650634765625,0.006335629150271416,771.001708984375,6.6978864669799805
0,847,-0.012000000104308128,0.014229228720068932,42.56224060058594,-0.0013621021062135696,425.635986328125,5.256370544433594
0,848,-0.1979999989271164,0.017270751297473907,45.0272216796875,-0.0009377036476507783,450.2815856933594,5.474421977996826
0,849,-0.28600001335144043,-0.00011814854224212468,51.81512451171875,0.001577100483700633,518.135498046875,5.068629741668701
0,850,-0.03799999877810478,0.0032513984479010105,81.38175964355469,-0.0010793186957016587,813.828369140625,6.392790794372559
0,851,-0.08799999952316284,0.002935512224212289,39.46207809448242,-0.0005133411614224315,394.62591552734375,5.518936634063721
0,852,-0.13600000739097595,0.002941657556220889,74.81808471679688,0.03606472536921501,747.8201904296875,6.960837364196777
0,853,-0.07999999821186066,0.015138193964958191,67.51512145996094,0.0023162495344877243,675.1280517578125,6.776474475860596
0,854,0.0,0.01602005586028099,52.20242691040039,0.0034496313892304897,521.98974609375,5.035281658172607
0,855,0.0,0.013505016453564167,22.301273345947266,-0.003165940521284938,223.0443878173828,6.035050868988037
0,856,-0.15000000596046448,0.02568543516099453,37.82347869873047,0.0001313481479883194,378.23345947265625,5.535205364227295
0,857,-0.10199999809265137,0.012696659192442894,79.70516204833984,-0.009988163597881794,797.1514892578125,6.958810329437256
0,858,0.0,0.045568957924842834,34.35145568847656,-0.007551571354269981,343.590087890625,7.126543045043945
0,859,0.0,0.06098008528351784,27.282939910888672,-0.014383696019649506,272.9732360839844,5.797037124633789
0,860,0.0,0.07003897428512573,44.38231658935547,-0.010130764916539192,443.92449951171875,6.275126934051514
0,861,-0.10199999809265137,0.0009671144653111696,53.559852600097656,0.002595227677375078,535.572509765625,5.181467056274414
0,862,-1.194000005722046,-0.0009713017498143017,53.705718994140625,-0.002752686617895961,537.084716796875,5.744511604309082
0,863,-0.40799999237060547,-0.010173799470067024,47.114044189453125,-0.0007052993169054389,471.14752197265625,5.509532451629639
0,864,0.0,0.028804441913962364,39.94456481933594,0.007348943501710892,399.3721618652344,5.177011013031006
0,865,-0.13199999928474426,-0.006512136664241552,65.28455352783203,0.005821111146360636,652.787353515625,6.748887062072754
0,866,-0.06400000303983688,0.017335550859570503,77.9176025390625,0.004255186766386032,779.1334228515625,6.88240909576416
0,867,0.0,0.0007697411347180605,45.637535095214844,-0.003303597215563059,456.40838623046875,5.632121562957764
0,868,-0.17000000178813934,0.026648523285984993,38.709228515625,0.001154538244009018,387.08074951171875,5.403328895568848
0,869,-0.21400000154972076,-0.007215568330138922,48.336181640625,-0.005980751011520624,483.421630859375,5.358423233032227
0,870,-0.3540000021457672,-0.003589229891076684,51.6793098449707,0.0046522356569767,516.74658203125,5.094760894775391
0,871,-0.3659999966621399,-0.0033828013110905886,61.87640380859375,0.0003794703516177833,618.7601928710938,6.72104549407959
0,872,0.0,0.011255303397774696,73.37265014648438,0.008672023192048073,733.6397705078125,6.695676803588867
0,873,-0.014000000432133675,0.014173228293657303,39.199615478515625,0.01904439553618431,391.8056945800781,4.963686943054199
0,874,0.0,-0.004520789720118046,20.192184448242188,0.00038034594035707414,201.91802978515625,5.5311384201049805
0,875,0.0,0.007485038600862026,36.88842010498047,0.0036513395607471466,368.8476867675781,5.654022216796875
0,876,0.0,0.014261523261666298,22.63398551940918,-0.001699751941487193,226.35684204101562,5.457822799682617
0,877,-0.15000000596046448,-0.0002538833941798657,57.23741912841797,-0.003222494153305888,572.4064331054688,5.645972728729248
0,878,0.0,0.0007946438272483647,27.398780822753906,-0.007806850131601095,274.06585693359375,6.08064603805542
0,879,-0.17399999499320984,0.01338120549917221,73.05108642578125,0.0031643658876419067,730.479248046875,6.472581386566162
0,880,-0.11999999731779099,0.019297713413834572,78.69912719726562,0.005272937472909689,786.9384765625,6.578699588775635
0,881,0.0,-0.029372775927186012,17.367158889770508,0.007345445454120636,173.59812927246094,5.455865859985352
0,882,0.0,0.03836772218346596,71.35047149658203,0.05856766551733017,712.9190063476562,6.294473648071289
0,883,-0.23600000143051147,0.004847347270697355,68.18989562988281,0.010484590195119381,681.7940673828125,6.6341094970703125
0,884,0.0,-0.02779458463191986,18.035804748535156,-0.0017621316947042942,180.3756561279297,5.70843505859375
0,885,0.0,0.02242065593600273,35.34632873535156,-0.016610778868198395,353.62939453125,6.890774726867676
0,886,-0.21199999749660492,0.0019975081086158752,51.28424835205078,0.004230276681482792,512.8001708984375,5.343629837036133
0,887,0.0,0.06410446017980576,25.669092178344727,-0.008648538962006569,256.77740478515625,5.638911247253418
0,888,-0.05999999865889549,0.012705025263130665,48.65514373779297,0.0008874511113390326,486.5425720214844,5.871889114379883
0,889,0.0,0.03544485569000244,28.121017456054688,-0.001682441565208137,281.22698974609375,5.871596336364746
0,890,0.0,0.03994426503777504,23.21965789794922,0.0022054489236325026,232.17453002929688,5.718400955200195
0,891,-0.02800000086426735,-0.0009465249022468925,56.65803146362305,-0.01208893395960331,566.701171875,5.389317512512207
0,892,-0.009999999776482582,0.009305563755333424,89.51661682128906,0.017739856615662575,894.9888305664062,6.754114151000977
0,893,-0.38999998569488525,0.01040560845285654,52.291107177734375,-0.00022640591487288475,522.913330078125,5.283845901489258
0,894,0.0,-0.005668791010975838,50.908653259277344,-0.007025609258562326,509.15679931640625,6.120510578155518
0,895,-0.07000000029802322,0.0052132373675704,91.8558349609375,-0.00945364311337471,918.65283203125,6.956716537475586
0,896,0.0,-0.03692265972495079,20.75065040588379,-0.0014137395191937685,207.52064514160156,5.769957542419434
0,897,-0.07999999821186066,0.005604482721537352,82.80206298828125,0.014866075478494167,827.8719482421875,6.79465389251709
0,898,-0.22599999606609344,0.014644915238022804,48.972007751464844,0.0074624852277338505,489.64544677734375,5.3851189613342285
0,899,0.0,0.0362195149064064,53.48232650756836,0.03323410078883171,534.4909057617188,5.702391624450684
0,900,0.0,-0.005819400772452354,26.325265884399414,-0.0025105562526732683,263.27777099609375,6.104372978210449
0,901,-0.07400000095367432,0.0023915970232337713,72.78851318359375,-0.0047094617038965225,727.9322509765625,6.529559135437012
0,902,-0.18000000715255737,-0.0014677878934890032,84.9490737915039,0.02217794954776764,849.2689208984375,6.4722747802734375
0,903,-0.06199999898672104,0.0019329478964209557,74.51011657714844,0.0006503881886601448,745.0946044921875,6.950303077697754
0,904,-0.0560000017285347,-0.004300557542592287,50.5289421081543,-0.0024074751418083906,505.3135070800781,6.134545803070068
0,905,-0.10000000149011612,0.015333428978919983,56.20247268676758,-0.023696862161159515,562.26171875,5.231679439544678
0,906,-0.07199999690055847,0.009957774542272091,84.21192932128906,0.008779323659837246,842.031494140625,6.88431453704834
0,907,0.0,0.022257301956415176,43.07672882080078,0.023250699043273926,430.5347595214844,5.7549238204956055
0,908,-0.15800000727176666,-0.02502649649977684,87.8165054321289,0.032144565135240555,877.843505859375,6.343910217285156
0,909,0.0,0.005426530260592699,62.732147216796875,-0.004038052633404732,627.3618774414062,5.504834175109863
0,910,0.0,-0.044527120888233185,50.926639556884766,0.12992188334465027,507.9671630859375,5.469996929168701
0,911,-0.019999999552965164,0.00641118548810482,48.39917755126953,0.07384534180164337,483.2532958984375,5.355008125305176
0,912,-0.03799999877810478,-0.009859335608780384,80.11082458496094,0.026192260906100273,800.8463134765625,6.585671424865723
0,913,-0.05999999865889549,0.004695385694503784,56.65625762939453,0.0022393856197595596,566.5401611328125,6.067442893981934
0,914,0.0,-0.016417263075709343,42.311279296875,-0.014350054785609245,423.25628662109375,6.272172927856445
0,915,-0.21199999749660492,-0.0021035862155258656,58.64690399169922,-0.0030530542135238647,586.4995727539062,5.682031631469727
0,916,0.0,0.014812616631388664,51.820770263671875,-0.005523317027837038,518.262939453125,6.892641544342041
0,917,-0.20200000703334808,-0.018976422026753426,67.70073699951172,0.021102407947182655,676.79638671875,5.5196919441223145
0,918,0.0,0.04057103022933006,60.860069274902344,-0.0009226494003087282,608.6099243164062,6.666308879852295
0,919,0.0,0.009801901876926422,98.49940490722656,-0.004116635769605637,985.03515625,7.092762470245361
0,920,-0.0560000017285347,0.004594951402395964,91.48787689208984,0.05405387282371521,914.3382568359375,6.878623008728027
0,921,0.0,0.003007438499480486,84.21241760253906,0.004957241006195545,842.0745849609375,6.671637535095215
0,922,0.0,0.001651831204071641,38.00181198120117,-0.0025473730638623238,380.0435791015625,5.818670272827148
0,923,-0.1899999976158142,-0.0014227756764739752,93.3574447631836,-0.000663852144498378,933.5810546875,6.519394397735596
0,924,-0.10199999809265137,0.0034030755050480366,60.13523864746094,-0.0013197466032579541,601.3656005859375,6.074688911437988
0,925,-0.07199999690055847,0.0015864693559706211,67.7294692993164,-0.001961482223123312,677.3142700195312,6.297079086303711
0,926,0.0,-0.014224724844098091,87.22743225097656,0.30064260959625244,869.2678833007812,6.851338863372803
0,927,0.0,0.02748180739581585,35.14249801635742,-0.006834796629846096,351.4932861328125,5.729276180267334
0,928,0.0,0.035376228392124176,46.393104553222656,-0.0020019877701997757,463.9510498046875,5.65327787399292
0,929,0.0,0.007257918827235699,41.34938430786133,-0.001707090763375163,413.5108947753906,6.184238910675049
0,930,-0.10599999874830246,-0.00820708554238081,52.81098175048828,-0.009436890482902527,528.2041625976562,5.930716514587402
0,931,-0.004000000189989805,0.008011308498680592,93.11186218261719,0.023606883361935616,930.882568359375,6.482570171356201
0,932,-0.03200000151991844,0.0065557584166526794,91.29750061035156,0.000874090357683599,912.9661865234375,6.594892501831055
0,933,-0.22200000286102295,0.008091751486063004,82.87755584716797,-0.0025165160186588764,828.80078125,6.685538291931152
0,934,-0.12800000607967377,0.0016890013357624412,81.35136413574219,0.005121968686580658,813.4623413085938,6.523599624633789
0,935,0.0,-0.019636496901512146,91.82926940917969,-0.008137964643537998,918.3740234375,6.445024013519287
0,936,-0.20800000429153442,-0.005035234149545431,67.92520141601562,0.006033092271536589,679.191650390625,6.479708194732666
0,937,-0.15399999916553497,-0.001589516643434763,53.70568084716797,-0.0003854272363241762,537.0606689453125,5.898500442504883
0,938,-0.1120000034570694,-0.0027979069855064154,82.15858459472656,0.008580349385738373,821.5,6.653872489929199
0,939,-0.18000000715255737,0.005931086838245392,83.10968017578125,0.0013692553620785475,831.0830078125,6.691769123077393
0,940,-0.20000000298023224,0.0010393211850896478,85.32909393310547,0.015018279664218426,853.1407470703125,6.806142807006836
0,941,0.0,0.006807330064475536,28.25307846069336,-0.00014779095363337547,282.5322570800781,6.239057540893555
0,942,-0.041999999433755875,0.0011012065224349499,50.360389709472656,-0.00438148295506835,503.647705078125,5.5643415451049805
0,943,-0.17000000178813934,-0.0014813316520303488,79.11795043945312,-0.0027575662825256586,791.20703125,6.705893039703369
0,944,-0.03999999910593033,0.010975012555718422,55.31446838378906,-0.00636967783793807,553.2083740234375,5.530487060546875
0,945,0.0,0.000516815809533,87.87786102294922,0.0003220777725800872,878.775390625,6.651922702789307
0,946,-0.07199999690055847,0.004099633544683456,86.48875427246094,0.013002652674913406,864.7574462890625,6.551139831542969
0,947,0.0,-0.004488022532314062,47.41265869140625,-0.0038699712604284286,474.1652526855469,6.03114128112793
0,948,-0.0860000029206276,-0.010535277426242828,79.87535858154297,0.08176194131374359,797.9359130859375,6.712320327758789
0,949,-0.03400000184774399,0.0058923098258674145,88.00428771972656,-0.002664610743522644,880.0694580078125,6.492768287658691
0,950,-0.012000000104308128,0.011006631888449192,89.78218078613281,-0.000539973028935492,897.8271484375,6.603000640869141
0,951,-0.22599999606609344,0.011337307281792164,89.11470031738281,0.00218321499414742,891.1251220703125,6.71729850769043
0,952,0.0,0.004811743274331093,82.59294891357422,0.0689585879445076,825.2398681640625,6.681379318237305
0,953,0.0,0.0033180085010826588,53.29801940917969,0.002736965660005808,532.9527587890625,5.713307857513428
0,954,0.0,-0.0009424434974789619,90.3459701538086,-0.0008606916526332498,903.4683227539062,6.7077436447143555
0,955,0.0,0.005211378447711468,87.22348022460938,0.004534407518804073,872.189453125,6.594791412353516
0,956,-0.15199999511241913,0.013072212226688862,78.67852020263672,-0.0032554036006331444,786.8177490234375,6.456482887268066
0,957,-0.23000000417232513,0.04231759160757065,69.25086212158203,0.0507151335477829,692.00146484375,6.257734298706055
0,958,0.0,-0.008968103677034378,26.335689544677734,0.005173144396394491,263.30517578125,5.777989387512207
0,959,-0.1340000033378601,0.01614490896463394,84.07545471191406,0.04356588423252106,840.31884765625,6.350584983825684
0,960,0.0,-0.0017956902738660574,53.09648132324219,0.00434382539242506,530.9213256835938,5.522918701171875
0,961,0.0,0.0030938570853322744,25.094602584838867,-0.001668425276875496,250.96270751953125,6.340780258178711
0,962,-0.07800000160932541,-0.0017662611790001392,89.27027893066406,0.01706947572529316,892.531982421875,6.4540324211120605
0,963,-0.164000004529953,0.07580243051052094,83.42070770263672,0.2580340504646301,831.626708984375,6.320816516876221
0,964,-0.11599999666213989,0.013933777809143066,89.56535339355469,0.22658993303775787,893.3876342773438,6.5556111335754395
0,965,-0.15800000727176666,0.028841743245720863,91.35794830322266,-0.0028589535504579544,913.6080322265625,6.391273498535156
0,966,0.0,0.01328183338046074,86.3552017211914,0.00481999758630991,863.5037841796875,6.422503471374512
0,967,-0.035999998450279236,-0.0065010953694581985,48.095619201660156,-0.0035594631917774677,480.9917907714844,6.165165901184082
0,968,0.0,-0.006459660362452269,28.40749740600586,0.0027357786893844604,284.047607421875,6.071438789367676
0,969,0.0,0.053793445229530334,29.750782012939453,-0.031094089150428772,297.8187561035156,5.484467506408691
0,970,0.0,0.02226957306265831,25.1645450592041,0.00493253767490387,251.5961151123047,6.503654479980469
0,971,-0.27799999713897705,0.10676372796297073,84.16459655761719,0.3577447831630707,838.0684204101562,5.901010990142822
0,972,0.0,-0.02855585888028145,37.44453811645508,-0.006257438566535711,374.5079345703125,6.157767295837402
0,973,-0.18199999630451202,0.020400715991854668,69.94110870361328,0.006404409185051918,699.3470458984375,6.212298393249512
0,974,-0.035999998450279236,0.006991756148636341,87.73302459716797,-0.004288859665393829,877.3731689453125,6.375930309295654
0,975,-0.1860000044107437,0.03396910801529884,75.998291015625,-0.003372013568878174,760.0166015625,5.8915557861328125
0,976,-0.026000000536441803,-0.006305533926934004,64.56997680664062,-0.0010220404947176576,645.7099609375,6.006948471069336
0,977,-0.07199999690055847,0.011527474038302898,91.06265258789062,-0.0064378525130450726,910.69091796875,6.176780700683594
0,978,-0.23199999332427979,0.003825913183391094,64.28671264648438,-0.0014198453864082694,642.88134765625,5.999637603759766
0,979,-0.04600000008940697,-0.009227076545357704,50.71490478515625,-0.0062089115381240845,507.2111511230469,6.497068881988525
0,980,-0.3700000047683716,-0.003014584304764867,89.18931579589844,0.04357578605413437,891.4573974609375,6.718360900878906
0,981,-0.041999999433755875,0.007795314770191908,92.41963958740234,0.01480999868363142,924.04833984375,6.814118385314941
0,982,0.0,0.01583946868777275,62.390594482421875,-0.005402134731411934,623.9599609375,7.018705368041992
0,983,0.0,0.07817374169826508,32.54363250732422,-0.02731264755129814,325.7094421386719,5.586761474609375
0,984,0.0,0.03018142469227314,24.29020118713379,0.01688321679830551,242.73316955566406,6.182468414306641
0,985,0.0,-0.0013092606095597148,84.38884735107422,-0.004773504566401243,843.9361572265625,6.446662425994873
0,986,0.0,-0.0045234160497784615,75.4258804321289,-0.0033302237279713154,754.2921142578125,6.464084148406982
0,987,0.0,0.003398810513317585,55.46324920654297,-0.01118905283510685,554.744384765625,6.930830955505371
0,988,-0.14399999380111694,0.02827625721693039,93.08863067626953,0.014820083975791931,930.7380981445312,6.2221784591674805
0,989,0.0,-0.017880156636238098,91.52304077148438,0.010375269688665867,915.1266479492188,6.326752662658691
0,990,-0.1940000057220459,-0.0016486666863784194,94.38504791259766,-0.012364248745143414,943.97412109375,6.329102993011475
0,991,-0.18400000035762787,-0.027164336293935776,90.60977172851562,0.027632689103484154,905.8214111328125,6.1626129150390625
0,992,-0.014000000432133675,-0.004742878023535013,82.116455078125,0.016036968678236008,821.004150390625,6.751397132873535
0,993,0.0,0.028506379574537277,103.50105285644531,-0.012830231338739395,1035.1387939453125,6.37528133392334
0,994,-0.21400000154972076,-0.016986766830086708,67.57036590576172,0.04504777491092682,675.253173828125,5.786333084106445
0,995,-0.09799999743700027,-0.00018702658417169005,90.48880004882812,-0.006319449748843908,904.951171875,6.421999454498291
0,996,-0.057999998331069946,0.01933431625366211,100.00862121582031,0.025643348693847656,999.8297119140625,6.547659873962402
0,997,-0.12999999523162842,0.0038984601851552725,92.83792877197266,0.00834275595843792,928.2958374023438,6.746249198913574
0,998,0.0,0.04878934100270271,37.23284912109375,-0.025565603747963905,372.58416748046875,6.506317138671875
0,999,-0.07199999690055847,0.00535000953823328,74.20703125,0.03177940100431442,741.7525024414062,6.677005290985107
0,1000,-0.11599999666213989,-0.010311977006494999,74.18053436279297,0.00020212051458656788,741.8033447265625,5.708047866821289
0,1001,-0.09399999678134918,0.01387108489871025,95.85838317871094,-0.004067704081535339,958.62451171875,6.738368511199951
0,1002,0.0,0.0016489137196913362,98.62918853759766,-0.002791187260299921,986.3197631835938,6.498021602630615
0,1003,0.0,0.03365451097488403,89.14750671386719,0.017256516963243484,891.3025512695312,6.4914374351501465
0,1004,-0.17399999499320984,-0.006648889742791653,85.2900390625,0.016563795506954193,852.7346801757812,6.638428688049316
0,1005,-0.164000004529953,-0.000861310341861099,68.91009521484375,-0.002201247029006481,689.1229248046875,5.954801082611084
0,1006,0.0,-0.018619030714035034,57.29677963256836,4.2805069824680686e-05,572.9674072265625,6.612138748168945
0,1007,0.0,-0.008867645636200905,27.602022171020508,-1.0960444342345e-05,276.02032470703125,6.5994768142700195
0,1008,-0.17599999904632568,0.023132236674427986,49.8216438293457,-0.00449406448751688,498.2613830566406,5.816565990447998
0,1009,0.0,-0.02852783352136612,32.55802917480469,0.20426833629608154,323.53759765625,6.89469051361084
0,1010,0.0,0.06020426005125046,31.8408203125,-0.015122957527637482,318.5594482421875,5.9533586502075195
0,1011,0.0,0.040724024176597595,40.72512435913086,-0.007851218804717064,407.3297424316406,5.636996746063232
0,1012,-0.09399999678134918,0.0018037456320598722,97.0439682006836,0.05505805090069771,969.88916015625,6.744486331939697
0,1013,-0.0860000029206276,0.00725689809769392,108.20783996582031,0.026171911507844925,1081.816650390625,6.625162601470947
0,1014,0.0,-0.02395820990204811,97.24801635742188,0.013598378747701645,972.3441772460938,6.3707990646362305
0,1015,-0.13199999928474426,0.004396188538521528,97.80804443359375,0.24672488868236542,975.6131591796875,6.8108367919921875
0,1016,-0.15199999511241913,0.012408643960952759,83.1410140991211,-0.006193327717483044,831.4721069335938,6.337960243225098
0,1017,0.0,-0.0018433682853356004,49.54722213745117,-0.0042073773220181465,495.5142822265625,6.70660924911499
0,1018,-0.09000000357627869,0.0007719480199739337,91.95309448242188,0.007957655936479568,919.4513549804688,6.573876857757568
0,1019,-0.1679999977350235,0.0013797100400552154,85.32133483886719,0.0029145132284611464,853.18408203125,6.433233737945557
0,1020,0.0,-0.012139390222728252,47.03838348388672,-0.008663073182106018,470.470458984375,6.352520942687988
0,1021,-0.20399999618530273,0.1262166053056717,85.13736724853516,0.15142330527305603,849.8594970703125,6.3148627281188965
0,1022,0.0,0.02255101315677166,104.21215057373047,0.0011847219429910183,1042.109619140625,6.385236740112305
0,1023,-0.3319999873638153,0.013062288984656334,85.79092407226562,-0.008115713484585285,857.9902954101562,6.359264373779297
0,1024,-0.026000000536441803,0.009802584536373615,85.89129638671875,0.02205313928425312,858.6924438476562,6.703487396240234
0,1025,0.0,0.013426349498331547,40.324249267578125,-0.0014289501123130322,403.25677490234375,6.2504448890686035
0,1026,-0.0860000029206276,0.028801411390304565,77.01869201660156,-0.0039731659926474094,770.2266845703125,6.242544174194336
0,1027,0.0,0.04580950736999512,46.037635803222656,-0.02485455758869648,460.6248474121094,6.268315315246582
0,1028,0.0,0.051760632544755936,46.638492584228516,-0.008729418739676476,466.47222900390625,7.144704341888428
0,1029,-0.014000000432133675,0.011883524246513844,60.475669860839844,-9.330670582130551e-05,604.7576293945312,5.433385848999023
0,1030,0.0,-0.0007698609260842204,105.70450592041016,-0.007325601298362017,1057.1182861328125,6.455700874328613
0,1031,-0.10199999809265137,0.009974279440939426,88.92452239990234,-0.0048532746732234955,889.293701171875,6.337957382202148
0,1032,0.0,0.015356196090579033,89.45344543457031,-0.0027706646360456944,894.5621948242188,6.51253604888916
0,1033,0.0,-0.028541255742311478,27.691055297851562,-0.003526154672726989,276.94580078125,6.525010108947754
0,1034,-0.3059999942779541,0.05059640854597092,43.96870422363281,0.023076696321368217,439.4562683105469,5.939438819885254
0,1035,0.0,0.0006839500856585801,91.4838638305664,0.009554806165397167,914.7430419921875,6.576498985290527
0,1036,-0.0860000029206276,-0.004390445072203875,89.16195678710938,-0.0009767862502485514,891.6293334960938,6.289010047912598
0,1037,0.0,-0.026250626891851425,46.96126174926758,-0.01575230248272419,469.7701416015625,6.551028251647949
0,1038,-0.10000000149011612,-0.008785691112279892,80.52241516113281,-0.007768579293042421,805.3017578125,6.192298412322998
0,1039,-0.0820000022649765,0.005377626046538353,95.59806823730469,0.16311387717723846,954.349609375,6.618023872375488
0,1040,-0.23399999737739563,0.011404413729906082,99.81146240234375,0.024509551003575325,997.8695068359375,6.52571964263916
0,1041,0.0,0.021400101482868195,89.74917602539062,-0.014456057921051979,897.6363525390625,6.390305042266846
0,1042,0.0,-0.004294203594326973,106.65029907226562,0.004509019665420055,1066.4578857421875,6.545738220214844
0,1043,-0.08399999886751175,0.0019022205378860235,99.2710952758789,-0.0005576350959017873,992.7164916992188,6.419858455657959
0,1044,-0.15600000321865082,0.0317234992980957,105.79531860351562,0.38100555539131165,1054.1431884765625,6.180278778076172
0,1045,-0.08399999886751175,-0.005010584834963083,96.59596252441406,0.030880482867360115,965.6508178710938,6.704797744750977
0,1046,0.0,0.010508609935641289,89.59473419189453,0.003926523961126804,895.9080810546875,6.604109287261963
0,1047,-0.026000000536441803,0.0014398805797100067,92.94849395751953,0.001331285573542118,929.4716186523438,6.173401832580566
0,1048,-0.1379999965429306,0.008328267373144627,75.79110717773438,0.01142884325236082,757.7967529296875,6.250340461730957
0,1049,-0.15399999916553497,-0.0033981360029429197,49.02372741699219,-0.011963867582380772,490.35687255859375,6.213459014892578
0,1050,0.0,-0.012236956506967545,82.692626953125,-0.006282647140324116,826.9890747070312,6.560300827026367
0,1051,0.0,-0.01648033782839775,57.18119812011719,-0.0029944314155727625,571.8419189453125,6.346935749053955
0,1052,-0.3580000102519989,0.0411565862596035,88.91354370117188,0.02423173561692238,888.89306640625,6.417128562927246
0,1053,0.0,0.014668994583189487,48.63880157470703,-0.008845172822475433,486.4764404296875,5.941377639770508
0,1054,0.8019999861717224,0.000829640484880656,97.38613891601562,0.0028498077299445868,973.8328857421875,6.2407355308532715
0,1055,-0.006000000052154064,0.001812041038647294,93.58320617675781,-0.0019063650397583842,935.85107421875,6.376899242401123
0,1056,-0.18199999630451202,0.015980899333953857,84.66230773925781,0.10523727536201477,845.5706787109375,6.110422134399414
0,1057,-0.1120000034570694,-0.006181883625686169,94.52599334716797,-0.011440143920481205,945.374267578125,6.5280561447143555
0,1058,0.0,-0.007733907550573349,54.669708251953125,0.014808443374931812,546.5490112304688,5.715642929077148
0,1059,0.0,0.00023219171271193773,52.79160690307617,-0.00471104122698307,527.963134765625,6.384368896484375
0,1060,0.0,-0.012980508618056774,22.29448890686035,0.02842669002711773,222.66062927246094,6.909175872802734
0,1061,-0.39800000190734863,-0.011896543204784393,92.45892333984375,0.1970912367105484,922.6182861328125,6.629817008972168
0,1062,0.0,0.010038834065198898,63.54011535644531,-0.00022927978716325015,635.4034423828125,6.267977714538574
0,1063,0.0,0.027621887624263763,61.039512634277344,0.00423117121681571,610.352783203125,6.7138752937316895
0,1064,-0.18199999630451202,0.008729707449674606,93.9693374633789,0.007574259769171476,939.61767578125,6.555905342102051
0,1065,-0.12999999523162842,0.0077515291050076485,85.00779724121094,-0.008828962221741676,850.166259765625,6.366729259490967
0,1066,-0.2680000066757202,0.00603523850440979,86.03173828125,-0.007815751247107983,860.3955078125,6.500953197479248
0,1067,-0.32199999690055847,0.0011958660325035453,95.38690948486328,-0.0035672704689204693,953.90478515625,6.266661167144775
0,1068,0.0,0.003416358958929777,35.21327590942383,-0.006985900457948446,352.2026062011719,6.680538177490234
0,1069,0.0,0.041631557047367096,49.134090423583984,-0.030779724940657616,491.6487121582031,6.5598039627075195
0,1070,-0.1860000044107437,0.0058939578011631966,95.01036071777344,0.003659142181277275,950.0670776367188,6.367488861083984
0,1071,0.0,0.025413373485207558,94.6633071899414,0.08431780338287354,945.789794921875,6.175262451171875
0,1072,-0.1420000046491623,0.011206556111574173,97.54489135742188,0.007643816061317921,975.3724365234375,6.237807750701904
0,1073,0.0,0.0005403514951467514,100.29962158203125,-0.008437374606728554,1003.0806274414062,6.543774604797363
0,1074,-0.08799999952316284,0.00725118163973093,101.90752410888672,0.019551433622837067,1018.8797607421875,6.499837875366211
0,1075,0.0,0.01076867338269949,103.00450134277344,0.011813071556389332,1029.9268798828125,6.01825475692749
0,1076,0.0,0.002022136002779007,95.4497299194336,0.027319733053445816,954.22412109375,6.489686012268066
0,1077,0.0,0.025403114035725594,60.800689697265625,-0.02850581891834736,608.2919921875,6.188454627990723
0,1078,0.0,0.034069404006004333,24.65545082092285,-0.005721881054341793,246.61172485351562,6.8650312423706055
0,1079,0.0,-0.0028026825748384,60.91047286987305,0.005842369515448809,609.0463256835938,6.910545349121094
0,1080,-0.19599999487400055,0.02278091385960579,69.5287857055664,-0.009979316964745522,695.3876953125,6.125661849975586
0,1081,0.0,0.0068861860781908035,76.35867309570312,0.02531876415014267,763.33349609375,6.785246849060059
0,1082,-0.09200000017881393,-0.00023795943707227707,87.16539764404297,0.2516047954559326,869.1378784179688,6.738553524017334
0,1083,-0.18799999356269836,-0.046881772577762604,91.63557434082031,-0.0004615355283021927,916.3603515625,6.025609016418457
0,1084,0.0,-0.002028199378401041,38.253944396972656,-0.010870834812521935,382.64813232421875,6.379036903381348
0,1085,-0.12399999797344208,-0.1535091996192932,105.73725128173828,0.000954971183091402,1057.363037109375,5.9839324951171875
0,1086,0.0,0.0015809796750545502,32.15245819091797,-0.020725522190332413,321.7318420410156,6.108374118804932
0,1087,-0.3619999885559082,-0.010417128913104534,92.92440032958984,0.00840570218861103,929.159912109375,6.40875244140625
0,1088,-0.024000000208616257,0.0075356075540184975,73.56692504882812,0.0003859348362311721,735.6653442382812,6.367354869842529
0,1089,0.0,-0.007005137857049704,76.59913635253906,-0.0014619913417845964,766.0059814453125,6.508946895599365
0,1090,-0.08399999886751175,0.00123724399600178,99.84492492675781,-0.004505416378378868,998.4942626953125,6.322316646575928
0,1091,-0.12200000137090683,0.0193476639688015,85.05316162109375,-0.006919649429619312,850.600830078125,6.354048252105713
0,1092,-0.2680000066757202,0.00023340576444752514,97.78961181640625,0.012920629233121872,977.7669067382812,6.4130706787109375
0,1093,-0.06400000303983688,-0.0008025419083423913,91.53108215332031,-0.003045469056814909,915.34130859375,6.620859146118164
0,1094,0.0,-0.0006709449808113277,106.50640869140625,-0.007744315080344677,1065.1414794921875,6.543469429016113
0,1095,-0.17000000178813934,-0.00022521684877574444,93.56937408447266,-0.008390866219997406,935.7776489257812,6.2375664710998535
0,1096,0.0,0.024240713566541672,79.1132583618164,0.19826066493988037,789.1499633789062,6.144556999206543
0,1097,-0.029999999329447746,-0.0043777539394795895,90.62808227539062,-0.007200720254331827,906.352783203125,6.393124103546143
0,1098,0.0,0.03697068989276886,47.71886444091797,-0.007285859435796738,477.261474609375,5.244697093963623
0,1099,-0.0860000029206276,0.10362525284290314,85.1160888671875,1.0054659843444824,841.106201171875,5.529220104217529
0,1100,-0.3059999942779541,0.02474868670105934,84.96011352539062,0.010580998845398426,849.4953002929688,6.002379417419434
0,1101,-0.024000000208616257,0.03632855787873268,85.42869567871094,-0.009257354773581028,854.3795776367188,6.337557792663574
0,1102,0.0,0.010251283645629883,92.05781555175781,0.022390270605683327,920.354248046875,5.8402814865112305
0,1103,0.0,0.008840704336762428,101.68336486816406,0.0411117821931839,1016.4225463867188,6.110535621643066
0,1104,0.0,-0.0027485680766403675,65.65548706054688,0.006083411164581776,656.494140625,6.27291202545166
0,1105,-0.09000000357627869,-0.013724610209465027,58.74922180175781,-0.009097807109355927,587.5831909179688,6.088468551635742
0,1106,0.0,-0.012781130149960518,35.66089630126953,-0.004657822195440531,356.655517578125,6.619182586669922
0,1107,0.0,-0.03205021470785141,111.26930236816406,-0.010209760628640652,1112.7950439453125,6.030867576599121
0,1108,-0.1979999989271164,0.009892083704471588,57.9776611328125,-0.006867945659905672,579.8452758789062,5.622520446777344
0,1109,-0.27399998903274536,-0.005329602863639593,63.194671630859375,-0.00802841130644083,632.0269775390625,5.898312568664551
0,1110,-0.18199999630451202,0.01561291329562664,103.04036712646484,0.047664884477853775,1029.9268798828125,6.436753273010254
0,1111,-0.0560000017285347,0.0018959910375997424,60.850433349609375,0.00537495780736208,608.4505615234375,5.959795951843262
0,1112,0.0,-0.007754312828183174,87.11166381835938,0.01674201525747776,870.94921875,6.306222438812256
0,1113,0.0,-0.17934298515319824,62.82773971557617,-0.0005575623945333064,628.282958984375,5.464467525482178
0,1114,0.0,0.007450190372765064,45.7060546875,0.0037936698645353317,457.0225830078125,6.456944465637207
0,1115,0.0,-0.011545401066541672,36.71385192871094,-0.0030545112676918507,367.1690368652344,6.153091907501221
0,1116,-0.0860000029206276,-0.0017587414477020502,56.592262268066406,-0.021830640733242035,566.1409301757812,6.226207733154297
0,1117,0.0,0.015435470268130302,42.65557098388672,-0.019200682640075684,426.7477111816406,6.811729431152344
0,1118,-0.18400000035762787,-0.08771803975105286,92.66009521484375,0.0450555682182312,926.150390625,5.611555099487305
0,1119,-0.009999999776482582,-0.05558813363313675,80.9127197265625,0.04707348346710205,808.656494140625,5.329372882843018
0,1120,-0.019999999552965164,0.004252489190548658,39.92523193359375,-0.008577562868595123,399.3381042480469,6.208420276641846
0,1121,-0.14800000190734863,0.02027558535337448,89.31683349609375,-0.004795393906533718,893.2162475585938,6.624515533447266
0,1122,0.0,0.019576821476221085,27.809345245361328,-0.007978537119925022,278.1732482910156,6.177308082580566
0,1123,-0.009999999776482582,0.03300228714942932,79.31611633300781,0.12325405329465866,791.9287109375,6.111382961273193
0,1124,-0.18400000035762787,-0.002658046782016754,103.79347229003906,-0.0075997598469257355,1038.0107421875,6.322309494018555
0,1125,-0.17599999904632568,-0.002493062987923622,111.70327758789062,-0.016508914530277252,1117.19775390625,6.32594108581543
0,1126,0.0,0.005332626402378082,78.11026000976562,0.06262887269258499,780.4762573242188,6.543828964233398
0,1127,0.0,0.0016349188517779112,30.96033477783203,-0.0028608108405023813,309.6319580078125,6.193373680114746
0,1128,-0.057999998331069946,0.0026976680383086205,102.1781005859375,0.02305639162659645,1021.5504150390625,6.748872756958008
0,1129,-0.24400000274181366,0.006135290488600731,65.14125061035156,-0.005027106497436762,651.4627685546875,5.620278358459473
0,1130,0.0,-0.004992982838302851,26.724956512451172,-0.012305737473070621,267.37261962890625,6.704801559448242
0,1131,0.0,-0.021809233352541924,42.545875549316406,0.007264035288244486,425.3861083984375,5.47523307800293
0,1132,-0.3059999942779541,0.02183215506374836,93.77030181884766,0.047106947749853134,937.23193359375,6.576120376586914
0,1133,0.0,0.023547548800706863,97.94139862060547,-0.00733586773276329,979.4873046875,6.677581787109375
0,1134,-0.20000000298023224,0.014955665916204453,53.89402389526367,0.005749905481934547,538.8826904296875,6.164366722106934
0,1135,-0.3779999911785126,0.0301007442176342,81.64405822753906,0.006892434321343899,816.37158203125,6.177854537963867
0,1136,0.0,-0.005890962667763233,101.81742095947266,0.00675034848973155,1018.106689453125,6.5506696701049805
0,1137,-0.32199999690055847,-0.005643093027174473,60.58650588989258,0.01087801344692707,605.7562866210938,5.785899639129639
0,1138,0.0,-0.017084963619709015,28.145692825317383,-0.011371858417987823,281.5706481933594,6.3772430419921875
0,1139,-0.10999999940395355,0.00806800089776516,96.66200256347656,0.024793444201350212,966.3721313476562,6.546325206756592
0,1140,0.0,0.04785766080021858,46.190284729003906,-0.0020281330216675997,461.92315673828125,6.015271186828613
0,1141,-0.0020000000949949026,0.01941908523440361,80.42797088623047,0.01934649609029293,804.0863037109375,6.461171627044678
0,1142,0.0,0.005593113601207733,47.92939758300781,-0.0038380215410143137,479.3323669433594,6.386918067932129
0,1143,-0.3240000009536743,-0.009624983184039593,73.38961791992188,-0.002875726204365492,733.9248657226562,6.488100051879883
0,1144,-0.30000001192092896,-0.0036989713553339243,62.74224090576172,-0.004590548574924469,627.4683227539062,5.679984092712402
0,1145,-0.03400000184774399,0.006323791109025478,107.06149291992188,0.0037932167761027813,1070.576904296875,6.525830268859863
0,1146,0.0,0.033364083617925644,107.1966781616211,0.029006164520978928,1071.6767578125,6.540246963500977
0,1147,0.0,0.004144764970988035,94.6332778930664,-0.0023487494327127934,946.3562622070312,6.540277004241943
0,1148,-0.21400000154972076,-0.0021468193735927343,99.82072448730469,0.012828300707042217,998.0789794921875,6.52155876159668
0,1149,-0.057999998331069946,-0.0053462497889995575,74.64678955078125,-0.004124573431909084,746.5091552734375,6.077051639556885
0,1150,-0.14800000190734863,0.023766277357935905,105.535400390625,0.02147776074707508,1055.13916015625,6.515462398529053
0,1151,0.0,0.0144907021895051,103.27462768554688,0.02541806548833847,1032.4920654296875,6.434452056884766
0,1152,-0.37599998712539673,0.0006204984383657575,59.86678695678711,-0.002864691661670804,598.696533203125,5.80391788482666
0,1153,0.0,0.004269999917596579,48.09405517578125,-0.008378779515624046,481.02435302734375,5.282589912414551
0,1154,-0.0820000022649765,0.007959145121276379,110.74227905273438,0.058779604732990265,1106.8349609375,6.680253982543945
0,1155,-0.15800000727176666,-0.02222772128880024,95.431396484375,0.10553373396396637,953.2586669921875,6.077784061431885
0,1156,0.0,0.04372053220868111,83.30442810058594,0.26704347133636475,830.3739013671875,6.42051887512207
0,1157,-0.026000000536441803,0.002431071363389492,105.4254150390625,-0.00757786026224494,1054.329833984375,6.29293155670166
0,1158,-0.1120000034570694,-0.15052759647369385,55.22385787963867,-0.0016882381169125438,552.2554931640625,5.911718845367432
0,1159,-0.0860000029206276,0.002480669878423214,88.60230255126953,0.05077410861849785,885.5153198242188,6.471827507019043
0,1160,-0.012000000104308128,-0.006174308713525534,91.70158386230469,0.3903224766254425,913.1126708984375,6.545297622680664
0,1161,-0.4300000071525574,-0.0008696038858033717,52.26508712768555,0.008154717274010181,522.5693359375,5.428539752960205
0,1162,-0.14399999380111694,-0.01147883478552103,77.35498046875,-0.004658720456063747,773.5963745117188,6.220361232757568
0,1163,-0.22200000286102295,0.0043143280781805515,60.84490966796875,-0.0027203347999602556,608.476318359375,5.835718154907227
0,1164,-0.4259999990463257,-0.0008745178929530084,60.99005126953125,0.0011673675617203116,609.8888549804688,5.619391441345215
0,1165,0.0,-0.004211576655507088,21.829330444335938,-0.004482208751142025,218.33810424804688,6.313973426818848
0,1166,-0.20800000429153442,-0.0062599279917776585,94.5078125,0.0775710940361023,944.3024291992188,6.604638576507568
0,1167,-0.052000001072883606,0.014033288694918156,97.44956970214844,0.0040958840399980545,974.4547119140625,6.547334671020508
0,1168,0.0,0.010163292288780212,20.991046905517578,0.005354806315153837,209.85693359375,6.074910640716553
0,1169,-0.10000000149011612,-0.011104689911007881,96.63648986816406,0.03625684231519699,966.0023193359375,6.234745979309082
0,1170,-0.4359999895095825,0.0004997175419703126,90.91932678222656,-0.010042652487754822,909.293701171875,6.327045440673828
0,1171,-0.1420000046491623,-0.0002148172934539616,96.20529174804688,-0.011236511170864105,962.165283203125,6.309885501861572
0,1172,-0.07599999755620956,0.017329290509223938,27.574748992919922,-0.0037296146620064974,275.7847900390625,5.996779441833496
0,1173,-0.12999999523162842,0.0021323268301784992,79.73739624023438,0.007767621427774429,797.2963256835938,5.801365852355957
0,1174,-0.17599999904632568,-0.0441068559885025,106.36271667480469,0.13814982771873474,1062.24560546875,6.005974292755127
0,1175,-0.17800000309944153,0.0018590943654999137,102.34417724609375,0.22997716069221497,1021.1419677734375,6.6981072425842285
0,1176,-0.38600000739097595,-0.0003674225590657443,54.35116958618164,-0.0030513776000589132,543.5421752929688,5.407848358154297
0,1177,-0.49399998784065247,-0.006192780565470457,71.25942993164062,-0.006646215915679932,712.6607666015625,5.321239948272705
0,1178,0.0,-0.011103222146630287,76.41246032714844,0.010361891239881516,764.02099609375,6.464713096618652
0,1179,-0.2460000067949295,-0.0036275461316108704,97.15190887451172,0.001677047461271286,971.5023193359375,6.148083209991455
0,1180,-0.16200000047683716,0.009241228923201561,33.99250030517578,-0.005870752967894077,339.9836730957031,6.201465129852295
0,1181,0.0,0.0017480759415775537,71.78514099121094,0.3325014114379883,714.5263671875,5.707452297210693
0,1182,-0.07800000160932541,-0.01272100955247879,98.9545669555664,0.10894425213336945,988.4561767578125,6.525591850280762
0,1183,-0.024000000208616257,0.01231365092098713,93.84819030761719,0.058983031660318375,937.8920288085938,5.927921772003174
0,1184,-0.07800000160932541,-0.006286772899329662,27.11588478088379,-0.009463001042604446,271.25347900390625,6.121373176574707
0,1185,-0.10000000149011612,-0.016983581706881523,94.07951354980469,-0.009862208738923073,940.8937377929688,5.994050979614258
0,1186,-0.12600000202655792,-0.002507095690816641,96.98561096191406,-0.0006234105676412582,969.8623046875,6.151425361633301
0,1187,-0.05999999865889549,0.005215047858655453,100.05773162841797,0.004649272188544273,1000.5308227539062,6.294018745422363
0,1188,-0.07599999755620956,0.010693036019802094,81.59483337402344,-0.0023082224652171135,815.9713134765625,6.284669399261475
0,1189,-0.10599999874830246,-0.09997233748435974,77.10356140136719,0.02440471760928631,770.7916259765625,5.7168450355529785
0,1190,0.0,0.026922540739178658,61.12786102294922,-0.00915960967540741,611.3702392578125,4.793296813964844
0,1191,-0.38199999928474426,-0.0019173036562278867,60.43956756591797,0.004549848381429911,604.3501586914062,5.34688663482666
0,1192,-0.5360000133514404,-0.016837893053889275,66.37338256835938,-0.009329811669886112,663.8271484375,5.498878002166748
0,1193,0.0,-0.015978792682290077,86.6109390258789,-0.006055784411728382,866.169921875,6.051247596740723
0,1194,-0.09799999743700027,0.007033281493932009,91.7860107421875,0.00682093296200037,917.7918701171875,6.194728851318359
0,1195,-0.21199999749660492,0.014777612872421741,82.26624298095703,-3.4539843909442425e-05,822.6627197265625,6.503595352172852
0,1196,-0.10999999940395355,-0.011185362935066223,26.228107452392578,-0.0037423332687467337,262.3184814453125,6.127538681030273
0,1197,-0.33000001311302185,-0.0018182654166594148,43.656490325927734,-0.005248218774795532,436.61737060546875,5.625204563140869
0,1198,0.0,0.03422676771879196,40.64514923095703,-0.028601769357919693,406.7375183105469,5.129716873168945
0,1199,-0.14800000190734863,-0.0002579461724963039,104.48699951171875,-5.1961629651486874e-05,1044.8704833984375,6.166609287261963
0,1200,-0.23999999463558197,0.009083379991352558,47.307861328125,-0.001169208437204361,473.09027099609375,6.04048490524292
0,1201,-0.0860000029206276,0.008082257583737373,34.70435333251953,-0.010268351063132286,347.1462097167969,5.778863906860352
0,1202,-0.052000001072883606,0.014777198433876038,30.553354263305664,-0.006038443185389042,305.59393310546875,5.564486503601074
0,1203,-0.22599999606609344,0.022132012993097305,81.04894256591797,0.09849975258111954,809.50439453125,6.141198635101318
0,1204,-0.014000000432133675,0.001967517426237464,78.25120544433594,-0.005405605770647526,782.5661010742188,5.803969860076904
0,1205,-0.257999986410141,0.004741251934319735,73.98623657226562,0.08597701042890549,739.0025634765625,5.364165306091309
0,1206,-0.10400000214576721,-0.0005475243087857962,38.82025146484375,0.0006815909291617572,388.1956787109375,5.439164161682129
0,1207,0.0,0.006113200448453426,100.91143035888672,0.05301125347614288,1008.5841674804688,6.651243209838867
0,1208,0.0,-0.052724145352840424,69.3389892578125,0.2884255647659302,690.505615234375,5.754454612731934
0,1209,0.0,-0.02222764678299427,101.24732971191406,-0.014611473307013512,1012.6193237304688,6.080778121948242
0,1210,-0.39800000190734863,-0.013730176724493504,56.98469161987305,-0.012155587784945965,569.9684448242188,5.139665603637695
0,1211,-0.23999999463558197,0.01456473395228386,101.41688537597656,0.07134833186864853,1013.4553833007812,6.383232593536377
0,1212,-0.27399998903274536,-0.0067495377734303474,55.90632247924805,-0.004297079984098673,559.106201171875,5.614104747772217
0,1213,-0.057999998331069946,-0.04130192846059799,25.814695358276367,0.0007950204890221357,258.1390075683594,5.830802917480469
0,1214,-0.20800000429153442,-0.001053340034559369,79.00146484375,-0.017624016851186752,790.1907958984375,6.235159873962402
0,1215,0.0,0.013028462417423725,92.26583099365234,0.00471134576946497,922.6112060546875,6.202911376953125
0,1216,-0.0860000029206276,0.016057616099715233,84.06675720214844,0.028500422835350037,840.3825073242188,6.065962314605713
0,1217,0.0,0.0156480111181736,42.3809928894043,-0.01432035118341446,423.953125,6.294524192810059
0,1218,-0.1860000044107437,0.05091634392738342,70.06660461425781,0.014892710372805595,700.5171508789062,4.752162933349609
0,1219,0.0,0.012308914214372635,98.66738891601562,0.02313271351158619,986.4425048828125,6.558990478515625
0,1220,-0.13199999928474426,0.00911538116633892,72.94256591796875,0.005740382708609104,729.3682250976562,5.16241979598999
0,1221,-0.05000000074505806,-0.007713086903095245,28.884174346923828,-0.002373701659962535,288.865478515625,6.020373344421387
0,1222,-0.38999998569488525,-0.006639903411269188,62.20451736450195,-0.006444675847887993,622.109619140625,5.468963146209717
0,1223,0.0,-0.08792873471975327,111.61122131347656,-0.02210286632180214,1116.333251953125,5.800429344177246
0,1224,-0.3779999911785126,-0.0022414985578507185,51.78704071044922,-0.003831197740510106,517.90869140625,5.4805908203125
0,1225,0.0,0.006822905503213406,99.33638000488281,0.025852177292108536,993.105224609375,6.516399383544922
0,1226,-0.21400000154972076,0.005332030355930328,87.18604278564453,0.0039479671977460384,871.8209228515625,6.136107921600342
0,1227,-0.27399998903274536,0.016878416761755943,97.57334899902344,0.01035146601498127,975.6299438476562,6.279305458068848
0,1228,0.0,0.000613880343735218,97.26737213134766,0.0008213891414925456,972.6654663085938,6.240388870239258
0,1229,0.0,-0.007994591258466244,67.3485107421875,-0.006743500474840403,673.552490234375,4.9924116134643555
0,1230,-0.20800000429153442,0.028978295624256134,98.63877868652344,0.05085268244147301,985.8792724609375,6.102652072906494
0,1231,-0.1340000033378601,-0.005055553745478392,51.489315032958984,-0.0021542466711252928,514.9146728515625,5.368032932281494
0,1232,-0.019999999552965164,-0.03631013259291649,94.69178771972656,0.11647798120975494,945.7530517578125,6.124024391174316
0,1233,-0.2240000069141388,-0.0031026958022266626,49.33483123779297,-0.008253362029790878,493.43084716796875,5.290689945220947
0,1234,-0.004000000189989805,0.044369909912347794,97.35765075683594,0.04861101135611534,973.0904541015625,6.5548787117004395
0,1235,-0.07000000029802322,0.013158582150936127,93.44029235839844,0.03127361834049225,934.0901489257812,5.995968818664551
0,1236,-0.33000001311302185,-0.006214107386767864,47.75457763671875,-0.013784626498818398,477.68359375,5.79112434387207
0,1237,-0.09200000017881393,0.02516743168234825,106.19117736816406,0.0730181634426117,1061.1815185546875,6.382805347442627
0,1238,-0.041999999433755875,0.03219383955001831,119.64163208007812,0.0348697192966938,1196.067626953125,6.115507125854492
0,1239,-0.25600001215934753,0.01933114416897297,45.7886962890625,-0.0009431788930669427,457.89642333984375,5.477272987365723
0,1240,-0.07800000160932541,-0.0016372231766581535,98.14166259765625,0.0006990645197220147,981.4096069335938,6.484931945800781
0,1241,0.0,-0.0067933425307273865,77.20611572265625,-0.00235201558098197,772.0845947265625,5.323022842407227
0,1242,-0.3199999928474426,-0.019239742308855057,94.76361083984375,-0.019348246976733208,947.8294677734375,6.255825042724609
0,1243,-0.041999999433755875,-0.21481189131736755,52.294677734375,0.13552124798297882,521.591552734375,5.649836540222168
0,1244,-0.15800000727176666,0.0033202371560037136,94.60537719726562,-0.005282016005367041,946.1065673828125,6.481940269470215
0,1245,-0.10400000214576721,0.0010898096952587366,90.60997009277344,-0.005470625124871731,906.1544189453125,6.435552597045898
0,1246,-0.052000001072883606,0.022051680833101273,97.72311401367188,0.07729004323482513,976.4581909179688,6.391854763031006
0,1247,0.0,-0.036525826901197433,110.89892578125,0.00448309350758791,1108.9443359375,5.826961040496826
0,1248,0.0,0.024051174521446228,31.580768585205078,-0.005184848327189684,315.8595275878906,5.447591781616211
0,1249,0.0,0.03542092442512512,34.602264404296875,-0.02106548473238945,346.2332763671875,5.3505754470825195
0,1250,-0.12999999523162842,0.04172970727086067,52.682273864746094,-0.005313556641340256,526.8759155273438,5.120059013366699
0,1251,-0.21199999749660492,0.010411379858851433,93.80296325683594,0.007274777628481388,937.9569091796875,6.206029891967773
0,1252,-0.17800000309944153,-0.003718965221196413,103.20571899414062,-0.005430047865957022,1032.111328125,6.308476448059082
0,1253,0.0,0.09853381663560867,73.3624038696289,-0.02108158729970455,733.8348388671875,4.680356979370117
0,1254,-0.20600000023841858,0.001418614061549306,104.2977066040039,0.01095594186335802,1042.8675537109375,6.526059627532959
0,1255,-0.12399999797344208,-0.023180514574050903,34.2249755859375,-0.006142997648566961,342.31121826171875,5.658665180206299
0,1256,-0.10599999874830246,-0.03674953430891037,29.144712448120117,-0.008706731721758842,291.5341796875,5.618329048156738
0,1257,-0.07999999821186066,0.012685376219451427,102.52461242675781,0.05008577182888985,1024.7452392578125,6.187928676605225
0,1258,-0.2639999985694885,0.0013807733776047826,60.87717056274414,0.0003429247881285846,608.768310546875,5.06572151184082
1,0,-0.33000001311302185,-0.010658876039087772,55.31401062011719,-0.012880995869636536,553.2689208984375,5.621334552764893
1,1,-0.2240000069141388,-0.0020875525660812855,71.53742980957031,-0.0029044179245829582,715.4033203125,5.184809684753418
1,2,-0.24799999594688416,0.0853782668709755,41.00616455078125,0.12768885493278503,408.78472900390625,5.656510829925537
1,3,-0.10000000149011612,0.005987033247947693,103.72691345214844,-0.006470442749559879,1037.3338623046875,6.5294084548950195
1,4,-0.04399999976158142,-0.008513257838785648,92.96231079101562,-0.010990092530846596,929.73291015625,5.947732925415039
1,5,-0.38999998569488525,0.0015759685775265098,64.83663177490234,-0.0008400387014262378,648.374755859375,5.131566047668457
1,6,-0.28200000524520874,-0.002452742075547576,66.87328338623047,-0.0024938001297414303,668.7578125,5.3364458084106445
1,7,0.0,0.00027027615578845143,40.37122344970703,-0.00651566730812192,403.77740478515625,5.1620659828186035
1,8,0.0,-0.024698367342352867,59.43574523925781,0.02715405821800232,594.0859375,5.310194969177246
1,9,-0.15399999916553497,0.008364792913198471,89.2271728515625,0.004491149447858334,892.226806640625,6.446783065795898
1,10,-0.10999999940395355,0.006167366169393063,103.36177062988281,0.051420409232378006,1033.103515625,6.6015238761901855
1,11,-0.5019999742507935,-0.0046521639451384544,54.46380615234375,-0.001596151734702289,544.654052734375,5.419645309448242
1,12,-0.21799999475479126,-0.007327718660235405,41.837120056152344,-0.0031089093536138535,418.40228271484375,5.425616264343262
1,13,-0.1459999978542328,-0.0013698083348572254,91.59483337402344,0.33087143301963806,912.6395263671875,5.755833625793457
1,14,-0.06400000303983688,-0.015347655862569809,28.07296371459961,-0.0009180741617456079,280.73883056640625,5.714998722076416
1,15,-0.31200000643730164,0.02183564566075802,97.20353698730469,0.06767053157091141,971.3585815429688,6.4393415451049805
1,16,-0.06199999898672104,-0.00022814437397755682,54.062171936035156,-0.007177676074206829,540.6934814453125,5.150742530822754
1,17,-0.5759999752044678,-0.008083765394985676,74.76605987548828,-0.007634954527020454,747.7369384765625,4.7521162033081055
1,18,-0.07999999821186066,0.007694846484810114,106.85209655761719,0.0064339241944253445,1068.45654296875,6.328351974487305
1,19,-0.22200000286102295,0.0303498525172472,89.07601165771484,0.03070351667702198,890.453125,6.094986915588379
1,20,-0.1120000034570694,-0.10393286496400833,44.07660675048828,0.010613927617669106,440.659912109375,5.535879611968994
1,21,-0.37400001287460327,-0.008803640492260456,62.66917037963867,0.00816806498914957,626.6099853515625,5.381527900695801
1,22,-0.02199999988079071,-0.03886235132813454,23.368366241455078,-0.010027041658759117,233.783935546875,5.663714408874512
1,23,-0.18199999630451202,-0.021150212734937668,29.460458755493164,-0.0017332331044599414,294.6219177246094,5.310588836669922
1,24,-0.07400000095367432,0.0015919724246487021,77.61695861816406,0.002356909913942218,776.14599609375,5.189751148223877
1,25,0.0,0.002112944144755602,73.90791320800781,-0.0013378821313381195,739.0924682617188,5.034996032714844
1,26,-0.20000000298023224,0.019964896142482758,33.827110290527344,-0.009522263891994953,338.3663330078125,5.42295503616333
1,27,-0.06199999898672104,0.0007085286779329181,73.10612487792969,-0.0042968736961483955,731.1041870117188,5.289494037628174
1,28,-0.10199999809265137,0.0008645639172755182,27.153236389160156,-0.005429517012089491,271.586669921875,5.8680925369262695
1,29,-0.01600000075995922,-0.07596033066511154,70.13670349121094,0.18860392272472382,699.4810180664062,5.727808952331543
1,30,0.0,0.003286919090896845,80.99024200439453,0.0006003931630402803,809.8963623046875,5.090645790100098
1,31,-0.15600000321865082,-0.011039149947464466,92.64215087890625,-0.0025768857449293137,926.4473266601562,5.798890113830566
1,32,-0.30799999833106995,-0.0023974657524377108,53.505950927734375,-0.005928099155426025,535.1187744140625,5.3251051902771
1,33,-0.1080000028014183,0.013122094795107841,104.45858764648438,-0.011789927259087563,1044.703857421875,6.66854190826416
1,34,-0.18000000715255737,0.016054553911089897,65.75039672851562,-0.0022433537524193525,657.5263671875,4.971261024475098
1,35,0.0,-0.0014292218256741762,64.810546875,-0.0031927176751196384,648.1373901367188,5.013122081756592
1,36,-0.03999999910593033,-0.0020136148668825626,100.70469665527344,-0.00691542774438858,1007.1160888671875,6.237698078155518
1,37,0.0,-0.004785463213920593,62.5874137878418,-0.0016321197617799044,625.8905029296875,5.051704406738281
1,38,-0.2800000011920929,0.0052618240006268024,82.28541564941406,0.007288944907486439,822.78125,5.724786758422852
1,39,0.0,0.0031551963184028864,41.38374328613281,-0.0034422792959958315,413.8718566894531,5.2342424392700195
1,40,0.0,0.017804879695177078,28.693084716796875,-0.0050714267417788506,286.9815673828125,5.277035713195801
1,41,-0.6039999723434448,0.0010568619472905993,71.61782836914062,-0.0040456559509038925,716.2186279296875,5.074143409729004
1,42,-0.18799999356269836,-0.004038178361952305,36.448158264160156,-0.0036020800471305847,364.517578125,5.503752708435059
1,43,0.0,5.103740841150284e-05,83.45669555664062,-0.0028540852945297956,834.5955200195312,6.26914644241333
1,44,0.0,0.0023940596729516983,67.29611206054688,-0.0018613686552271247,672.979736328125,5.092102527618408
1,45,-0.33799999952316284,-0.002729567000642419,53.96691131591797,-0.007382046896964312,539.742919921875,5.489498138427734
1,46,0.0,0.1910860538482666,50.081932067871094,0.03402295336127281,500.47906494140625,4.701749801635742
1,47,-0.14000000059604645,0.027117207646369934,27.81710433959961,0.0024924438912421465,278.1461181640625,5.701066017150879
1,48,-0.3779999911785126,-0.007228194270282984,81.52886962890625,-0.0029206632170826197,815.31787109375,5.8493757247924805
1,49,0.0,-0.0006041974993422627,32.40754318237305,0.003358925459906459,324.0418395996094,4.951841354370117
1,50,-0.07199999690055847,0.005258842837065458,83.6009292602539,0.009231838397681713,835.9169921875,5.765907287597656
1,51,-0.14800000190734863,0.0037194485776126385,68.9220199584961,0.000783416791819036,689.2123413085938,5.12850284576416
1,52,-0.20999999344348907,0.007663678843528032,70.92550659179688,-0.007962978444993496,709.334716796875,5.333256721496582
1,53,-0.07599999755620956,0.005984258372336626,67.67227935791016,0.00028028772794641554,676.719970703125,5.351622581481934
1,54,-0.18400000035762787,-0.007583006285130978,39.095619201660156,-0.0012982059270143509,390.9691162109375,5.398881435394287
1,55,-0.4020000100135803,-0.008489268831908703,56.332008361816406,-0.005937034264206886,563.3794555664062,5.510581016540527
1,56,-0.25,0.0056132362224161625,92.55174255371094,0.004337728954851627,925.47412109375,6.353609561920166
1,57,-0.11400000005960464,-0.012637955136597157,27.878883361816406,0.0002654772251844406,278.78619384765625,5.774059772491455
1,58,-0.28600001335144043,0.018949981778860092,98.20695495605469,-0.0023884805850684643,982.0934448242188,6.518054008483887
1,59,-0.1860000044107437,0.012121452018618584,85.22501373291016,0.0018715871265158057,852.2314453125,6.303582191467285
1,60,-0.46399998664855957,-0.0028988185804337263,70.79396057128906,0.007150287739932537,707.8681640625,5.310591220855713
1,61,-0.17399999499320984,0.00742931617423892,71.40506744384766,0.011629723943769932,713.9343872070312,5.32785701751709
1,62,-0.15600000321865082,0.005462906789034605,27.476943969726562,-0.002352844225242734,274.79296875,5.591630458831787
1,63,-0.2639999985694885,0.003321948228403926,37.09238052368164,-0.0027169957756996155,370.9509582519531,5.7544636726379395
1,64,0.0,0.018331242725253105,35.605224609375,-0.010817693546414375,356.1604309082031,5.378142833709717
1,65,0.0,0.007947919890284538,52.07257080078125,-0.009406876750290394,520.8197631835938,5.129588603973389
1,66,0.0,0.006439242511987686,67.72894287109375,0.001704961177892983,677.2723388671875,5.117526054382324
1,67,-0.1979999989271164,0.0006545561482198536,75.3642349243164,-0.0030789817683398724,753.673095703125,5.490843772888184
1,68,0.0,0.008031314238905907,73.93283081054688,-0.010537871159613132,739.43359375,5.350385665893555
1,69,-0.012000000104308128,0.005366489756852388,109.21528625488281,0.054886575788259506,1091.60400390625,5.97855806350708
1,70,0.0,-0.03215203806757927,80.68391418457031,-0.00026976701337844133,806.841796875,4.981301784515381
1,71,0.0,0.004243760369718075,83.07780456542969,-0.007930509746074677,830.8572998046875,5.3785929679870605
1,72,-0.05000000074505806,-0.006256484426558018,86.8404541015625,-0.0016259013209491968,868.4207763671875,5.571657657623291
1,73,-0.024000000208616257,0.004953613504767418,72.31392669677734,0.0008405125117860734,723.1307983398438,5.3166184425354
1,74,0.0,0.002495966386049986,64.9938735961914,0.0005376202170737088,649.933349609375,5.202882766723633
1,75,-0.1940000057220459,0.0034139782655984163,73.61082458496094,0.0002367075067013502,736.1058959960938,5.330815315246582
1,76,-0.026000000536441803,-0.00452373456209898,55.44244384765625,-0.008746186271309853,554.5119018554688,5.134845733642578
1,77,-0.09000000357627869,-0.003625120734795928,113.85833740234375,-0.0016546165570616722,1138.599853515625,6.27602481842041
1,78,-0.06199999898672104,0.012645947746932507,74.75373077392578,0.001543097896501422,747.5218505859375,5.491429328918457
1,79,-0.21400000154972076,0.0015005518216639757,64.40309143066406,0.011258109472692013,643.9183349609375,5.2977423667907715
1,80,-0.25,-0.006438284181058407,53.598670959472656,-0.007803300395607948,536.0647583007812,5.392814636230469
1,81,-0.07400000095367432,0.003792407223954797,82.20355224609375,-0.0033599291928112507,822.069091796875,5.103478908538818
1,82,0.0,0.04546137899160385,93.35884857177734,-0.007514323107898235,933.6636352539062,6.350529193878174
1,83,0.0,0.006806869059801102,26.824045181274414,0.00022247496235650033,268.23822021484375,5.492839336395264
1,84,0.0,0.0009284956031478941,82.02116394042969,0.004250608384609222,820.169189453125,5.691944122314453
1,85,-0.0860000029206276,-0.009389534592628479,90.05914306640625,-0.003861555363982916,900.6300048828125,5.69134521484375
1,86,-0.2639999985694885,-0.007967754267156124,46.81376266479492,-0.0076221805065870285,468.2138671875,5.1359639167785645
1,87,0.0,0.02157003991305828,36.682533264160156,-0.019732415676116943,367.02264404296875,5.078225135803223
1,88,0.0,-0.06511546671390533,110.14515686035156,0.028398871421813965,1101.16748046875,6.061314582824707
1,89,0.0,0.01837342232465744,52.358280181884766,-0.00792202353477478,523.6619873046875,5.375998497009277
1,90,-0.09600000083446503,0.01720929890871048,31.6080265045166,-0.010643862187862396,316.18670654296875,5.10447883605957
1,91,-0.02199999988079071,0.011661170050501823,72.58837890625,-0.009215476922690868,725.9759521484375,5.668659687042236
1,92,0.0,0.015495466999709606,106.8380126953125,0.012166128493845463,1068.2584228515625,6.384305000305176
1,93,-0.18400000035762787,-0.0050855702720582485,47.1996955871582,-0.0044974894262850285,472.04193115234375,5.375029563903809
1,94,-0.17599999904632568,-0.012469892390072346,50.330841064453125,-0.012462226673960686,503.43304443359375,5.088475704193115
1,95,-0.17800000309944153,0.0016604344127699733,92.21224212646484,0.002909428905695677,922.0933227539062,6.296589374542236
1,96,-0.22200000286102295,0.010051220655441284,97.05314636230469,0.013887539505958557,970.3925170898438,6.214893341064453
1,97,-0.23800000548362732,0.0455479621887207,102.80419921875,-0.0021758023649454117,1028.0638427734375,6.391910552978516
1,98,-0.12200000137090683,0.027563761919736862,104.44123077392578,0.003086388809606433,1044.3814697265625,6.4812541007995605
1,99,0.0,0.004974388517439365,102.15071105957031,-0.003974139224737883,1021.5467529296875,6.300796031951904
1,100,-0.2540000081062317,-0.0032794733997434378,66.68131256103516,0.0028253672644495964,666.784912109375,5.486994743347168
1,101,-0.2800000011920929,-0.009501427412033081,43.637489318847656,-0.007204356603324413,436.4468994140625,5.47019100189209
1,102,-0.257999986410141,-0.0019083519000560045,100.99925231933594,-0.004844058305025101,1010.0408935546875,6.165881156921387
1,103,0.0,0.012333046644926071,101.2667465209961,0.020249387249350548,1012.4649658203125,6.276543140411377
1,104,0.0,0.017590533941984177,102.09172821044922,0.016821280121803284,1020.7490844726562,6.162559509277344
1,105,-0.18400000035762787,0.004986279644072056,90.69540405273438,-0.00043522511259652674,906.9583740234375,6.155799865722656
1,106,0.0,0.007678392343223095,51.906436920166016,-0.015765024349093437,519.2220458984375,5.156954765319824
1,107,-0.05999999865889549,0.0004934120224788785,50.37532043457031,-0.013754040002822876,503.8907470703125,5.368613243103027
1,108,-0.057999998331069946,0.01650531403720379,98.78595733642578,0.011694962158799171,987.7426147460938,6.510878562927246
1,109,0.0,0.026903212070465088,82.31184387207031,0.1965315192937851,821.1531372070312,6.417174816131592
1,110,-0.12999999523162842,0.033204324543476105,33.816566467285156,-0.009212562814354897,338.2578125,5.20245885848999
1,111,-0.052000001072883606,0.03408588096499443,99.41989135742188,-0.009581295773386955,994.2947998046875,6.300516128540039
1,112,0.0,-0.1886751502752304,18.317745208740234,-1.577770092353603e-08,183.1774444580078,5.876578330993652
1,113,-0.03400000184774399,-0.02329004928469658,93.92158508300781,0.040091581642627716,938.81494140625,5.941261291503906
1,114,-0.06599999964237213,0.002525593154132366,99.39329528808594,-0.0063074249774217606,993.9960327148438,6.122074127197266
1,115,-0.3059999942779541,0.007013283669948578,92.3260498046875,0.030629990622401237,922.9541625976562,6.321475028991699
1,116,0.0,0.05067787691950798,32.456703186035156,-0.01884145848453045,324.75543212890625,5.231546401977539
1,117,0.0,-0.001551089808344841,40.62406921386719,0.016361501067876816,406.07708740234375,5.405116081237793
1,118,-0.4059999883174896,-0.00019341218285262585,56.08927536010742,-0.008027493953704834,560.9730224609375,5.63138484954834
1,119,0.0,0.0008591081714257598,32.032814025878906,-0.010888846591114998,320.43707275390625,5.417682647705078
1,120,-0.19599999487400055,0.15008540451526642,86.9791488647461,0.04294786974787712,869.362060546875,4.710110664367676
1,121,-0.15000000596046448,-0.004666658118367195,61.786766052246094,-0.007432815618813038,617.9420166015625,5.269007682800293
1,122,-0.4819999933242798,-0.012759783305227757,65.51675415039062,-0.01177548710256815,655.2852783203125,5.25236701965332
1,123,-0.16200000047683716,-0.005126363597810268,65.06751251220703,-0.008627796545624733,650.761474609375,5.366025924682617
1,124,0.0,0.0015189810656011105,73.97394561767578,0.000245155330048874,739.7369995117188,5.395481109619141
1,125,-0.09200000017881393,0.011651664040982723,99.02747344970703,-0.017461836338043213,990.4493408203125,6.292160987854004
1,126,-0.17399999499320984,0.007942462339997292,81.22359466552734,-0.004551606718450785,812.281494140625,6.2347259521484375
1,127,0.0,0.0059272791258990765,81.44902038574219,-0.010995745658874512,814.60009765625,5.766754150390625
1,128,-0.13199999928474426,0.005318138748407364,109.16139221191406,-0.003811562666669488,1091.6519775390625,6.195947170257568
1,129,-0.02800000086426735,0.013175333850085735,59.070411682128906,-0.013205694034695625,590.8361206054688,5.019712448120117
1,130,0.0,0.012870129197835922,37.94906997680664,-0.0066210306249558926,379.556884765625,5.2449870109558105
1,131,-0.04399999976158142,0.007772723212838173,80.88521575927734,-0.0192888006567955,809.0450439453125,5.764080047607422
1,132,-0.06599999964237213,0.03950539976358414,54.890480041503906,-0.023266471922397614,549.137451171875,5.107895374298096
1,133,-0.19200000166893005,0.019667884334921837,71.72608947753906,0.0045118811540305614,717.2158203125,4.921520233154297
1,134,0.0,0.009676268324255943,72.80709838867188,-0.02226998098194599,728.293701171875,5.683176040649414
1,135,-0.2680000066757202,0.02362515777349472,100.23991394042969,-0.018433114513754845,1002.5835571289062,6.3661909103393555
1,136,-0.12399999797344208,0.05120806023478508,96.81620788574219,-0.005175733007490635,968.2137451171875,6.228964805603027
1,137,-0.21199999749660492,0.015812383964657784,102.92190551757812,-0.009538130834698677,1029.314453125,6.593955993652344
1,138,-0.2639999985694885,0.010025435127317905,52.70893096923828,-0.002625374821946025,527.1156005859375,5.247084140777588
1,139,-0.2759999930858612,-0.010325956158339977,52.353515625,-0.0042753638699650764,523.5779418945312,5.491310119628906
1,140,-0.13199999928474426,-0.014449487440288067,30.43616485595703,-0.0030323867686092854,304.3919677734375,5.433022975921631
1,141,-0.11800000071525574,-0.012798801995813847,56.1411247253418,-0.00048485049046576023,561.4160766601562,5.771640300750732
1,142,-0.18000000715255737,0.007508797105401754,82.34182739257812,0.0039549232460558414,823.3787231445312,5.931060314178467
1,143,-0.12200000137090683,0.004143060185015202,73.81793212890625,0.006253439467400312,738.11669921875,5.591126441955566
1,144,0.0,0.004611671902239323,97.67359924316406,-0.003666166216135025,976.7726440429688,6.488922119140625
1,145,0.0,0.025070376694202423,39.360992431640625,-0.008976718410849571,393.69964599609375,5.523190498352051
1,146,-0.1120000034570694,0.018487662076950073,105.28138732910156,-0.013888509944081306,1052.952880859375,6.554325103759766
1,147,0.0,0.012339928187429905,53.21144104003906,-0.012837021611630917,532.2427368164062,5.446676731109619
1,148,0.0,-0.03239757940173149,81.63117218017578,0.06404019147157669,815.6712646484375,6.636280059814453
1,149,-0.6159999966621399,0.004807187244296074,67.48974609375,-0.0022232849150896072,674.919677734375,5.5232086181640625
1,150,0.0,0.0026264141779392958,87.20323944091797,0.010095258243381977,871.931396484375,6.265493392944336
1,151,-0.1860000044107437,0.032789573073387146,100.50724792480469,0.039119571447372437,1004.6812744140625,6.51447868347168
1,152,-0.1340000033378601,0.003421160625293851,100.6648178100586,-0.005379735957831144,1006.7019653320312,6.249547004699707
1,153,0.0,0.0018713929457589984,111.56844329833984,0.007717362139374018,1115.6072998046875,6.190752029418945
1,154,-0.1599999964237213,1.3533179298974574e-05,67.62031555175781,0.014922501519322395,676.053955078125,5.972733020782471
1,155,-0.23000000417232513,-0.00894500594586134,78.4403076171875,-0.003759136190637946,784.440673828125,6.084292411804199
1,156,-0.28200000524520874,-0.01070577371865511,52.27583312988281,-0.0020972576458007097,522.779296875,5.363260269165039
1,157,0.0,0.06935479491949081,27.748817443847656,-0.007510484661906958,277.5632629394531,5.043050765991211
1,158,-0.10599999874830246,0.010826840065419674,90.39299774169922,-0.003397512249648571,903.9639282226562,6.290998458862305
1,159,-0.17599999904632568,-7.068377453833818e-05,94.60337829589844,0.001925098360516131,946.0145263671875,6.302324295043945
1,160,-0.3400000035762787,0.009535894729197025,97.13481140136719,-0.006729733198881149,971.4154052734375,6.314959526062012
1,161,-0.17800000309944153,0.006959329359233379,113.93412780761719,0.030479589477181435,1139.036376953125,6.497514724731445
1,162,-0.03200000151991844,0.01263523381203413,84.651123046875,-0.0006230293656699359,846.5175170898438,6.358962059020996
1,163,-0.07000000029802322,-0.011203987523913383,101.40388488769531,0.015897899866104126,1013.8798217773438,6.6819257736206055
1,164,0.0,0.0025801388546824455,99.47053527832031,0.04911990836262703,994.214111328125,6.12957239151001
1,165,-0.41200000047683716,0.008101542480289936,63.490211486816406,-0.010858009569346905,635.0107421875,5.050108909606934
1,166,-0.0820000022649765,0.006523829884827137,105.12844848632812,1.1627445928752422e-05,1051.284423828125,6.294698238372803
1,167,-0.421999990940094,0.008827636018395424,80.15228271484375,0.0020620087161660194,801.502197265625,5.875680923461914
1,168,0.0,0.0005065487930551171,69.06732177734375,-0.003287927247583866,690.7061157226562,5.977001190185547
1,169,-0.12600000202655792,0.0015423328150063753,108.48766326904297,-0.002392346039414406,1084.900634765625,6.3739166259765625
1,170,0.0,0.0030195224098861217,41.33845520019531,0.003077384550124407,413.353759765625,6.098934650421143
1,171,-0.03400000184774399,0.0036864886060357094,91.3957290649414,0.00621294230222702,913.8951416015625,6.223292350769043
1,172,-0.17000000178813934,0.005158062092959881,98.27425384521484,-0.002454774221405387,982.76708984375,6.408073425292969
1,173,0.0,0.012849717400968075,27.836891174316406,-0.001331900479272008,278.3822326660156,5.834122657775879
1,174,-0.24199999868869781,-0.006769639439880848,90.67408752441406,0.009920638054609299,906.6416625976562,6.379487037658691
1,175,-0.026000000536441803,0.030876057222485542,80.08661651611328,0.018068522214889526,800.685546875,6.264960765838623
1,176,0.0,0.001256343093700707,115.30197143554688,0.059671953320503235,1152.4228515625,6.113450050354004
1,177,-0.017999999225139618,0.0035754924174398184,61.192604064941406,-0.004478576593101025,611.9707641601562,5.571473121643066
1,178,-0.035999998450279236,0.02331187017261982,65.99293518066406,-0.025947926566004753,660.1888427734375,5.217405319213867
1,179,-0.20000000298023224,-0.01203137170523405,91.76406860351562,0.003934300038963556,917.601318359375,6.158909320831299
1,180,0.0,0.013155425898730755,28.668920516967773,-0.0076979780569672585,286.76617431640625,5.9217143058776855
1,181,-0.08399999886751175,0.07917319983243942,50.79607391357422,-0.014698888175189495,508.10772705078125,4.706003189086914
1,182,-0.41600000858306885,0.004677837714552879,99.62323760986328,0.00042841321555897593,996.2280883789062,6.257423400878906
1,183,-0.1340000033378601,-0.015818631276488304,97.46269226074219,0.032017868012189865,974.3067016601562,6.167464256286621
1,184,-0.32600000500679016,0.032049067318439484,100.91325378417969,-0.02331448718905449,1009.36572265625,6.437991142272949
1,185,-0.22599999606609344,-0.006475463043898344,84.76126861572266,0.004766796715557575,847.5650024414062,5.942108154296875
1,186,-0.009999999776482582,0.03030816651880741,91.86363220214844,-0.006259365007281303,918.6989135742188,6.286778450012207
1,187,-0.25600001215934753,-0.00403101509436965,103.67424011230469,0.003532489761710167,1036.7071533203125,6.319701671600342
1,188,-0.03799999877810478,-0.012218939140439034,69.36921691894531,-0.00480099581182003,693.740234375,5.7959723472595215
1,189,-0.30000001192092896,-0.0027679833583533764,72.0954360961914,0.02077966183423996,720.74658203125,6.113076686859131
1,190,0.0,0.06447373330593109,34.641357421875,-0.01863046921789646,346.5998840332031,4.991227149963379
1,191,0.0,0.012573584914207458,90.0938720703125,0.007091328967362642,900.8677978515625,6.328971862792969
1,192,-0.03200000151991844,-0.006292077712714672,100.79696655273438,0.015232258476316929,1007.8173217773438,6.523519515991211
1,193,-0.12200000137090683,-0.015144155360758305,103.6694107055664,0.04911721497774124,1036.202880859375,6.678347587585449
1,194,-0.2540000081062317,0.011470075696706772,83.91850280761719,-0.0020051768515259027,839.2050170898438,5.83540153503418
1,195,-0.03999999910593033,0.0007577178766950965,98.26594543457031,-0.0032581263221800327,982.6920776367188,6.086939811706543
1,196,0.0,0.008812393061816692,37.20787048339844,-0.0057384055107831955,372.1360778808594,5.661848068237305
1,197,-0.04800000041723251,-0.02006636932492256,99.67048645019531,-0.007756592705845833,996.782470703125,6.229305744171143
1,198,-0.1899999976158142,-0.0179530531167984,68.44020080566406,-0.0013909477274864912,684.4158935546875,5.957008361816406
1,199,-0.1340000033378601,0.0024691917933523655,85.01519012451172,-0.008704975247383118,850.239013671875,6.292498588562012
1,200,-0.10199999809265137,-0.009588697925209999,91.96914672851562,-0.006273328326642513,919.7542114257812,6.1319427490234375
1,201,0.0,0.004482124466449022,94.0218276977539,-0.006729671731591225,940.2855834960938,6.2288103103637695
1,202,-0.004000000189989805,-0.012186785228550434,88.81787872314453,0.008590731769800186,888.0928955078125,6.342294692993164
1,203,0.0,0.0016117725754156709,105.25828552246094,-0.0009474169928580523,1052.59228515625,6.408412933349609
1,204,0.0,0.002791114617139101,101.45384216308594,0.0034832723904401064,1014.5035400390625,6.139310836791992
1,205,-0.07000000029802322,0.0031203217804431915,101.48583984375,0.02935350500047207,1014.5648803710938,6.196446895599365
1,206,-0.006000000052154064,0.01123568695038557,99.7939453125,0.023632420226931572,997.7030639648438,6.5233306884765625
1,207,-0.11999999731779099,0.0017574230441823602,86.21295166015625,-0.003179030492901802,862.1612548828125,6.06518030166626
1,208,-0.12999999523162842,0.012391829863190651,57.389766693115234,-0.009839054197072983,573.9960327148438,5.234352111816406
1,209,-0.7440000176429749,-0.028951847925782204,75.66975402832031,0.03187781944870949,756.3787841796875,5.5744781494140625
1,210,-0.07599999755620956,-0.19815437495708466,52.1905403137207,0.0174140352755785,521.7312622070312,5.679911136627197
1,211,-0.1379999965429306,-0.017392005771398544,103.49453735351562,0.05574259161949158,1034.387939453125,6.371668338775635
1,212,-0.17599999904632568,-0.0074974289163947105,94.70809936523438,-0.020487263798713684,947.285888671875,6.273402214050293
1,213,0.0,-0.02356794849038124,111.21257019042969,-0.0060669840313494205,1112.186279296875,6.082489967346191
1,214,0.0,0.03184584528207779,40.69293212890625,-0.010911645367741585,407.0384216308594,5.313436985015869
1,215,0.0,0.020190250128507614,114.57437133789062,0.004889799281954765,1145.69482421875,6.413442611694336
1,216,-0.1459999978542328,0.016945140436291695,96.68803405761719,-0.005210123024880886,966.932373046875,6.458430290222168
1,217,0.0,0.07818850874900818,36.04261016845703,-0.027028795331716537,360.6963806152344,5.302980899810791
1,218,-0.1899999976158142,0.02088344283401966,98.83924865722656,-0.006696826312690973,988.45947265625,6.410442352294922
1,219,-0.07400000095367432,-0.043540798127651215,86.80842590332031,0.051887329667806625,867.5653686523438,5.910075664520264
1,220,0.0,-0.0017764077056199312,102.29313659667969,-0.002649555215612054,1022.9578857421875,6.37919282913208
1,221,-0.1860000044107437,0.0349854975938797,49.75697326660156,-0.011478590779006481,497.6845397949219,4.932485580444336
1,222,-0.13600000739097595,0.00549456337466836,95.60413360595703,-0.014501377008855343,956.186279296875,6.36012601852417
1,223,-0.07999999821186066,-0.14036598801612854,116.21733093261719,0.10368791222572327,1161.136474609375,5.8833441734313965
1,224,0.0,0.02036203444004059,35.03233337402344,-0.006461992394179106,350.387939453125,5.088479042053223
1,225,0.0,0.06283428519964218,47.40711212158203,-0.021072901785373688,474.2818603515625,5.268462657928467
1,226,0.0,0.020461848005652428,58.781246185302734,-0.0037135519087314606,587.849609375,6.273280620574951
1,227,-0.04600000008940697,-0.07855115085840225,101.67460632324219,0.13892316818237305,1015.3568115234375,5.96104621887207
1,228,-0.017999999225139618,-1.1830125004053116e-05,90.02820587158203,-0.0066876886412501335,900.3489990234375,6.287844657897949
1,229,0.0,0.005062181036919355,92.02558898925781,0.015186170116066933,920.1039428710938,6.144607067108154
1,230,0.0,0.0255652517080307,99.06838989257812,0.01026698388159275,990.5812377929688,6.299080848693848
1,231,0.0,0.091619111597538,37.2552604675293,0.00827183946967125,372.4698791503906,4.8813323974609375
1,232,-0.05400000140070915,0.012753546237945557,97.03396606445312,-0.007738804444670677,970.4169921875,6.30126953125
1,233,-0.04600000008940697,0.008099617436528206,96.93692779541016,-0.006710854824632406,969.4363403320312,6.283588409423828
1,234,-0.16200000047683716,0.05145929753780365,113.829833984375,-0.011615773662924767,1138.41455078125,6.415678977966309
1,235,-0.6880000233650208,0.031975869089365005,66.2558364868164,-0.019657019525766373,662.7548828125,4.917023658752441
1,236,-0.18000000715255737,-0.013764831237494946,97.08808898925781,0.044841066002845764,970.4324951171875,6.121171951293945
1,237,-0.02800000086426735,-0.122944675385952,90.18695068359375,0.5317090749740601,896.5524291992188,5.456559658050537
1,238,-0.1080000028014183,0.01879911683499813,87.77667236328125,0.00676026102155447,877.6990966796875,5.8799238204956055
1,239,-0.23600000143051147,0.03374587744474411,59.67887496948242,-0.02827184647321701,597.0714721679688,4.979820251464844
1,240,-0.31200000643730164,-0.026824794709682465,77.4512710571289,0.005726476665586233,774.455322265625,5.483737945556641
1,241,-0.25600001215934753,-0.021800223737955093,74.58447265625,0.011284178122878075,745.7318115234375,5.530557632446289
1,242,0.0,-0.029085397720336914,97.59480285644531,0.0028054381255060434,975.9199829101562,5.927453517913818
1,243,0.0,0.1485835611820221,37.888484954833984,-0.007989639416337013,378.9647521972656,4.855827331542969
1,244,-0.1940000057220459,0.11987714469432831,71.73797607421875,-0.017981048673391342,717.5595092773438,4.930733680725098
1,245,-0.02199999988079071,-0.03606531769037247,99.19379425048828,0.021190425381064415,991.7259521484375,6.112544059753418
1,246,-0.23399999737739563,0.08681539446115494,76.14556884765625,-0.03570360690355301,761.8126831054688,4.80302619934082
1,247,0.0,0.002230558544397354,118.562744140625,0.01849786378443241,1185.4423828125,6.628080368041992
1,248,0.0,0.005760903004556894,109.65612030029297,-0.019309144467115402,1096.7542724609375,6.095213413238525
1,249,0.0,0.13581658899784088,63.02931594848633,-0.025977684184908867,630.552978515625,4.775321006774902
1,250,-0.05999999865889549,0.00341259827837348,123.67141723632812,0.005996940657496452,1236.6541748046875,6.774621963500977
1,251,-0.21400000154972076,0.00015789968892931938,59.735069274902344,-0.011684256605803967,597.467529296875,4.72770357131958
1,252,-0.17599999904632568,0.06327636539936066,128.49990844726562,0.04419255256652832,1284.5572509765625,4.61393404006958
1,253,0.0,0.11253655701875687,50.92180633544922,-0.041611671447753906,509.6341552734375,4.663300514221191
1,254,-1.159999966621399,0.023110605776309967,75.65080261230469,0.006439711432904005,756.443603515625,4.914027214050293
1,255,-0.08799999952316284,0.006125310901552439,91.38748168945312,-0.03325981646776199,914.2073974609375,6.2677764892578125
1,256,-0.03400000184774399,-0.024643754586577415,104.47313690185547,-0.02567169815301895,1044.988037109375,5.967844009399414
1,257,-0.15399999916553497,0.02030172385275364,89.3759765625,-0.02718188613653183,894.031494140625,6.1558990478515625
1,258,-0.14000000059604645,0.03622807562351227,51.777549743652344,-0.005605703219771385,517.83154296875,4.757443428039551
1,259,-0.23800000548362732,0.0002629334048833698,95.44034576416016,-0.006377639248967171,954.46728515625,6.042045593261719
1,260,-0.15199999511241913,-0.05028095096349716,100.3458480834961,0.018081963062286377,1003.2777099609375,5.849900245666504
1,261,-0.13199999928474426,0.009259089827537537,104.41814422607422,-0.018894094973802567,1044.370361328125,6.19985294342041
1,262,-0.9020000100135803,-0.005099525675177574,70.573974609375,0.017513524740934372,705.5645751953125,4.962491989135742
1,263,-0.1379999965429306,-0.002262199530377984,102.83607482910156,-0.016876153647899628,1028.529541015625,6.1556830406188965
1,264,-0.09200000017881393,0.0553685799241066,50.011817932128906,-0.020989270880818367,500.32806396484375,4.7757062911987305
1,265,-0.23399999737739563,0.013000094331800938,97.15693664550781,-0.028968002647161484,971.8590087890625,6.389538764953613
1,266,-0.17599999904632568,0.012553287670016289,110.08899688720703,-0.00887596607208252,1100.978759765625,6.315438747406006
1,267,-0.04600000008940697,0.015202030539512634,83.80606842041016,-0.017423022538423538,838.23486328125,6.298194408416748
1,268,0.0,0.016103437170386314,101.05997467041016,-0.012200649827718735,1010.7218017578125,6.27872371673584
1,269,0.0,0.05197533592581749,46.073760986328125,-0.04771118611097336,461.2147216796875,4.877777099609375
1,270,-0.10599999874830246,0.01037585362792015,108.7536849975586,-0.019348114728927612,1087.7303466796875,6.160595893859863
1,271,-0.12600000202655792,0.008544394746422768,101.02822875976562,-0.021807359531521797,1010.5003662109375,6.144970417022705
1,272,0.0,-0.03169664740562439,110.3018798828125,-0.03452553600072861,1103.364013671875,4.626522064208984
1,273,0.0,0.016339845955371857,114.23211669921875,-0.026504945009946823,1142.586181640625,6.204164505004883
1,274,-0.012000000104308128,0.017358213663101196,96.36993408203125,-0.018740467727184296,963.8868408203125,6.513432025909424
1,275,-0.2199999988079071,0.0322725847363472,76.28482818603516,-0.025225205346941948,763.1004638671875,5.675848960876465
1,276,0.0,-0.019039876759052277,105.71459197998047,-0.015825416892766953,1057.30419921875,4.606147289276123
1,277,0.0,-0.003084677504375577,88.88986206054688,-0.03946400061249733,889.293212890625,4.716247081756592
1,278,-0.00800000037997961,0.003652998711913824,121.55341339111328,-0.005873448681086302,1215.5927734375,6.744951248168945
1,279,-0.18000000715255737,0.021443147212266922,112.1715316772461,-0.022182941436767578,1121.9371337890625,6.339393615722656
1,280,-0.12800000607967377,0.0188297089189291,102.81161499023438,-0.012173023074865341,1028.23779296875,6.321390151977539
1,281,-0.20800000429153442,0.017597101628780365,100.67288208007812,-0.007469514384865761,1006.8035278320312,6.595365524291992
1,282,-0.3199999928474426,-0.013316314667463303,91.15052795410156,0.07595930993556976,910.7457275390625,5.907647132873535
1,283,-0.23000000417232513,0.023348622024059296,117.20008850097656,-0.03276178240776062,1172.32861328125,6.245255470275879
1,284,-0.8479999899864197,0.0008149452041834593,70.6434326171875,-0.012648165225982666,706.560791015625,4.977960586547852
1,285,0.0,-0.009553980082273483,101.43260192871094,-0.004917938727885485,1014.3751831054688,6.4770355224609375
1,286,-0.06800000369548798,0.03661087155342102,102.02851867675781,-0.019594069570302963,1020.4810791015625,6.299722194671631
1,287,-0.23800000548362732,0.02895369753241539,101.74188232421875,-0.0047057331539690495,1017.4658813476562,6.479001045227051
1,288,0.0,0.04389527440071106,95.15895080566406,0.002467877697199583,951.5647583007812,6.296652317047119
1,289,-0.22599999606609344,-0.007576940581202507,83.7312240600586,-0.002978276927024126,837.3419799804688,6.2065229415893555
1,290,-0.17399999499320984,0.0009013491217046976,72.54928588867188,-0.024906370788812637,725.7420043945312,4.803918361663818
1,291,0.0,0.027570398524403572,40.79193115234375,-0.026805970817804337,408.1873779296875,5.0676374435424805
1,292,0.0,0.004000156186521053,103.30575561523438,0.0026275869458913803,1033.03125,6.500922679901123
1,293,-0.004000000189989805,0.0027868137694895267,115.21682739257812,-0.015433494001626968,1152.3226318359375,6.852669715881348
1,294,-0.20999999344348907,0.006804668344557285,120.59010314941406,-0.021828943863511086,1206.1192626953125,6.540623664855957
1,295,-0.2879999876022339,-0.019353125244379044,47.388389587402344,0.014140250161290169,473.7425231933594,5.162052154541016
1,296,-0.2240000069141388,0.006004283204674721,103.5608139038086,0.0018450210336595774,1035.589599609375,6.28647518157959
1,297,-0.10400000214576721,-0.00021503400057554245,104.93512725830078,0.2546004354953766,1046.8052978515625,6.129335403442383
1,298,0.0,0.048979051411151886,58.58462905883789,-0.03561641275882721,586.2024536132812,4.900134086608887
1,299,-0.057999998331069946,-0.012996919453144073,123.83746337890625,-0.004070964176207781,1238.4154052734375,6.411346435546875
1,300,0.0,-0.010278643108904362,104.02556610107422,-0.0036628064699470997,1040.292236328125,6.125854969024658
1,301,0.0,0.010875758714973927,34.58690643310547,0.0028967508114874363,345.840087890625,5.07753849029541
1,302,-0.029999999329447746,0.0003213114687241614,108.29237365722656,0.03655458241701126,1082.5582275390625,6.19312858581543
1,303,0.0,0.00448052491992712,120.182861328125,-0.00846950989216566,1201.9132080078125,6.329561233520508
1,304,-0.25999999046325684,-0.35273200273513794,60.189239501953125,0.21448996663093567,599.7474365234375,5.565217971801758
1,305,-0.30000001192092896,-0.012258746661245823,97.537841796875,0.06332757323980331,974.7451782226562,6.345610618591309
1,306,-0.6119999885559082,-0.018953876569867134,83.34384155273438,0.0020613542292267084,833.4178466796875,4.900355815887451
1,307,-0.21400000154972076,-0.0022332021035254,78.43995666503906,-0.009870588779449463,784.498291015625,6.3747382164001465
1,308,-0.08799999952316284,0.0032367664389312267,93.42594909667969,0.009052741341292858,934.1689453125,6.258291244506836
1,309,0.0,-0.03007631190121174,102.62678527832031,-0.04969218000769615,1026.7646484375,4.644057750701904
1,310,-0.6399999856948853,0.1467306762933731,60.372283935546875,-0.05745553970336914,604.29736328125,4.841279983520508
1,311,0.0,0.12778620421886444,41.51553726196289,-0.046884406358003616,415.62420654296875,5.003899574279785
1,312,0.0,0.07553010433912277,49.312156677246094,-0.0581970252096653,493.70355224609375,4.968600749969482
1,313,0.0,0.024352246895432472,76.11726379394531,-0.026900235563516617,761.4415283203125,4.956498146057129
1,314,-0.0860000029206276,-0.014411123469471931,37.83421325683594,0.03361237421631813,378.0059814453125,5.179621696472168
1,315,-0.21199999749660492,-0.003181359264999628,97.82089233398438,0.0009980871109291911,978.198974609375,6.161741256713867
1,316,-0.20399999618530273,0.0065329051576554775,94.86616516113281,0.008628238923847675,948.5753173828125,6.1896514892578125
1,317,-0.04399999976158142,-0.0087799783796072,97.49449920654297,0.07837206870317459,974.1613159179688,6.0431365966796875
1,318,0.0,0.05909465253353119,48.95650863647461,-0.03922754526138306,489.95733642578125,5.110702991485596
1,319,-0.41600000858306885,-0.058802537620067596,78.55326080322266,0.2539561688899994,782.9930419921875,5.345249176025391
1,320,0.0,0.039459384977817535,87.87583923339844,-0.0024746879935264587,878.783203125,5.209779262542725
1,321,-0.949999988079071,0.04384802281856537,69.0922622680664,-0.037239670753479004,691.2949829101562,4.967512607574463
1,322,-0.11999999731779099,-0.030139777809381485,96.35233306884766,0.09021234512329102,962.6212158203125,6.052423000335693
1,323,-0.10999999940395355,-0.004818318411707878,108.47901153564453,-0.00166035327129066,1084.806640625,6.181750297546387
1,324,-0.17800000309944153,0.014520841650664806,92.76121520996094,-0.004663011059165001,927.6587524414062,6.1102447509765625
1,325,-0.25999999046325684,-0.019136764109134674,84.91151428222656,0.014413388445973396,848.9710693359375,6.073715686798096
1,326,-0.2840000092983246,-0.0043373797088861465,91.2157974243164,0.019299199804663658,911.9649658203125,6.100454807281494
1,327,-0.1899999976158142,-0.00305853970348835,91.44650268554688,0.0031281590927392244,914.4337158203125,6.301394939422607
1,328,0.0,0.02554800733923912,123.02108764648438,-0.02244492433965206,1230.435302734375,6.1971845626831055
1,329,-0.05999999865889549,-0.04950931668281555,119.40753936767578,0.6503763794898987,1187.5716552734375,5.862488746643066
1,330,-0.12200000137090683,0.006503147538751364,98.67058563232422,0.01749686896800995,986.5308837890625,6.115710258483887
1,331,-0.5260000228881836,0.026626793667674065,95.63661193847656,-0.022984065115451813,956.595947265625,6.086305618286133
1,332,-0.11999999731779099,-0.011465903371572495,102.34324645996094,0.01345878280699253,1023.2979125976562,6.047246932983398
1,333,-0.8999999761581421,0.002481166971847415,77.23928833007812,-0.027487602084875107,772.667724609375,5.135026931762695
1,334,-0.07400000095367432,0.02364545315504074,99.0342025756836,-0.03282949700951576,990.6702880859375,6.24685001373291
1,335,-0.2199999988079071,0.008027609437704086,90.98275756835938,-0.009538397192955017,909.9229736328125,6.1176533699035645
1,336,-0.11800000071525574,-0.007316748611629009,100.36720275878906,0.01532699540257454,1003.518798828125,6.194988250732422
1,337,0.0,0.018612636253237724,43.92231369018555,-0.0428360216319561,439.6514892578125,5.250937461853027
1,338,0.0,-0.05770883709192276,83.64720153808594,0.17878881096839905,834.6841430664062,5.7735114097595215
1,339,-0.04600000008940697,-0.007482022047042847,78.35267639160156,0.0017143640434369445,783.5095825195312,5.011587142944336
1,340,-0.03200000151991844,0.0027771235909312963,95.77354431152344,-0.00793635193258524,957.8147583007812,6.269454002380371
1,341,-0.3440000116825104,0.007833896204829216,93.64224243164062,-0.0095319002866745,936.5177001953125,5.997707366943359
1,342,-0.07999999821186066,-0.030579375103116035,98.72344970703125,0.4187563955783844,983.0469970703125,5.8582634925842285
1,343,-0.17000000178813934,0.002828794065862894,86.07035827636719,-0.010388508439064026,860.8074340820312,6.251399040222168
1,344,0.0,0.0028421529568731785,86.44453430175781,0.0015176915330812335,864.4301147460938,5.037335395812988
1,345,0.0,0.02305050939321518,100.8458251953125,-0.003109988756477833,1008.4893188476562,6.9763078689575195
1,346,0.0,0.007969900965690613,51.665775299072266,0.005113939754664898,516.6066284179688,5.249594688415527
1,347,-0.23199999332427979,-0.025021230801939964,105.66272735595703,0.05634351819753647,1056.063720703125,5.733778476715088
1,348,-0.2280000001192093,-0.004792858846485615,101.8332290649414,-0.028980359435081482,1018.6220703125,5.910364627838135
1,349,-0.22599999606609344,-0.013523589819669724,100.39033508300781,0.007508445996791124,1003.828369140625,6.018136978149414
1,350,-0.5860000252723694,0.04368574172258377,50.83349609375,-0.04859615117311478,508.8209228515625,5.155081748962402
1,351,-0.7239999771118164,0.06367739289999008,53.45136260986328,-0.06241018325090408,535.1377563476562,5.360387325286865
1,352,-0.1860000044107437,-0.016855239868164062,97.6460952758789,0.007829098030924797,976.3826904296875,6.069716930389404
1,353,-0.9179999828338623,0.04167703539133072,67.80715942382812,-0.04130815714597702,678.484619140625,5.149155616760254
1,354,0.0,0.0017267893999814987,68.93253326416016,-0.031073590740561485,689.6360473632812,4.975854873657227
1,355,0.0,0.015966512262821198,44.32646560668945,-0.012408486567437649,443.38873291015625,5.396524429321289
1,356,0.0,0.05339820683002472,54.41944122314453,-0.038991231471300125,544.5842895507812,5.257452011108398
1,357,-0.7279999852180481,0.00798260048031807,72.36793518066406,-0.00880381092429161,723.7673950195312,5.2032670974731445
1,358,-0.4059999883174896,-0.017749980092048645,73.98904418945312,0.0069124531000852585,739.8213500976562,5.11406946182251
1,359,0.0,-0.01848253421485424,72.55999755859375,-0.0059084175154566765,725.6590576171875,6.849302768707275
1,360,0.0,0.03595147281885147,89.26923370361328,0.02114058844745159,892.4808959960938,5.070233345031738
1,361,0.0,0.006456639152020216,99.47474670410156,-0.007858917117118835,994.8260498046875,7.006052017211914
1,362,-0.0860000029206276,-0.03292024880647659,103.24042510986328,0.0515991747379303,1031.88818359375,5.932770729064941
1,363,0.0,0.0048476941883563995,105.41661071777344,-0.011952955275774002,1054.28564453125,6.191102504730225
1,364,-0.10599999874830246,0.004396955017000437,99.53166961669922,0.001675760606303811,995.2999267578125,6.136918067932129
1,365,0.0,0.02433190308511257,84.69731140136719,-0.021963585168123245,847.1927490234375,6.4366912841796875
1,366,-0.10400000214576721,-4.541809903457761e-05,97.32022094726562,-0.007546931505203247,973.2776489257812,6.16683292388916
1,367,0.0,-0.018816009163856506,61.523712158203125,0.03286811709403992,614.908447265625,5.527917385101318
1,368,0.0,-0.00768860150128603,81.78282928466797,0.01913950964808464,817.6369018554688,5.186059951782227
1,369,-0.026000000536441803,0.005553736351430416,72.85161590576172,-0.022813666611909866,728.7442626953125,5.200669288635254
1,370,0.0,0.03243808448314667,53.09553527832031,0.0011988524347543716,530.943359375,5.656045913696289
1,371,-0.6819999814033508,0.013411454856395721,72.4375,-0.06320503354072571,725.007080078125,5.237804889678955
1,372,-0.2919999957084656,-0.02236228808760643,92.66488647460938,0.0767807587981224,925.8810424804688,6.013257026672363
1,373,-0.04600000008940697,-0.014146384783089161,99.26789855957031,-0.005560718942433596,992.734619140625,6.168213844299316
1,374,-0.12999999523162842,-0.01288663875311613,99.55842590332031,-0.023346660658717155,995.8177490234375,6.320596218109131
1,375,-0.006000000052154064,-0.07431963086128235,101.45004272460938,0.587104082107544,1008.62939453125,5.745977401733398
1,376,-0.06199999898672104,0.015266413800418377,83.37545776367188,-0.02143993228673935,833.9689331054688,5.069832801818848
1,377,-0.5519999861717224,0.010413918644189835,86.42085266113281,-0.01113014854490757,864.31982421875,5.290539741516113
1,378,0.0,-0.011817333288490772,53.70794677734375,-0.003320706309750676,537.1126708984375,5.510354042053223
1,379,-0.1379999965429306,0.002205661963671446,97.78360748291016,-0.011472745798528194,977.9508056640625,6.338667392730713
1,380,-0.004000000189989805,-0.002690701512619853,98.19502258300781,-0.008839556016027927,982.0386352539062,5.202677249908447
1,381,0.0,0.003995225299149752,78.7461166381836,0.0009454293176531792,787.4517211914062,5.631625652313232
1,382,-0.13600000739097595,0.02806200459599495,104.08987426757812,-0.02426745370030403,1041.141357421875,6.363827705383301
1,383,-0.07599999755620956,-0.02636156976222992,109.02108764648438,0.08038750290870667,1089.4068603515625,5.935196876525879
1,384,0.0,0.02731281705200672,83.01333618164062,-0.028964674100279808,830.4229736328125,5.253015995025635
1,385,-0.257999986410141,0.016240429133176804,85.83550262451172,-0.035592205822467804,858.7109375,4.976654052734375
1,386,-0.04399999976158142,-0.03566623479127884,105.19865417480469,0.1687261313199997,1050.29931640625,6.099939346313477
1,387,-0.8059999942779541,-0.011522045359015465,70.81237030029297,0.005053423345088959,708.0731811523438,4.834177017211914
1,388,-0.09200000017881393,0.027120230719447136,94.34146881103516,-0.034527577459812164,943.7599487304688,6.115139007568359
1,389,-0.03999999910593033,-5.355075700208545e-06,76.82655334472656,-0.023685285821557045,768.5023193359375,5.134971618652344
1,390,0.0,-0.001655620289966464,83.20801544189453,-0.0067549641244113445,832.147705078125,6.056886672973633
1,391,-0.7960000038146973,0.09117273986339569,88.98660278320312,-0.04925672709941864,890.3585815429688,5.112936496734619
1,392,-0.1720000058412552,-0.009036527946591377,91.95028686523438,-0.011638780124485493,919.6192626953125,6.048956871032715
1,393,-1.0140000581741333,0.004547320306301117,85.21136474609375,-0.044988520443439484,852.5635986328125,5.315011024475098
1,394,-0.029999999329447746,0.0010411370312795043,69.42010498046875,-0.022482026368379593,694.4259033203125,5.518815040588379
1,395,-0.9580000042915344,0.00399121455848217,62.91461944580078,-0.017538130283355713,629.3215942382812,4.977642059326172
1,396,-0.9779999852180481,0.0018122675828635693,68.73445892333984,-0.016288217157125473,687.5074462890625,4.964689254760742
1,397,0.0,0.019748583436012268,79.67332458496094,-0.017203697934746742,796.9053344726562,5.466625213623047
1,398,0.0,-0.008472973480820656,99.91007995605469,0.03906746953725815,998.7101440429688,6.043769359588623
1,399,0.0,-0.006259974092245102,97.27589416503906,0.004073583986610174,972.7182006835938,7.04022741317749
1,400,-0.47999998927116394,0.03762267157435417,45.638702392578125,-0.04483173042535782,456.8353576660156,5.843920707702637
1,401,-0.2639999985694885,0.025596292689442635,91.33550262451172,-0.016961053013801575,913.524658203125,6.2381086349487305
1,402,-0.1420000046491623,0.009979800321161747,99.42652130126953,-0.012633522972464561,994.3914794921875,6.333627700805664
1,403,0.0,0.019734367728233337,53.19049835205078,-0.01300512533634901,532.0350341796875,5.677543640136719
1,404,0.0,-0.010326107032597065,87.96582794189453,0.2236732840538025,877.421630859375,6.07744026184082
1,405,-0.6880000233650208,0.012744543142616749,79.0321044921875,-0.01445680670440197,790.465576171875,5.226136207580566
1,406,-0.20600000023841858,0.007263847626745701,123.50334167480469,-0.02512427046895027,1235.28466796875,6.214221477508545
1,407,-0.23800000548362732,0.0007236741948872805,129.42044067382812,-0.02293575555086136,1294.43359375,6.44598388671875
1,408,-0.05000000074505806,-0.0361454039812088,103.21192169189453,0.05972377955913544,1031.52197265625,6.0208048820495605
1,409,-0.8040000200271606,0.027859166264533997,79.87129974365234,-0.012438999488949776,798.8373413085938,5.101231575012207
1,410,-0.3659999966621399,-0.008809836581349373,72.93568420410156,0.008414274081587791,729.272705078125,4.868401050567627
1,411,-0.5699999928474426,-0.006375614553689957,81.30661010742188,0.002262749243527651,813.04345703125,5.155632972717285
1,412,-0.7440000176429749,0.0034965279046446085,54.71636199951172,-0.030297189950942993,547.466552734375,5.795302391052246
1,413,-0.014000000432133675,0.0118512948974967,96.54747009277344,-0.0104362266138196,965.5790405273438,6.3280439376831055
1,414,-0.03400000184774399,-0.0025866487994790077,94.21268463134766,-0.003300236538052559,942.1597900390625,6.198966979980469
1,415,-0.024000000208616257,0.01956489495933056,101.0013427734375,-0.016903799027204514,1010.1824340820312,6.374392986297607
1,416,0.0,0.009699218906462193,108.73249816894531,0.009970547631382942,1087.2252197265625,6.107037544250488
1,417,-0.22599999606609344,0.0014358686748892069,104.30293273925781,0.02131521701812744,1042.8160400390625,6.302605628967285
1,418,-0.12399999797344208,0.00832390133291483,85.33937072753906,-0.009150668047368526,853.4851684570312,6.272796630859375
1,419,0.0,-0.005888044834136963,97.15196990966797,0.01057911291718483,971.4138793945312,6.020740032196045
1,420,-0.20999999344348907,-0.0013748528435826302,118.19395446777344,-0.019623124971985817,1182.1357421875,6.5174760818481445
1,421,-0.7440000176429749,0.030761796981096268,59.34782409667969,-0.031451769173145294,593.792724609375,5.613572120666504
1,422,-0.14800000190734863,-0.0009253346943296492,89.39500427246094,0.026664849370718002,893.683349609375,6.128917694091797
1,423,0.0,0.03543352335691452,72.11309051513672,0.03350237384438515,720.7958374023438,5.367286682128906
1,424,0.0,0.035151753574609756,69.59494018554688,-0.026294834911823273,696.2123413085938,5.49643087387085
1,425,-0.07800000160932541,-0.0035504652187228203,113.06808471679688,-0.007688507437705994,1130.7578125,6.003628730773926
1,426,-0.9179999828338623,0.04711787775158882,78.37178039550781,-0.05244544520974159,784.2422485351562,5.3584885597229
1,427,-0.18400000035762787,-0.003934768494218588,90.42950439453125,-0.008161391131579876,904.3765869140625,6.070796966552734
1,428,-0.00800000037997961,-0.02637932077050209,92.9455795288086,0.170292466878891,927.7528076171875,6.004690647125244
1,429,0.0,0.006657030433416367,88.48855590820312,-0.00413501588627696,884.9268798828125,6.99118709564209
1,430,-0.041999999433755875,-0.07835063338279724,73.73909759521484,0.44607970118522644,732.93017578125,5.862301826477051
1,431,-0.9179999828338623,-0.04901900514960289,77.69499969482422,0.1548609584569931,775.4014282226562,4.878842353820801
1,432,-0.24799999594688416,-0.1416318416595459,99.88322448730469,0.7040231227874756,991.7919921875,5.488068580627441
1,433,-0.7519999742507935,0.005753661040216684,72.19937133789062,0.002888886956498027,721.96484375,4.877654075622559
1,434,-0.17399999499320984,0.019720453768968582,98.95274353027344,-0.03805619105696678,989.907958984375,5.906961441040039
1,435,-0.7699999809265137,-0.09274639189243317,67.4635238647461,0.08451040834188461,673.7901611328125,4.809741020202637
1,436,0.0,0.009707530960440636,43.5839958190918,-0.019386837258934975,436.0338134765625,5.9870991706848145
1,437,-0.9120000004768372,-0.0018265286926180124,76.54884338378906,-0.005332537926733494,765.541748046875,4.947885513305664
1,438,-0.18000000715255737,0.0047073690220713615,77.5001220703125,0.001993968151509762,774.9812622070312,5.076475620269775
1,439,-0.75,0.010604486800730228,77.22256469726562,-0.019573286175727844,772.4212646484375,4.884394645690918
1,440,0.0,0.004596668295562267,42.12058639526367,-0.007867410778999329,421.2845458984375,5.748517036437988
1,441,-0.18799999356269836,0.003568284446373582,74.98230743408203,0.03347387537360191,749.48828125,5.44858455657959
1,442,-0.7020000219345093,-0.05543821305036545,78.06167602539062,0.05464097857475281,780.0703125,4.860960483551025
1,443,-0.7300000190734863,-0.051156383007764816,80.14857482910156,0.043202176690101624,801.0537109375,4.8567047119140625
1,444,0.0,-0.0021505767945200205,78.05732727050781,0.017809661105275154,780.3951416015625,5.683379650115967
1,445,-0.5260000228881836,0.0030257334001362324,84.39558410644531,-0.006199115887284279,844.0177612304688,4.86801815032959
1,446,-0.1599999964237213,-0.006778125651180744,101.28294372558594,-0.005818274803459644,1012.8876342773438,5.300716876983643
1,447,-0.7860000133514404,-0.04053398594260216,75.48439025878906,0.020729070529341698,754.6365966796875,4.805638313293457
1,448,-1.0800000429153442,0.03775724396109581,76.29411315917969,-0.02234720066189766,763.16455078125,4.78951358795166
1,449,0.0,-0.006866437382996082,62.88466262817383,0.002736872062087059,628.8192138671875,5.692235946655273
1,450,-0.7739999890327454,-0.06503474712371826,79.48817443847656,0.07189515233039856,794.1627807617188,4.825941562652588
1,451,-0.878000020980835,-0.192241832613945,60.29820251464844,0.07719583064317703,602.2100830078125,4.634012222290039
1,452,-0.36800000071525574,0.0032198538538068533,57.30504608154297,-0.003458509687334299,573.0850830078125,5.705843925476074
1,453,-0.05400000140070915,-0.020495444536209106,83.71920776367188,-0.005060428753495216,837.24267578125,5.773425579071045
1,454,-0.27399998903274536,-0.00830993801355362,45.36961364746094,0.05393737182021141,453.15679931640625,5.907939434051514
1,455,-0.02800000086426735,-0.0066203586757183075,87.19334411621094,-0.008944385685026646,872.0228881835938,5.3795647621154785
1,456,0.0,-0.004012805409729481,57.699588775634766,0.06974632292985916,576.2984008789062,6.016781806945801
1,457,-0.23000000417232513,0.025885408744215965,66.62474060058594,-0.011738910339772701,666.36474609375,5.660482406616211
1,458,-0.012000000104308128,-0.01840515062212944,90.36309051513672,0.04604331776499748,903.1704711914062,6.036325931549072
1,459,-0.3400000035762787,-0.07966018468141556,88.06283569335938,0.15834012627601624,879.044921875,5.810999393463135
1,460,-0.7440000176429749,0.011869058012962341,71.13211059570312,-0.015687622129917145,711.4779052734375,4.950708866119385
1,461,-0.17599999904632568,-0.08593390882015228,89.16671752929688,0.045477502048015594,891.21240234375,5.152774810791016
1,462,0.0,-0.05045376718044281,97.6948013305664,0.09984716773033142,975.949462890625,5.991182327270508
1,463,-0.8519999980926514,0.03730873763561249,80.35035705566406,-0.020326625555753708,803.7068481445312,5.063210964202881
1,464,-0.32199999690055847,-0.16694213449954987,83.19720458984375,0.35739627480506897,828.3980712890625,5.634433746337891
1,465,-0.6320000290870667,-0.1604873687028885,82.70394897460938,0.3027481138706207,824.011962890625,4.9147233963012695
1,466,-0.3059999942779541,-0.0949353575706482,88.81024169921875,0.18382544815540314,886.26416015625,5.269186973571777
1,467,-0.550000011920929,-0.21614164113998413,87.17485046386719,0.28685060143470764,868.8800048828125,4.989519119262695
1,468,-0.27399998903274536,-0.044497549533843994,78.92143249511719,0.02551495097577572,788.959228515625,5.522676467895508
1,469,-0.6299999952316284,0.00498142559081316,86.71361541748047,-0.0034733652137219906,867.1708374023438,5.020050525665283
1,470,0.0,-0.025708070024847984,65.15179443359375,0.017704976722598076,651.3409423828125,5.910419464111328
1,471,-0.6819999814033508,-0.009241998195648193,74.8172378540039,0.00583215756341815,748.114013671875,5.0578999519348145
1,472,0.0,0.07199285924434662,76.86328125,-0.0003253389149904251,768.6360473632812,5.871916770935059
1,473,-0.4320000112056732,-0.6712276935577393,23.670703887939453,-4.967053879312289e-09,236.70703125,4.9590559005737305
1,474,-0.8519999980926514,-0.04791264608502388,66.04875946044922,0.10175448656082153,659.4700927734375,5.0648722648620605
1,475,-0.7940000295639038,-0.353814959526062,43.25952911376953,0.05645526573061943,432.03070068359375,5.242886543273926
1,476,-0.1120000034570694,-0.01637316308915615,57.005855560302734,-0.0008378897910006344,570.06689453125,6.3023271560668945
1,477,-0.27399998903274536,-0.07995891571044922,63.27876281738281,0.18845254182815552,630.903076171875,5.022984981536865
1,478,-0.39399999380111694,0.012137564830482006,79.44210052490234,0.026523249223828316,794.15576171875,5.053154945373535
1,479,-0.4059999883174896,-0.03671793267130852,79.82172393798828,0.1694832444190979,796.5223999023438,6.145218849182129
1,480,0.0,0.009913792833685875,58.154693603515625,-0.01270756870508194,581.6740112304688,6.016571044921875
1,481,-0.7699999809265137,-0.0917523205280304,74.089599609375,0.10951007157564163,739.8009033203125,4.750065326690674
1,482,-0.052000001072883606,-0.01986326463520527,82.37384796142578,0.012876291759312153,823.6097412109375,5.889470100402832
1,483,0.0,-0.047467440366744995,90.23676300048828,0.017495766282081604,902.192626953125,5.932402610778809
1,484,0.0,0.0021590120159089565,73.43113708496094,-8.073775097727776e-05,734.3121337890625,6.044445037841797
1,485,-0.6779999732971191,0.10548900067806244,78.25479125976562,-0.01705787144601345,782.718505859375,4.9391045570373535
1,486,-0.2800000011920929,-0.03141985833644867,82.9522705078125,0.043983303010463715,829.0828857421875,5.180211067199707
1,487,-0.6200000047683716,-0.02049584686756134,85.54624938964844,-0.0025900122709572315,855.4884033203125,4.867672920227051
1,488,-0.20999999344348907,-0.0012828870676457882,42.67333221435547,0.004322821740061045,426.6900634765625,5.657795429229736
1,489,-0.7639999985694885,-0.17215530574321747,78.38379669189453,0.30077239871025085,780.8302001953125,4.922698020935059
1,490,-0.4699999988079071,0.16044458746910095,76.18130493164062,-0.027858253568410873,762.091552734375,4.911824703216553
1,491,-0.6800000071525574,-0.042911358177661896,69.10018920898438,0.04049275070428848,690.596923828125,4.927272796630859
1,492,0.0,-0.02668743208050728,39.97383499145508,0.04292980581521988,399.30902099609375,6.3549346923828125
1,493,-0.004000000189989805,0.009303651750087738,73.19129943847656,-0.01172278355807066,732.0302124023438,5.889697074890137
1,494,0.0,0.03605685755610466,45.264591217041016,-0.012982912361621857,452.7757263183594,5.977522850036621
1,495,-0.08399999886751175,0.002339326310902834,84.49564361572266,0.00080069899559021,844.9484252929688,5.535480499267578
1,496,-0.2280000001192093,-0.2397051453590393,54.20488739013672,0.12017617374658585,540.8471069335938,5.44189453125
1,497,-0.4580000042915344,-0.21718400716781616,80.75157165527344,0.4376479983329773,803.1392822265625,5.221433639526367
1,498,0.0,-0.012029558420181274,48.50431823730469,0.0010633493075147271,485.0325012207031,6.248282432556152
1,499,-0.09799999743700027,-0.008392763324081898,91.61650085449219,-0.0008799980278126895,916.1737060546875,6.066041946411133
1,500,0.0,0.07610022276639938,76.88069915771484,0.035155680030584335,768.4553833007812,6.318113327026367
1,501,-0.07400000095367432,0.012127871625125408,80.35575866699219,-0.012281669303774834,803.680419921875,5.779618263244629
1,502,-0.15800000727176666,0.01597876101732254,58.11534881591797,-0.013496121391654015,581.2884521484375,5.575732707977295
1,503,-0.3700000047683716,-0.3692293167114258,53.79483413696289,0.4122259318828583,533.8260498046875,5.311581611633301
1,504,-0.5139999985694885,0.0345180407166481,82.15577697753906,-0.006667544133961201,821.6243896484375,5.220638275146484
1,505,-0.3019999861717224,-0.006525138393044472,81.53216552734375,-0.004810132086277008,815.36962890625,5.720000267028809
1,506,-0.37400001287460327,0.13277894258499146,80.49473571777344,-0.03106585331261158,805.258056640625,5.257431983947754
1,507,-0.2980000078678131,0.058005474507808685,86.9259262084961,-0.05000690743327141,869.7593383789062,5.205880165100098
1,508,-0.10000000149011612,0.04125482589006424,73.69257354736328,-0.04395195469260216,737.365234375,5.453566074371338
1,509,-0.24199999868869781,0.02077995240688324,84.48924255371094,-0.03859224542975426,845.2783203125,5.5614776611328125
1,510,-0.7279999852180481,0.11940351873636246,68.48872375488281,-0.04345764219760895,685.3217163085938,4.913849353790283
1,511,-0.1599999964237213,-0.9189549684524536,27.121816635131836,7.313453398438696e-09,271.2181701660156,5.67159366607666
1,512,-0.1599999964237213,-0.0942596048116684,98.55215454101562,0.216569721698761,983.3558349609375,5.923015594482422
1,513,-0.46000000834465027,-0.042352862656116486,87.39094543457031,0.0631691962480545,873.27783203125,4.978625774383545
1,514,-0.4819999933242798,0.05977930873632431,75.66889953613281,-0.023332541808485985,756.9222412109375,4.998929023742676
1,515,-0.6079999804496765,0.1449977457523346,78.46873474121094,-0.03006153181195259,784.9879150390625,5.059337615966797
1,516,-0.25,0.2549111247062683,90.70321655273438,-0.035225048661231995,907.3843994140625,5.828249454498291
1,517,-0.20600000023841858,0.14780592918395996,93.14566040039062,-0.021878210827708244,931.6754150390625,6.005826473236084
1,518,-0.18400000035762787,0.19318750500679016,90.1723403930664,-0.021682340651750565,901.9402465820312,5.895547866821289
1,519,-0.7900000214576721,0.1016356348991394,67.41117095947266,-0.027725521475076675,674.388916015625,5.2528767585754395
1,520,-0.20800000429153442,-0.008756057359278202,93.19913482666016,0.0010979705257341266,931.9803466796875,5.997550010681152
1,521,-0.32600000500679016,0.01769597828388214,81.42713928222656,-0.016842763870954514,814.4398193359375,6.2486653327941895
1,522,-0.2840000092983246,-0.09284912049770355,87.79497528076172,0.20074734091758728,875.9422607421875,5.529544353485107
1,523,0.0,0.003047038335353136,69.9300765991211,-0.0019182190299034119,699.3199462890625,6.0040483474731445
1,524,-0.3499999940395355,-0.004341394640505314,108.6239013671875,-0.02015695348381996,1086.440673828125,6.709656238555908
1,525,-0.38199999928474426,-0.008012423291802406,92.1197509765625,-0.00180781539529562,921.2156372070312,5.95280647277832
1,526,0.0,0.051305562257766724,43.82453155517578,0.03324465453624725,437.912841796875,5.788643836975098
1,527,-0.19599999487400055,0.07969733327627182,109.76231384277344,-0.02199656143784523,1097.843017578125,6.34649133682251
1,528,0.0,0.134724959731102,73.65769958496094,0.03501033037900925,736.2269287109375,5.607965469360352
1,529,-0.6679999828338623,0.010866607539355755,54.53340530395508,0.0936649739742279,544.3973388671875,5.979320526123047
1,530,-0.24799999594688416,0.019218405708670616,106.58002471923828,-0.011423223651945591,1065.9144287109375,6.417499542236328
1,531,-0.014000000432133675,0.013520091772079468,99.60050201416016,-0.01888842135667801,996.19384765625,6.332765102386475
1,532,-1.100000023841858,-0.00220663589425385,79.69917297363281,-0.014018820598721504,797.1318969726562,4.951821804046631
1,533,-0.21199999749660492,0.01766248419880867,96.14509582519531,-0.009810253046452999,961.549072265625,6.313662052154541
1,534,0.0,0.019940773025155067,89.9821548461914,-0.021736377850174904,900.038818359375,6.053003311157227
1,535,-0.15800000727176666,0.027934400364756584,104.99893951416016,-0.02220405638217926,1050.21142578125,6.41178035736084
1,536,-0.06599999964237213,0.010727901943027973,96.32259368896484,-0.021982446312904358,963.44580078125,6.300809860229492
1,537,-0.03799999877810478,0.04834096133708954,77.40493774414062,0.036802805960178375,773.681396484375,6.00889778137207
1,538,-0.21799999475479126,-0.012245811522006989,96.20204162597656,0.14275790750980377,960.5928955078125,6.095171928405762
1,539,-0.1120000034570694,-0.0675707682967186,105.93740844726562,0.09168179333209991,1058.457275390625,6.30420446395874
1,540,-0.36800000071525574,-0.08938142657279968,91.08711242675781,0.1913890838623047,908.9571533203125,6.076162338256836
1,541,-0.09799999743700027,0.011812061071395874,84.34952545166016,-0.005397934466600418,843.5491943359375,6.158787250518799
1,542,-0.09600000083446503,0.010707123205065727,94.4471664428711,-0.017219599336385727,944.6438598632812,6.019416809082031
1,543,-0.1860000044107437,0.0043515670113265514,100.79521179199219,0.00035544298589229584,1007.9485473632812,6.227368354797363
1,544,-0.02800000086426735,0.005666197277605534,69.29893493652344,0.005979139357805252,692.9295654296875,5.819093227386475
1,545,-0.257999986410141,0.0332089364528656,98.86439514160156,-0.0012944363988935947,988.6568603515625,6.306004524230957
1,546,-0.699999988079071,0.012702666223049164,56.2778434753418,18.2791748046875,379.9866638183594,6.575300216674805
1,547,0.0,0.1322111189365387,98.64257049560547,-0.014843976125121117,986.5740966796875,6.219077110290527
1,548,-0.2720000147819519,-0.45494136214256287,27.541486740112305,1.5802390507246855e-08,275.41485595703125,5.713799953460693
1,549,0.0,0.026749560609459877,99.10015106201172,-0.013840224593877792,991.139892578125,6.549469470977783
1,550,-0.09000000357627869,0.004835861269384623,135.9178466796875,-0.004721435718238354,1359.2255859375,6.627889633178711
1,551,0.0,-0.7714830040931702,26.524702072143555,-2.4842456980422867e-08,265.24700927734375,4.91890287399292
1,552,-0.12399999797344208,-0.8393288850784302,38.62325668334961,-3.1949465295610935e-08,386.2325744628906,5.031276702880859
1,553,0.0,0.03988055884838104,60.44791030883789,-0.007203808519989252,604.5511474609375,6.563806056976318
1,554,0.0,0.010851066559553146,129.58993530273438,-0.017418434843420982,1296.0736083984375,6.875807762145996
1,555,0.0,-0.1519811600446701,89.7258529663086,0.5290787220001221,891.9677124023438,5.055017471313477
1,556,-0.4440000057220459,-0.014891413040459156,90.68353271484375,0.013891924172639847,906.6964111328125,6.09930944442749
1,557,-0.2280000001192093,0.09131228923797607,116.44314575195312,-0.0027222554199397564,1164.4586181640625,5.636083602905273
1,558,-0.16200000047683716,-0.2150091975927353,76.75794219970703,0.0983157604932785,766.5962524414062,5.213349342346191
1,559,-0.20999999344348907,-3.2384879887104034e-05,110.30697631835938,0.0012887977063655853,1103.056884765625,5.010918617248535
1,560,-0.14800000190734863,-0.0015904572792351246,130.57901000976562,-0.0037152969744056463,1305.8271484375,6.945928573608398
1,561,-0.11999999731779099,0.01524694636464119,92.89932250976562,-0.018336473032832146,929.176513671875,5.398411273956299
1,562,-0.5239999890327454,-0.004860795568674803,105.9425048828125,0.00047815096331760287,1059.4202880859375,6.779668807983398
1,563,-0.34599998593330383,-0.10748317837715149,98.14717102050781,0.21111899614334106,979.3604736328125,5.211460113525391
1,564,0.0,-0.0044839829206466675,83.05545806884766,0.00018843496218323708,830.552734375,6.946466445922852
1,565,-0.3059999942779541,0.013781902380287647,88.50053405761719,-0.01846890337765217,885.1900634765625,5.189848899841309
1,566,-0.6639999747276306,-0.06773751974105835,74.39830017089844,0.03440294787287712,743.638916015625,5.083473205566406
1,567,-0.6000000238418579,-0.0695110633969307,71.1441879272461,0.07168406248092651,710.72509765625,5.060857772827148
1,568,-0.23800000548362732,0.04766719788312912,90.7298812866211,-0.021138494834303856,907.5101318359375,5.2905378341674805
1,569,-0.2540000081062317,-0.0021831418853253126,116.1433334350586,0.0005052655469626188,1161.42822265625,6.909581184387207
1,570,-0.052000001072883606,0.00293647195212543,101.18707275390625,-0.0006476454436779022,1011.8772583007812,6.828842639923096
1,571,-0.15000000596046448,0.02272709272801876,49.14778137207031,-0.014891644939780235,491.626708984375,5.256007671356201
1,572,-0.12800000607967377,0.006751646753400564,96.48794555664062,0.0003907257632818073,964.87548828125,5.086483955383301
1,573,-0.414000004529953,0.011845007538795471,81.19430541992188,-0.01739061065018177,812.116943359375,5.636363983154297
1,574,-0.12999999523162842,-0.06078009679913521,90.72340393066406,0.04272579774260521,906.8067016601562,5.028374671936035
1,575,0.0,-0.004804142750799656,83.39505004882812,0.0009727030992507935,833.940673828125,6.91805362701416
1,576,-0.2919999957084656,0.04911458492279053,83.27644348144531,-0.023493561893701553,832.9994506835938,5.57535457611084
1,577,0.0,0.006586118135601282,59.27781295776367,-0.00443451339378953,592.822509765625,6.991730213165283
1,578,-0.09799999743700027,0.051830023527145386,89.60964965820312,-0.012208929285407066,896.2186279296875,5.422343730926514
1,579,-0.11400000005960464,0.06617007404565811,106.69058990478516,-0.0231073796749115,1067.136962890625,5.7504754066467285
1,580,0.0,0.014940966852009296,97.92529296875,-0.01308039203286171,979.3836669921875,6.768472194671631
1,581,-0.18000000715255737,-0.004888234194368124,73.93563842773438,0.0037739642430096865,739.318603515625,6.971816062927246
1,582,0.0,0.013270176947116852,67.01725006103516,-0.0017791427671909332,670.1903076171875,6.96585750579834
1,583,-0.34200000762939453,-0.0231452789157629,82.89569091796875,0.02319519780576229,828.7249755859375,5.7515974044799805
1,584,0.0,0.008033424615859985,105.35466766357422,-0.003225000575184822,1053.578857421875,7.002987384796143
1,585,-0.20800000429153442,0.005507653579115868,80.82720947265625,-0.00452964473515749,808.3173828125,5.712393760681152
1,586,0.0,0.009518569335341454,73.67990112304688,-0.003544060280546546,736.8343505859375,6.912081718444824
1,587,-0.31200000643730164,-0.059127818793058395,84.12654113769531,0.0708184540271759,840.5571899414062,5.368477821350098
1,588,-0.4480000138282776,-0.06842851638793945,85.46467590332031,0.18507474660873413,852.7959594726562,5.333274841308594
1,589,-0.09399999678134918,-0.3578556776046753,45.390159606933594,0.06377872824668884,453.2637939453125,5.012938499450684
1,590,0.0,0.010082107037305832,89.83573913574219,-0.004151050932705402,898.3988647460938,7.069554805755615
1,591,-0.06800000369548798,0.03163446485996246,87.91860961914062,-0.02491813711822033,879.4352416992188,5.521829605102539
1,592,0.49000000953674316,-0.08245252817869186,80.45010375976562,0.10637333244085312,803.437255859375,5.186038017272949
1,593,-0.1979999989271164,0.024212107062339783,81.05630493164062,-0.024424603208899498,810.8072509765625,5.298654556274414
1,594,-0.47600001096725464,-0.005542133003473282,106.86458587646484,0.002125110011547804,1068.62451171875,6.062420845031738
1,595,-0.13600000739097595,0.00023787558893673122,72.55764770507812,-0.0003377528046257794,725.579833984375,6.972980976104736
1,596,-0.28999999165534973,0.010040166787803173,109.97882080078125,-0.004674755036830902,1099.8349609375,5.244638442993164
1,597,-0.4339999854564667,-0.06627513468265533,82.53104400634766,0.07808921486139297,824.529541015625,5.168749809265137
1,598,-0.23800000548362732,-0.0010444419458508492,91.70492553710938,0.00022994168102741241,917.0469360351562,6.894266128540039
1,599,-0.45399999618530273,-0.044403426349163055,81.89459228515625,0.050384849309921265,818.4420166015625,5.081907749176025
1,600,-0.33399999141693115,-0.0024714930914342403,66.46460723876953,-0.005480045452713966,664.7008056640625,5.031081199645996
1,601,-0.0560000017285347,-0.09092198312282562,92.59835815429688,0.11901380866765976,924.79345703125,5.110032081604004
1,602,-0.25600001215934753,0.012816383503377438,80.1605224609375,-0.01989460177719593,801.8041381835938,5.211353302001953
1,603,0.0,-0.0036868550814688206,89.36378479003906,0.0002376449410803616,893.6353759765625,6.97407341003418
1,604,-0.2759999930858612,0.023885024711489677,69.20906829833984,-0.009987786412239075,692.1905517578125,4.961280822753906
1,605,-0.24400000274181366,-0.13590554893016815,87.32901763916016,0.1479777991771698,871.8104248046875,5.101881980895996
1,606,-0.08399999886751175,0.001388818840496242,69.90340423583984,-0.0024036974646151066,699.05810546875,6.547492027282715
1,607,-0.3540000021457672,-0.0021868080366402864,81.2236328125,-0.004224243573844433,812.2785034179688,4.9483795166015625
1,608,-0.3720000088214874,-0.03662361949682236,70.64002227783203,0.03220834583044052,706.078125,5.019850730895996
1,609,-0.5320000052452087,0.10162246227264404,81.51690673828125,-0.028281835839152336,815.4517822265625,5.362181663513184
1,610,-0.14399999380111694,0.05123531445860863,85.28338623046875,-0.016579337418079376,852.9996337890625,4.853514194488525
1,611,0.0,0.005116618238389492,68.95821380615234,-0.0005318894982337952,689.58740234375,6.828758239746094
1,612,-0.6539999842643738,0.06159515306353569,84.60826110839844,-0.003941040951758623,846.1220092773438,5.044323444366455
1,613,-0.2680000066757202,-0.08669426292181015,81.43086242675781,0.06888510286808014,813.6197509765625,4.994816303253174
1,614,0.0,0.0015688971616327763,61.91958236694336,-0.0015709212748333812,619.2114868164062,6.956326484680176
1,615,-0.3479999899864197,0.008443591184914112,100.63758850097656,-0.0061064185574650764,1006.43701171875,6.790493965148926
1,616,-0.4580000042915344,-0.16901220381259918,81.56333923339844,0.5031744241714478,810.6016845703125,5.0177459716796875
1,617,-0.3160000145435333,0.06913842260837555,88.30296325683594,-0.019870910793542862,883.2283935546875,5.491101264953613
1,618,-0.2939999997615814,0.007671009749174118,80.89179992675781,-0.0016630140598863363,808.9346313476562,5.136287212371826
1,619,-0.1599999964237213,-0.0008644072222523391,96.75698852539062,-0.00014975486556068063,967.5714111328125,6.504566192626953
1,620,-0.3019999861717224,-0.0026492627803236246,94.83525085449219,0.000848983705509454,948.343994140625,6.941274166107178
1,621,-0.4399999976158142,0.09117172658443451,84.01434326171875,-0.02427016571164131,840.3860473632812,5.905866622924805
1,622,-0.3700000047683716,-0.004150439985096455,69.57005310058594,0.0036898842081427574,695.6636352539062,5.228479862213135
1,623,-0.2919999957084656,-0.004868469201028347,72.47007751464844,0.0014187237247824669,724.6865234375,5.238134384155273
1,624,-0.035999998450279236,-0.010779688134789467,61.89332580566406,0.0024718991480767727,618.9085693359375,6.994190216064453
1,625,-0.2720000147819519,0.015250248834490776,71.29252624511719,-0.01472785696387291,713.072509765625,5.184884071350098
1,626,-0.3779999911785126,0.04320738464593887,89.36231231689453,-0.027229763567447662,893.8953857421875,5.399582862854004
1,627,0.0,0.05235510692000389,96.83914184570312,-0.018051713705062866,968.5718994140625,5.300878524780273
1,628,-0.11999999731779099,0.04571913555264473,80.65534973144531,-0.024951856583356857,806.802978515625,5.1577253341674805
1,629,-0.3619999885559082,-0.04708841070532799,77.87538146972656,0.06495776772499084,778.104248046875,5.067209720611572
1,630,-0.27399998903274536,-0.05852004513144493,82.57809448242188,0.06871360540390015,825.0938720703125,5.17883825302124
1,631,-0.1979999989271164,0.0031903102062642574,79.10367584228516,-0.005227522924542427,791.089111328125,5.173557758331299
1,632,-0.16599999368190765,-0.07471287250518799,73.01338195800781,0.08827602118253708,729.2509765625,5.131380081176758
1,633,0.0,0.010679692029953003,98.04617309570312,-0.0031840000301599503,980.4935302734375,7.09022331237793
1,634,-0.2540000081062317,-0.020135333761572838,69.33890533447266,0.020160403102636337,693.1873779296875,5.209588050842285
1,635,-0.3499999940395355,0.002444505225867033,79.10604858398438,-0.005241260398179293,791.1129150390625,5.227272033691406
1,636,-0.30799999833106995,-0.03887051343917847,89.66703033447266,0.048634134232997894,896.1839599609375,5.690192222595215
1,637,-0.38600000739097595,-0.19832743704319,65.0278549194336,0.07514244318008423,649.527099609375,4.848944664001465
1,638,-0.09000000357627869,0.005141922272741795,71.80440521240234,-0.0010888173710554838,718.054931640625,6.9841108322143555
1,639,0.0,0.014158334583044052,72.36872863769531,-0.004428694024682045,723.7315673828125,6.887337684631348
1,640,-0.28600001335144043,-0.06142713874578476,68.82794952392578,0.0899064764380455,687.3804931640625,5.192005634307861
1,641,-0.4560000002384186,0.06830620765686035,75.52620697021484,-0.019707143306732178,755.4591064453125,5.046199798583984
1,642,0.7699999809265137,0.07378571480512619,88.17164611816406,-0.028139466419816017,881.997802734375,5.49626350402832
1,643,0.0,-0.0009934452828019857,94.32382202148438,-0.0031624562107026577,943.269775390625,7.017560958862305
1,644,-0.4099999964237213,-0.0028744421433657408,100.20803833007812,0.0031409314833581448,1002.0488891601562,6.956323623657227
1,645,-0.49399998784065247,0.09960714727640152,98.03018188476562,-0.023161154240369797,980.533447265625,6.034696578979492
1,646,-0.25200000405311584,-0.08546814322471619,82.11982727050781,0.08534884452819824,820.3448486328125,5.1306867599487305
1,647,-0.05000000074505806,-0.022221745923161507,71.51914978027344,0.027068346738815308,714.9207763671875,5.440568447113037
1,648,-0.4359999895095825,-0.0015788804739713669,99.42206573486328,-0.0010282974690198898,994.2308959960938,5.904651165008545
1,649,-0.30000001192092896,0.09203493595123291,92.16096496582031,-0.029895205050706863,921.9085693359375,5.625923156738281
1,650,-0.041999999433755875,0.11973744630813599,101.42728424072266,-0.02740185707807541,1014.5468139648438,6.09407901763916
1,651,-0.28999999165534973,0.09317051619291306,80.80303955078125,-0.0030222670175135136,808.060546875,5.552321910858154
1,652,-0.19599999487400055,-0.005172640550881624,63.562889099121094,0.0007423460483551025,635.6214599609375,6.9193267822265625
1,653,-0.1379999965429306,0.11204253882169724,61.1087760925293,-0.020518042147159576,611.2929077148438,5.444645881652832
1,654,-0.2199999988079071,0.0065582734532654285,120.90838623046875,-0.0064243716187775135,1209.1480712890625,5.04954719543457
1,655,-0.2759999930858612,-0.11459815502166748,76.82975006103516,0.1303149312734604,766.994384765625,5.193393707275391
1,656,-0.33799999952316284,0.08067067712545395,87.45001220703125,-0.02662942185997963,874.766357421875,5.490503311157227
1,657,-0.16599999368190765,0.0028119792696088552,138.09515380859375,0.0004960144869983196,1380.946533203125,6.82473087310791
1,658,-0.30399999022483826,0.07041198015213013,104.65724182128906,-0.036776699125766754,1046.940185546875,5.645303249359131
1,659,-0.1720000058412552,0.001892115455120802,78.38911437988281,0.0012974878773093224,783.878173828125,6.051085948944092
1,660,0.0,0.0048723723739385605,108.03828430175781,-0.0013354973634704947,1080.396240234375,5.732324600219727
1,661,-0.03799999877810478,0.0027126255445182323,125.68925476074219,-0.007812963798642159,1256.970703125,6.94694185256958
1,662,0.0,0.015868976712226868,68.39999389648438,-0.004795153625309467,684.0478515625,6.883220672607422
1,663,-0.23399999737739563,-0.0855330228805542,87.10247802734375,0.16117309033870697,869.4130859375,5.049020290374756
1,664,-0.04399999976158142,0.0018349410966038704,73.65199279785156,-0.0011001935927197337,736.531005859375,6.843644618988037
1,665,-0.2460000067949295,-0.031809497624635696,74.60945129394531,0.03266674652695656,745.767822265625,5.666383743286133
1,666,-0.09399999678134918,0.004939159844070673,111.13165283203125,-0.003435729071497917,1111.350830078125,5.2171125411987305
1,667,-0.09799999743700027,0.04779070243239403,107.37555694580078,-0.027720659971237183,1074.03271484375,5.784186363220215
1,668,0.0,-0.009602946229279041,71.80795288085938,0.0006382996216416359,718.0731201171875,6.968495845794678
1,669,-0.2879999876022339,-0.0023223543539643288,89.60380554199219,0.0016336416592821479,896.021728515625,6.80415678024292
1,670,-0.2460000067949295,0.11612862348556519,97.02256774902344,-0.030705668032169342,970.53271484375,5.671238899230957
1,671,-0.2240000069141388,0.00220808875747025,93.0032958984375,-0.0017900976818054914,930.0508422851562,6.76333475112915
1,672,-0.36000001430511475,0.03777138143777847,81.48246765136719,-0.009410234168171883,814.9188232421875,5.205509662628174
1,673,-0.10400000214576721,0.0689740777015686,90.53819274902344,-0.03100712038576603,905.6920166015625,5.548125743865967
1,674,0.0,0.001387226628139615,82.62419891357422,-0.0011726792436093092,826.2537231445312,6.938652515411377
1,675,-0.16599999368190765,0.018195699900388718,81.49658203125,-0.018231941387057304,815.1480712890625,5.85202169418335
1,676,-0.38999998569488525,0.00797069352120161,78.03421020507812,-0.00964314304292202,780.4385375976562,5.2961015701293945
1,677,0.0,-0.0019996834453195333,126.99180603027344,-0.00011450597958173603,1269.919189453125,6.948585510253906
1,678,0.0,-0.002836396684870124,72.83174896240234,0.00018336685025133193,728.315673828125,6.842201232910156
1,679,-0.17800000309944153,-0.01087615080177784,98.53854370117188,0.023755479604005814,985.14794921875,5.848519802093506
1,680,0.0,0.009613871574401855,87.17900848388672,-0.0004629368777386844,871.7947387695312,6.850635528564453
1,681,-0.2639999985694885,-0.01792447455227375,84.24546813964844,0.019702568650245667,842.257568359375,5.429501533508301
1,682,-0.3659999966621399,-0.023103471845388412,81.5494155883789,0.058621715754270554,814.907958984375,5.57663631439209
1,683,0.0,-0.00037125233211554587,119.35304260253906,-0.002093104412779212,1193.55126953125,6.969198703765869
1,684,-0.20999999344348907,0.07051271945238113,96.376220703125,-0.029058877378702164,964.052734375,6.329481601715088
1,685,-0.23999999463558197,0.0175978634506464,144.25596618652344,-0.012936463579535484,1442.68896484375,6.391211032867432
1,686,-0.4059999883174896,0.010932344943284988,111.52144622802734,-0.01380322314798832,1115.3525390625,6.239108085632324
1,687,-0.30799999833106995,0.011365817859768867,88.41816711425781,-0.014923149719834328,884.3309326171875,5.900760650634766
1,688,-0.20399999618530273,0.03464154899120331,97.8326644897461,-0.02356894500553608,978.562255859375,6.038915634155273
1,689,-0.20200000703334808,-0.009915050119161606,80.27848052978516,0.025787942111492157,802.5269165039062,5.880115509033203
1,690,-0.2540000081062317,-0.008606201969087124,78.67923736572266,0.0027974415570497513,786.764404296875,6.713848114013672
1,691,-0.49399998784065247,0.035552702844142914,93.83477783203125,-0.025133421644568443,938.59912109375,5.925963401794434
1,692,-0.1860000044107437,0.012251227162778378,102.80842590332031,-0.012897881679236889,1028.2132568359375,5.627618312835693
1,693,-0.33000001311302185,-0.0008132224320434034,142.43515014648438,3.246402047807351e-05,1424.351318359375,6.966392517089844
1,694,-0.13199999928474426,0.025990603491663933,92.64035034179688,-0.0038595693185925484,926.4420166015625,5.302655220031738
1,695,-0.5099999904632568,0.04513512924313545,91.27140808105469,-0.008228963240981102,912.79638671875,5.769783973693848
1,696,-0.19599999487400055,0.001885501784272492,149.84060668945312,6.889669748488814e-05,1498.4052734375,7.01890754699707
1,697,-0.23199999332427979,0.08643214404582977,96.29951477050781,-0.0017054518684744835,963.01220703125,6.17148494720459
1,698,0.0,0.01424072403460741,128.0689239501953,-0.01643066480755806,1280.853515625,6.272794723510742
1,699,-0.0860000029206276,0.05394658446311951,97.96170043945312,-0.009507947601377964,979.7120361328125,6.005264759063721
1,700,-0.22200000286102295,0.005071855615824461,125.24351501464844,-0.00691293366253376,1252.504150390625,6.812618732452393
1,701,-0.5019999742507935,0.01216195523738861,83.00308227539062,-0.0195103008300066,830.2258911132812,6.222315311431885
1,702,-0.1979999989271164,0.08121557533740997,124.0324935913086,-0.023177918046712875,1240.556640625,6.186460018157959
1,703,-0.09000000357627869,0.054748520255088806,121.41864776611328,-0.028597433120012283,1214.472412109375,6.192282676696777
1,704,0.0,0.002563618589192629,81.11104583740234,-0.000709637941326946,811.1175537109375,6.824850082397461
1,705,0.0,0.01671033911406994,100.37821960449219,-0.0042128912173211575,1003.8242797851562,6.838127613067627
1,706,-0.16599999368190765,0.00695642177015543,152.75929260253906,-0.00022512656869366765,1527.5950927734375,6.936284065246582
1,707,-0.07000000029802322,0.06726157665252686,121.60807037353516,-0.014565126970410347,1216.226318359375,6.250142574310303
1,708,-0.22599999606609344,0.008299139328300953,143.20481872558594,-0.014144733548164368,1432.189697265625,6.410537242889404
1,709,-0.35199999809265137,0.04830201715230942,100.20945739746094,-0.0031368446070700884,1002.1259155273438,6.381336212158203
1,710,-0.06199999898672104,-0.23686040937900543,54.90931701660156,0.05968353897333145,548.496337890625,5.865838050842285
1,711,-0.11800000071525574,-0.0014061455149203539,97.85074615478516,0.004919862374663353,978.458251953125,6.154088973999023
1,712,-0.22599999606609344,0.0327337384223938,117.73517608642578,-0.024321218952536583,1177.594970703125,6.031257152557373
1,713,-0.6859999895095825,-0.010069325566291809,88.89523315429688,-0.00011625511979218572,888.9534912109375,6.818340301513672
1,714,-0.10000000149011612,0.0294761061668396,96.23445129394531,-0.011664178222417831,962.461181640625,6.15817403793335
1,715,-0.2639999985694885,0.01783737912774086,104.80378723144531,-0.016803961247205734,1048.205810546875,6.187143325805664
1,716,0.0,0.02420082502067089,71.54139709472656,-0.011107130907475948,715.5250244140625,6.157466888427734
1,717,-0.07599999755620956,0.014978031627833843,108.96280670166016,-0.01918973959982395,1089.8199462890625,6.210750579833984
1,718,-0.16200000047683716,0.11347661912441254,129.44650268554688,-0.025306247174739838,1294.718017578125,5.850565433502197
1,719,-0.09399999678134918,0.22255046665668488,99.00039672851562,-0.008950578048825264,990.0934448242188,5.8485026359558105
1,720,-0.20999999344348907,-0.060421064496040344,98.30120849609375,0.047126077115535736,982.5408935546875,5.816690444946289
1,721,-0.03799999877810478,0.09657174348831177,110.99574279785156,0.010823657736182213,1109.8492431640625,6.116368770599365
1,722,0.0,-0.000849562231451273,84.13983154296875,-0.0008674580603837967,841.406982421875,6.652665138244629
1,723,-0.15800000727176666,-0.05794414132833481,98.041015625,0.2469942718744278,977.940185546875,5.675762176513672
1,724,-0.15800000727176666,0.1207212433218956,113.94595336914062,-0.009546981193125248,1139.554931640625,5.820216655731201
1,725,0.0,0.028003104031085968,86.06561279296875,-0.0036504880990833044,860.692626953125,6.8982625007629395
1,726,-0.057999998331069946,0.012709989212453365,110.99895477294922,-0.014734616503119469,1110.136962890625,6.282745838165283
1,727,-0.6100000143051147,-0.008519638329744339,127.25428771972656,-0.0008810719009488821,1272.5516357421875,6.8792924880981445
1,728,-0.019999999552965164,0.010565326549112797,119.0531997680664,-0.01004798710346222,1190.6324462890625,5.359752178192139
1,729,-0.035999998450279236,-0.0005833005998283625,147.10472106933594,0.0010654130019247532,1471.03662109375,6.8360090255737305
1,730,-0.017999999225139618,-0.07249350100755692,70.78790283203125,0.030979176983237267,707.5692138671875,6.0274224281311035
1,731,-0.07000000029802322,-0.021883325651288033,121.95384216308594,0.013611572794616222,1219.40234375,5.882353782653809
1,732,0.0,0.02434510365128517,117.30105590820312,-0.01732635498046875,1173.1837158203125,6.50501823425293
1,733,0.0,-0.00979447178542614,120.73371887207031,0.00046580846537835896,1207.33251953125,6.8383588790893555
1,734,-0.1940000057220459,-0.021438555791974068,96.07379913330078,0.04119274765253067,960.3259887695312,6.024171829223633
1,735,0.0,0.05414440482854843,108.45215606689453,0.00782040785998106,1084.443359375,6.023876667022705
1,736,-0.10999999940395355,-0.007353911641985178,107.37529754638672,0.061137888580560684,1073.1416015625,5.912386894226074
1,737,-0.05400000140070915,-0.011461276561021805,105.88140869140625,0.03085505962371826,1058.5054931640625,5.971658706665039
1,738,-0.23399999737739563,0.011311972513794899,107.21745300292969,-0.01954352855682373,1072.369873046875,6.083273410797119
1,739,-0.16599999368190765,0.026927517727017403,103.83834838867188,-0.02169240638613701,1038.6004638671875,6.282773017883301
1,740,-0.8899999856948853,0.0003264318220317364,116.46752166748047,-0.002536060754209757,1164.70068359375,6.670753002166748
1,741,0.0,-0.000812989252153784,127.94534301757812,-0.00495406286790967,1279.5029296875,6.901604652404785
1,742,0.0,-0.0014634872786700726,103.71878051757812,0.0006284454138949513,1037.181640625,6.903338432312012
1,743,-0.1080000028014183,-0.08434514701366425,108.3494873046875,0.9984645843505859,1073.51025390625,5.993669509887695
1,744,-0.6460000276565552,0.007203631103038788,88.24058532714844,-0.003509733360260725,882.44091796875,6.9110918045043945
1,745,0.0,-0.00033465129672549665,69.09368133544922,0.0061638508923351765,690.8751831054688,6.91381311416626
1,746,0.0,0.011929044499993324,120.89909362792969,0.000692511850502342,1208.98388671875,6.900637149810791
1,747,0.0,0.01218506321310997,94.86995697021484,-0.005870015360414982,948.7582397460938,6.885654926300049
1,748,-0.12200000137090683,-0.0010689531918615103,144.44345092773438,-0.012805191799998283,1444.5625,6.844660758972168
1,749,-0.14399999380111694,0.00508006289601326,132.0261688232422,-0.014751595444977283,1320.4091796875,6.511402130126953
1,750,-0.19599999487400055,0.01841934770345688,110.77861022949219,-0.009271481074392796,1107.87890625,6.339656352996826
1,751,-0.3240000009536743,0.015802178531885147,109.45040893554688,-0.006872888188809156,1094.5728759765625,6.178092956542969
1,752,-0.1120000034570694,-0.034019164741039276,104.49724578857422,0.031411297619342804,1044.6583251953125,6.052976608276367
1,753,-0.1940000057220459,-0.014613352715969086,97.02577209472656,0.014608865603804588,970.111572265625,6.061520099639893
1,754,-0.10999999940395355,0.005367702338844538,93.05699157714844,-0.011297890916466713,930.6829223632812,6.300363063812256
1,755,-0.7940000295639038,-0.001553681562654674,107.47943878173828,6.69571163598448e-05,1074.793701171875,6.772394180297852
1,756,-0.0020000000949949026,-0.0026901685632765293,136.80194091796875,0.0004623735439963639,1368.014892578125,6.740368843078613
1,757,-0.42800000309944153,0.004676532000303268,131.63595581054688,-0.0023750646505504847,1316.38330078125,6.768332004547119
1,758,-0.03400000184774399,0.1551065295934677,125.7644271850586,-0.028522048145532608,1257.9295654296875,6.14478063583374
1,759,-0.13199999928474426,-0.17865820229053497,50.132606506347656,0.006916026119142771,501.2568664550781,6.098341941833496
1,760,0.0,0.01211550273001194,102.15836334228516,-0.004122672602534294,1021.6248779296875,6.80681037902832
1,761,-0.8080000281333923,0.006607600953429937,106.90902709960938,-0.0023204360622912645,1069.1134033203125,6.789905071258545
1,762,-0.20800000429153442,-0.0049710460007190704,152.59506225585938,-0.0003936504072044045,1525.95458984375,6.860023498535156
1,763,-0.6840000152587891,0.0009817772079259157,89.03453826904297,-0.0012042535236105323,890.357421875,6.7211127281188965
1,764,-0.07599999755620956,-0.0009910855442285538,109.46600341796875,0.011188479140400887,1094.548095703125,5.804298400878906
1,765,-0.07999999821186066,0.007470492739230394,107.17204284667969,-7.174280472099781e-05,1071.7210693359375,6.298327922821045
1,766,-0.14000000059604645,0.00269982498139143,107.25520324707031,-0.011540079489350319,1072.66748046875,6.325977802276611
1,767,-0.15399999916553497,0.011745413765311241,102.80791473388672,-0.01984422653913498,1028.277587890625,6.392025947570801
1,768,-0.17800000309944153,0.01739838346838951,94.17938232421875,-0.022169703617691994,942.0155029296875,6.18405818939209
1,769,0.0,-0.012116682715713978,132.6142120361328,0.00022841844474896789,1326.1397705078125,6.788818836212158
1,770,-0.07999999821186066,0.008772079832851887,101.67428588867188,-0.0018349728779867291,1016.76123046875,6.572649955749512
1,771,0.0,-0.0032851286232471466,113.09318542480469,0.0011966859456151724,1130.919921875,6.825267314910889
1,772,-0.07800000160932541,0.02014540135860443,112.15975952148438,-0.01853199116885662,1121.782958984375,6.401767253875732
1,773,0.0,-0.05768752470612526,113.2522201538086,0.254320353269577,1129.97900390625,6.225132942199707
1,774,-0.1120000034570694,0.02372382953763008,102.38861083984375,-0.015591546893119812,1024.0419921875,6.177138328552246
1,775,-0.15800000727176666,0.036972709000110626,131.5605010986328,-0.019690098240971565,1315.8018798828125,6.379825592041016
1,776,-0.7760000228881836,-0.0012499832082539797,104.8607177734375,0.00029693852411583066,1048.604248046875,6.831477165222168
1,777,-0.04800000041723251,-0.00046567345270887017,94.61563873291016,0.015377319417893887,946.0025634765625,6.328470230102539
1,778,0.0,0.05904784053564072,116.43057250976562,-0.019321944564580917,1164.4989013671875,6.147877216339111
1,779,-0.3440000116825104,-0.015234170481562614,107.02159118652344,0.24008429050445557,1067.81494140625,6.2027482986450195
1,780,0.0,0.0019925038795918226,92.45541381835938,0.0020839343778789043,924.5333251953125,6.782737731933594
1,781,-0.0860000029206276,-0.009169898927211761,109.3033447265625,0.007470013108104467,1092.958740234375,6.3314971923828125
1,782,-1.0720000267028809,-0.00047606759471818805,120.92867279052734,-0.0026721705216914415,1209.3133544921875,6.767829418182373
1,783,-0.06599999964237213,-0.07151761651039124,107.31341552734375,0.1919001191854477,1071.215087890625,6.1718430519104
1,784,-0.1459999978542328,-0.024510633200407028,125.90525817871094,0.13648442924022675,1257.687744140625,6.030091285705566
1,785,-0.07199999690055847,0.03106902725994587,104.6119613647461,-0.023813771083950996,1046.357666015625,6.25595760345459
1,786,-0.6380000114440918,-0.0016981782391667366,127.40834045410156,-0.00045047522871755064,1274.087890625,6.8011627197265625
1,787,-0.11400000005960464,0.004266401287168264,121.81462860107422,-0.01751171052455902,1218.3214111328125,6.431169033050537
1,788,-0.2160000056028366,-0.012847403064370155,106.86348724365234,0.007668723352253437,1068.5582275390625,6.102850914001465
1,789,0.0,0.052452489733695984,138.47854614257812,-0.02453404664993286,1385.0306396484375,6.341808795928955
1,790,-0.9200000166893005,0.0027006356976926327,110.01260375976562,-0.005278621334582567,1100.1788330078125,6.313302516937256
1,791,0.0,0.007598850876092911,121.73074340820312,-0.01279187761247158,1217.435302734375,6.47137451171875
1,792,0.0,-0.005541037768125534,88.86985778808594,-0.0017254211707040668,888.7158203125,6.768727779388428
1,793,-0.0820000022649765,-0.001239550532773137,132.4800262451172,-0.00834384560585022,1324.8836669921875,6.757106781005859
1,794,0.0,0.008496980182826519,79.25094604492188,-0.009377552196383476,792.6032104492188,5.9189653396606445
1,795,0.0,0.004462027922272682,99.39793395996094,-0.004701976664364338,994.0263671875,6.723825454711914
1,796,0.0,0.01420141477137804,113.11885833740234,-0.018601950258016586,1131.3746337890625,6.350281715393066
1,797,-0.1599999964237213,0.002848783042281866,103.69873046875,-0.003778907237574458,1037.025146484375,6.326519012451172
1,798,-0.11800000071525574,0.006591438315808773,101.18353271484375,-0.0030803147237747908,1011.8660888671875,6.772520542144775
1,799,0.0,0.021665317937731743,83.57461547851562,-0.005285493563860655,835.7989501953125,6.776271820068359
1,800,0.0,0.007883424870669842,120.58186340332031,-0.001226239139214158,1205.830810546875,6.7638044357299805
1,801,-0.7300000190734863,0.0008759406046010554,95.52222442626953,-0.0015787872252985835,955.238037109375,6.760519504547119
1,802,-0.1599999964237213,0.12337576597929001,105.83393096923828,-0.025287244468927383,1058.592041015625,6.235283851623535
1,803,-0.07199999690055847,0.012871760874986649,131.2706298828125,-0.010364330373704433,1312.809814453125,6.531146049499512
1,804,0.0,0.0011000513331964612,127.28251647949219,0.0023945472203195095,1272.80126953125,6.776388645172119
1,805,-0.18400000035762787,0.0016479460755363107,107.74784088134766,-0.00110464112367481,1077.489501953125,6.776076316833496
1,806,-0.014000000432133675,0.011646716855466366,119.48731994628906,0.0005594261456280947,1194.86767578125,6.436030387878418
1,807,-0.921999990940094,-0.0016537224873900414,124.47866821289062,-0.0008496791706420481,1244.795166015625,6.79763126373291
1,808,-0.6639999747276306,-0.002013921272009611,88.988037109375,0.0012478120625019073,889.867919921875,6.766955375671387
1,809,-0.32199999690055847,0.002804968971759081,87.49278259277344,-0.013274870812892914,875.060546875,6.313538074493408
1,810,-0.3540000021457672,-9.820431296247989e-05,129.46234130859375,-0.001154127879999578,1294.6348876953125,6.721611976623535
1,811,0.0,0.0013648481108248234,121.75877380371094,0.0005192431854084134,1217.58251953125,6.738083839416504
1,812,0.0,-8.404371328651905e-05,106.53834533691406,0.17303267121315002,1063.653076171875,6.103321075439453
1,813,0.0,-0.08663420379161835,58.379920959472656,0.023601779714226723,583.563232421875,5.868556499481201
1,814,-0.06599999964237213,-0.007337224669754505,107.09437561035156,0.07355794310569763,1070.208251953125,6.210077285766602
1,815,-0.43799999356269836,-0.002007395029067993,138.02264404296875,0.0009478184510953724,1380.216796875,6.753889083862305
1,816,-0.1340000033378601,-0.003958440385758877,116.0062255859375,-0.014175042510032654,1160.203857421875,6.36887264251709
1,817,0.0,-0.00694473460316658,118.174072265625,0.0006114725256338716,1181.734619140625,6.655920505523682
1,818,-0.6520000100135803,-0.0006751224864274263,90.23963165283203,-0.0016328723868355155,902.41259765625,6.616913795471191
1,819,-0.8999999761581421,0.0007246688473969698,118.71137237548828,0.0010313676903024316,1187.1033935546875,6.639644145965576
1,820,-0.11599999666213989,0.004477282054722309,102.78076171875,-0.004291325807571411,1027.8504638671875,6.295993328094482
1,821,-0.20999999344348907,0.0030584989581257105,134.0186309814453,-0.00027043960290029645,1340.18896484375,6.737062454223633
1,822,-0.06199999898672104,0.012859185226261616,116.7752685546875,-0.008523599244654179,1167.837890625,6.261888027191162
1,823,0.0,-0.002171398140490055,100.85655212402344,-0.002746348036453128,1008.593017578125,6.708093643188477
1,824,-0.1120000034570694,0.009393822401762009,108.65769958496094,-0.013780435547232628,1086.71484375,6.5631256103515625
1,825,-0.03799999877810478,0.043529003858566284,99.041015625,-0.025431662797927856,990.6644897460938,6.1851887702941895
1,826,-0.44200000166893005,0.0025375650729984045,134.46578979492188,-0.0025266986340284348,1344.6832275390625,6.567004680633545
1,827,0.0,0.011867852881550789,107.25527954101562,-0.018065858632326126,1072.7333984375,6.305663108825684
1,828,0.0,-0.0027275504544377327,142.80503845214844,0.00011097876267740503,1428.0491943359375,6.720796585083008
1,829,-0.3019999861717224,0.0070513091050088406,122.52069854736328,-0.005316229537129402,1225.2601318359375,5.029926776885986
1,830,-0.16599999368190765,-0.018918976187705994,95.3482666015625,0.006814547814428806,953.41455078125,5.748241424560547
1,831,-0.7260000109672546,0.0043276529759168625,111.41825866699219,0.00017521389236208051,1114.180908203125,6.760799407958984
1,832,-0.3160000145435333,0.08644382655620575,105.37258911132812,-0.025637151673436165,1053.982177734375,6.271290302276611
1,833,0.0,0.0013251490890979767,119.76458740234375,-0.010429556481540203,1197.750244140625,6.375278949737549
1,834,-0.07599999755620956,-0.0016973090823739767,124.5038833618164,0.23686352372169495,1242.670166015625,6.068140029907227
1,835,0.0,0.009080996736884117,122.96369934082031,0.0008641059976071119,1229.6282958984375,6.75563383102417
1,836,-0.0820000022649765,0.0007301046280190349,101.95391082763672,-0.010102815926074982,1019.64013671875,6.489165306091309
1,837,-0.21400000154972076,0.09406241029500961,108.02658081054688,-0.01312236674129963,1080.39697265625,6.241737365722656
1,838,-0.15000000596046448,0.0025308788754045963,104.40267944335938,-0.009116750210523605,1044.117919921875,6.261183261871338
1,839,0.0,0.010110484436154366,98.67735290527344,0.016803942620754242,986.6055297851562,6.233509063720703
1,840,0.0,-0.002658264944329858,99.81358337402344,-0.0023114504292607307,998.158935546875,6.715486526489258
1,841,-0.3959999978542328,0.007225236389786005,132.216552734375,-0.0056558093056082726,1322.2220458984375,6.727802276611328
1,842,-0.07000000029802322,0.0019736536778509617,100.26545715332031,-0.002587366383522749,1002.6804809570312,6.161386966705322
1,843,-0.07199999690055847,-0.03545411303639412,109.80633544921875,0.0077667441219091415,1097.985595703125,6.111577033996582
1,844,-0.11599999666213989,0.0029903168324381113,119.43072509765625,-0.0029764228966087103,1194.3370361328125,6.304238319396973
1,845,0.0,-0.0022425216156989336,108.94085693359375,-0.010160008445382118,1089.5101318359375,6.188532829284668
1,846,-0.006000000052154064,-0.03433958441019058,120.1031494140625,-0.0033706941176205873,1201.065185546875,6.049914836883545
1,847,-0.6179999709129333,0.006016846746206284,87.28466033935547,-0.0014769429108127952,872.8613891601562,6.721523284912109
1,848,-0.03799999877810478,0.0038820982445031404,92.71411895751953,-0.003643360920250416,927.1776123046875,6.310549736022949
1,849,-0.5059999823570251,-0.003788397181779146,139.70809936523438,0.0007940033683553338,1397.072998046875,6.781929969787598
1,850,-0.05400000140070915,-0.0019169228617101908,149.03050231933594,-0.01031466480344534,1490.408203125,6.748907089233398
1,851,-0.0860000029206276,-0.005299613811075687,147.9419403076172,-0.004180248826742172,1479.461181640625,6.78079891204834
1,852,0.0,0.020820122212171555,111.383544921875,-0.017587970942258835,1114.0113525390625,6.367569923400879
1,853,-0.20999999344348907,0.05854346603155136,107.22621154785156,-0.0017255210550501943,1072.2794189453125,6.342578887939453
1,854,-0.13600000739097595,-0.0006085443892516196,135.4247283935547,-0.016975007951259613,1354.4169921875,6.454899787902832
1,855,-0.15600000321865082,-0.005106228869408369,99.20752716064453,-0.0031527269165962934,992.1067504882812,6.319758892059326
1,856,0.0,0.006782203447073698,99.13347625732422,-0.0018237659242004156,991.35302734375,6.696616172790527
1,857,-0.9539999961853027,0.01276316773146391,116.59148406982422,-0.002226793672889471,1165.93701171875,6.741029739379883
1,858,0.0,0.020632781088352203,120.18025207519531,-0.0027343397960066795,1201.829833984375,5.966098308563232
1,859,0.0,0.006961785722523928,146.01394653320312,-0.0028338260017335415,1460.1678466796875,6.729886531829834
1,860,-0.15800000727176666,0.002481195842847228,146.54368591308594,-0.0032975233625620604,1465.4697265625,6.761204719543457
1,861,-0.026000000536441803,-0.0009452513186261058,97.85601806640625,0.024702399969100952,978.3131103515625,6.233114719390869
1,862,0.0,-0.0002853091573342681,120.94409942626953,-0.0006916799466125667,1209.4478759765625,6.711812973022461
1,863,-0.25600001215934753,0.007404577452689409,108.38356018066406,-0.0032494296319782734,1083.8681640625,6.727879524230957
1,864,-0.23000000417232513,-8.3012375398539e-05,143.98977661132812,-0.000879561179317534,1439.906494140625,6.749648571014404
1,865,-0.37400001287460327,0.005067786667495966,91.66999816894531,-0.00922848004847765,916.7923583984375,6.066659450531006
1,866,-0.47999998927116394,-0.0019166896818205714,144.17173767089844,0.0006580243934877217,1441.710693359375,6.7272820472717285
1,867,-0.03799999877810478,0.004026532638818026,111.62451934814453,-0.013552915304899216,1116.380615234375,6.339409828186035
1,868,-0.08399999886751175,-0.0027069738134741783,144.17831420898438,0.0005377287743613124,1441.77783203125,6.731821060180664
1,869,-0.05000000074505806,0.0021938858553767204,105.84777069091797,0.01455010287463665,1058.332275390625,6.13233757019043
1,870,0.0,0.008378579281270504,111.87936401367188,-0.016312578693032265,1118.956787109375,6.304631233215332
1,871,0.0,0.006173173896968365,100.54153442382812,-0.00043505957000888884,1005.419677734375,6.735584259033203
1,872,-0.06800000369548798,-0.03662244603037834,108.30917358398438,-0.007008856162428856,1083.161865234375,6.141025066375732
1,873,0.0,0.00833516102284193,101.95819854736328,-0.001251359935849905,1019.5944213867188,6.715479850769043
1,874,-0.25600001215934753,0.020916415378451347,106.63829040527344,-0.0246847253292799,1066.6297607421875,6.33480978012085
1,875,0.0,0.00286586070433259,114.67121887207031,0.0019932410214096308,1146.6923828125,6.656275749206543
1,876,-0.24199999868869781,-0.008096067234873772,116.06150817871094,0.008193405345082283,1160.533203125,6.12067985534668
1,877,0.0,0.003085007891058922,126.17206573486328,0.0005023401463404298,1261.715576171875,6.693048477172852
1,878,-0.8619999885559082,-0.005968220066279173,131.9640655517578,0.0011274367570877075,1319.62939453125,5.7649641036987305
1,879,0.0,-0.004175427369773388,108.10620880126953,-0.0023098457604646683,1081.085205078125,6.704658031463623
1,880,0.0,0.007783596869558096,101.25007629394531,-0.0019967115949839354,1012.5206909179688,6.682894706726074
1,881,-0.9860000014305115,0.008134580217301846,127.75674438476562,-0.0025670304894447327,1277.5931396484375,6.7133355140686035
1,882,-0.02800000086426735,-0.0007453255821019411,165.33255004882812,-0.00034394770045764744,1653.3289794921875,6.794449806213379
1,883,0.0,0.006552437320351601,112.73126220703125,-0.012150192633271217,1127.43408203125,6.340082168579102
1,884,0.0,0.010098562575876713,115.53966522216797,-0.0013007012894377112,1155.4095458984375,6.712985515594482
1,885,-0.1940000057220459,0.00034736149245873094,105.4140853881836,0.005714536644518375,1054.083740234375,6.429391860961914
1,886,-0.02199999988079071,-0.00462031876668334,133.8850860595703,0.00012247929407749325,1338.849609375,6.6882781982421875
1,887,-0.04399999976158142,-0.009573296643793583,126.4088363647461,0.003492881078273058,1264.053466796875,6.660821914672852
1,888,-0.20999999344348907,-0.00255478429608047,155.34176635742188,-0.003262849058955908,1553.4501953125,6.754408836364746
1,889,-0.17599999904632568,-0.019147004932165146,114.46978759765625,0.05056590586900711,1144.1922607421875,6.139524459838867
1,890,-0.12399999797344208,0.009077399969100952,110.98355865478516,0.0016468508401885629,1109.819091796875,6.0906901359558105
1,891,-0.25999999046325684,-0.003610961139202118,105.19577026367188,0.0011010013986378908,1051.9466552734375,6.142027854919434
1,892,-0.12399999797344208,-0.004012959077954292,130.94692993164062,0.0007490915595553815,1309.461669921875,6.660595893859863
1,893,-0.15600000321865082,0.03287740796804428,116.09445190429688,-0.024886716157197952,1161.193359375,6.334656715393066
1,894,-0.10000000149011612,-0.00021113867114763707,110.42741394042969,0.03539179265499115,1103.920166015625,6.036144256591797
1,895,-0.10000000149011612,0.001230320194736123,94.26111602783203,-0.0052741654217243195,942.6639404296875,6.027005195617676
1,896,0.0,-0.011841487139463425,114.30424499511719,0.0006662621162831783,1143.03564453125,6.668227195739746
1,897,-0.041999999433755875,-0.0037343017756938934,109.19082641601562,-0.0017316638259217143,1091.925537109375,6.075250625610352
1,898,-0.36800000071525574,0.0008066153968684375,141.71347045898438,-0.0065187616273760796,1417.1998291015625,6.218101501464844
1,899,-1.0859999656677246,0.007107241544872522,143.968017578125,-0.014334691688418388,1439.8236083984375,4.59378719329834
1,900,0.0,0.012354361824691296,151.02264404296875,0.008086036890745163,1510.1455078125,6.719852447509766
1,901,0.0,0.008288610726594925,118.16204833984375,-0.0026702089235186577,1181.647216796875,6.383154392242432
1,902,-0.012000000104308128,0.010750333778560162,117.9094009399414,-0.01815124601125717,1179.2755126953125,6.258284568786621
1,903,-0.8420000076293945,-0.007515450473874807,128.57489013671875,-0.0015819011023268104,1285.7646484375,6.525200843811035
1,904,-0.09000000357627869,0.014360351487994194,109.0147476196289,-0.009798387065529823,1090.2454833984375,6.230062961578369
1,905,-0.08399999886751175,0.023377317935228348,111.13023376464844,-0.008161529898643494,1111.3839111328125,6.270169258117676
1,906,-0.10000000149011612,0.0014435367193073034,115.9681396484375,0.0002061793493339792,1159.6793212890625,6.764371395111084
1,907,-0.1379999965429306,0.0016562847886234522,124.55003356933594,-0.0034036138094961643,1245.534423828125,6.761998176574707
1,908,-0.24199999868869781,-0.06925192475318909,86.7042236328125,0.0074223969131708145,866.968017578125,6.1149139404296875
1,909,0.0,0.013395220041275024,98.20765686035156,-0.009015080519020557,982.166748046875,6.253550052642822
1,910,0.0,-0.007479750085622072,104.23651885986328,0.0007443277863785625,1042.3577880859375,6.297459125518799
1,911,-0.09200000017881393,0.003793518990278244,115.8519058227539,0.01565219648182392,1158.362548828125,6.20750093460083
1,912,-0.041999999433755875,-0.014280688017606735,122.14483642578125,0.03705691173672676,1221.0777587890625,5.960821151733398
1,913,-0.2619999945163727,0.0019797286950051785,101.64704895019531,-0.00047368445666506886,1016.4752197265625,6.1793012619018555
1,914,-0.13600000739097595,-0.0025388463400304317,124.90452575683594,0.002461622469127178,1249.020751953125,6.7345991134643555
1,915,0.0,0.001794442068785429,107.06803894042969,-0.004658497869968414,1070.7269287109375,6.371067047119141
1,916,-0.11599999666213989,0.023260945454239845,116.32405853271484,0.0020431263837963343,1163.22021484375,6.324925422668457
1,917,-0.05400000140070915,-0.008634664118289948,136.65731811523438,-0.00012383355351630598,1366.574462890625,6.745944023132324
1,918,-0.14399999380111694,-0.0007530837319791317,111.35617065429688,-0.005115801002830267,1113.61279296875,6.194879531860352
1,919,-0.12399999797344208,0.016945764422416687,110.99676513671875,-0.02014990523457527,1110.169189453125,6.337654113769531
1,920,0.0,0.004850440192967653,127.92733001708984,0.00024481004220433533,1279.2708740234375,6.727907180786133
1,921,-0.1459999978542328,0.0010963159147650003,109.244384765625,0.0009172729915007949,1092.4346923828125,6.1169328689575195
1,922,0.0,-0.002693341812118888,105.64506530761719,0.35453736782073975,1052.9052734375,6.027046203613281
1,923,-0.3720000088214874,0.0037637760397046804,107.36672973632812,-0.013601497747004032,1073.80322265625,6.350228786468506
1,924,0.0,0.0010049162665382028,106.8746337890625,-0.00035774483694694936,1068.75,6.72509765625
1,925,-0.10599999874830246,0.008959898725152016,99.59282684326172,-0.014152172952890396,996.0697021484375,6.255163669586182
1,926,0.0,0.012514728121459484,99.48028564453125,-0.005587821360677481,994.8587036132812,6.71052885055542
1,927,-0.18799999356269836,-0.003052428364753723,105.61470031738281,0.011377917602658272,1056.033203125,6.214807987213135
1,928,0.0,0.00955533143132925,113.68942260742188,-0.015773065388202667,1137.052001953125,6.396708011627197
1,929,-0.11400000005960464,-0.05764153599739075,98.31831359863281,0.0984099954366684,982.198974609375,5.92721700668335
1,930,-0.15600000321865082,-0.01597927138209343,102.51737213134766,0.12049999833106995,1023.9686279296875,6.280659198760986
1,931,-0.15800000727176666,0.004853267688304186,98.44020080566406,-0.007928152568638325,984.4813232421875,6.3514251708984375
1,932,-0.31200000643730164,-0.010086298920214176,91.24119567871094,0.0035606869496405125,912.3763427734375,6.177969455718994
1,933,-0.14000000059604645,-0.020513324066996574,120.97135162353516,-0.010376254096627235,1209.8172607421875,5.958440780639648
1,934,0.0,-0.004497933201491833,100.27162170410156,0.0018958142027258873,1002.697265625,6.6814799308776855
1,935,0.0,0.004240834154188633,119.44609832763672,-0.003937097266316414,1194.500244140625,6.708106994628906
1,936,0.0,0.0013431926490738988,99.82672119140625,0.0010845354991033673,998.25634765625,6.189964294433594
1,937,-0.08399999886751175,-8.552474901080132e-05,151.37063598632812,-0.003135223174467683,1513.7376708984375,6.757369041442871
1,938,-0.21199999749660492,-0.0034658601507544518,132.59494018554688,-0.003986460156738758,1325.9892578125,6.759673118591309
1,939,-0.0820000022649765,-0.02120770886540413,93.63508605957031,0.06714411079883575,935.6793212890625,6.112809181213379
1,940,0.0,0.00864272192120552,135.77830505371094,-0.004348734859377146,1357.826416015625,6.705539703369141
1,941,-0.07599999755620956,0.03978956490755081,107.64933776855469,-0.02369428426027298,1076.7303466796875,6.320802211761475
1,942,-0.026000000536441803,-0.008215880021452904,140.68301391601562,0.0005645742639899254,1406.824462890625,6.7160491943359375
1,943,-0.1599999964237213,-0.009177392348647118,156.45709228515625,0.003862163983285427,1564.5322265625,6.769052505493164
1,944,-0.11999999731779099,0.044951945543289185,123.9852294921875,-0.023178018629550934,1240.083984375,6.089037895202637
1,945,0.0,-0.006923590786755085,118.03567504882812,-0.0012873446103185415,1180.36962890625,5.980238914489746
1,946,-0.1860000044107437,0.005879533011466265,105.84790802001953,-0.004181032069027424,1058.5208740234375,6.306764602661133
1,947,0.0,-0.01086496002972126,88.83548736572266,0.02008933760225773,888.1539306640625,6.24638032913208
1,948,-0.019999999552965164,-0.008391119539737701,113.698486328125,-0.0031573944725096226,1137.016357421875,6.092907905578613
1,949,0.0,0.013590153306722641,132.22410583496094,0.0022893832065165043,1322.218017578125,6.2143235206604
1,950,-0.21199999749660492,-0.00017941241094376892,123.60405731201172,-0.000928216555621475,1236.0498046875,6.722916603088379
1,951,-0.40400001406669617,0.04239168018102646,102.29838562011719,-0.02977907657623291,1023.2816772460938,6.386526107788086
1,952,0.0,-0.00385480560362339,144.92416381835938,0.0005350029678083956,1449.2362060546875,6.725560188293457
1,953,-0.35199999809265137,0.005033127032220364,154.66091918945312,-0.015095733106136322,1546.760009765625,6.354494094848633
1,954,-0.20200000703334808,2.564556780271232e-05,101.95616149902344,-0.000567503971979022,1019.5672607421875,6.029369354248047
1,955,0.0,0.002220902591943741,127.33551025390625,-0.002891424112021923,1273.3839111328125,6.747045516967773
1,956,-0.05400000140070915,-0.003679043846204877,142.40476989746094,-0.015383470803499222,1424.201416015625,6.654529571533203
1,957,-0.10000000149011612,-0.012608500197529793,155.19488525390625,-0.0028092204593122005,1551.9769287109375,6.772824287414551
1,958,-0.41600000858306885,0.013290025293827057,91.28340911865234,-0.019177602604031563,913.02587890625,6.274889945983887
1,959,-0.3240000009536743,0.00542246550321579,153.94505310058594,-0.0011660389136523008,1539.462158203125,6.757243633270264
1,960,-0.07199999690055847,0.01471836306154728,101.88224792480469,-0.010984126478433609,1018.932373046875,6.251992225646973
1,961,-0.5720000267028809,-0.0015632767463102937,147.40426635742188,0.004125653300434351,1474.00146484375,5.66823673248291
1,962,-0.21799999475479126,-0.004914901684969664,94.68870544433594,1.4737190213054419e-05,946.8868408203125,6.160854816436768
1,963,0.0,-0.002949290908873081,158.79983520507812,0.00021925591863691807,1587.99609375,6.715753555297852
1,964,-0.24799999594688416,0.01496967300772667,101.60384368896484,0.09257026016712189,1015.1127319335938,6.248620986938477
1,965,-0.07400000095367432,0.0093728331848979,112.16313171386719,0.0009202170185744762,1121.6220703125,6.262653827667236
1,966,0.0,-0.025956034660339355,110.36271667480469,0.17801648378372192,1101.846923828125,5.884592056274414
1,967,-0.17800000309944153,0.00805448554456234,114.32205963134766,-0.0020585269667208195,1143.2412109375,6.7266058921813965
1,968,-0.06400000303983688,-0.03666088357567787,114.16015625,0.019157003611326218,1141.409912109375,6.050460338592529
1,969,-0.08799999952316284,0.028331194072961807,115.51898956298828,-0.02740737795829773,1155.4639892578125,6.29464054107666
1,970,-0.20999999344348907,0.007086033001542091,90.34991455078125,-0.015464546158909798,903.6537475585938,6.263229846954346
1,971,-0.2619999945163727,-0.023792946711182594,94.36851501464844,0.053112514317035675,943.154052734375,6.100487232208252
1,972,0.0,0.01025628112256527,109.1708755493164,0.0005378580535762012,1091.703369140625,6.66419792175293
1,973,-0.18199999630451202,-0.00622224248945713,107.25523376464844,-0.0031491543632000685,1072.583740234375,6.185464859008789
1,974,0.0,-0.00713217630982399,104.32666778564453,-0.0005426350980997086,1043.2720947265625,6.667775630950928
1,975,0.0,0.009708222001791,105.87954711914062,-0.0018454098608344793,1058.81396484375,6.6670708656311035
1,976,0.0,0.018884355202317238,106.83606719970703,-0.005670872516930103,1068.4173583984375,6.69891357421875
1,977,-0.24799999594688416,0.009436728432774544,140.93739318847656,-0.005214777309447527,1409.4261474609375,6.727544784545898
1,978,-0.4300000071525574,-0.002303753048181534,144.49212646484375,-0.005296959076076746,1444.97412109375,6.740674018859863
1,979,0.0,-0.0007549874717369676,116.61259460449219,-0.006560984067618847,1166.1915283203125,6.705425262451172
1,980,-0.14000000059604645,0.011218366213142872,143.16909790039062,-0.010529431514441967,1431.796142578125,6.789259433746338
1,981,0.0,-0.004423216916620731,111.66182708740234,0.04780058190226555,1116.14013671875,6.170891284942627
1,982,-0.09200000017881393,-0.00046334040234796703,99.34342956542969,0.07776708900928497,992.6566162109375,6.209836483001709
1,983,-0.02199999988079071,-0.005095141939818859,108.2820053100586,0.17150810360908508,1081.10498046875,6.182784557342529
1,984,0.0,-0.011471930891275406,92.86479187011719,0.0032739476300776005,928.6151733398438,6.62513542175293
1,985,0.0,0.0050439671613276005,99.65472412109375,0.0001266600884264335,996.5458984375,6.642378330230713
1,986,0.0,0.02919129841029644,121.05111694335938,-0.016964294016361237,1210.6806640625,6.289168357849121
1,987,-0.06400000303983688,0.0033966158516705036,95.00514221191406,-0.005260159727185965,950.10400390625,5.9350666999816895
1,988,-0.0020000000949949026,-0.004685722291469574,105.20620727539062,0.06763508170843124,1051.3857421875,6.234471321105957
1,989,-0.004000000189989805,-0.002246990567073226,156.6127166748047,0.00022496796736959368,1566.1248779296875,6.743204116821289
1,990,0.0,-0.0075800553895533085,97.9000244140625,0.01828046143054962,978.8173828125,6.3426737785339355
1,991,-0.14800000190734863,0.022501621395349503,115.08273315429688,-0.008976919576525688,1150.9171142578125,6.16129207611084
1,992,0.0,0.00157234410289675,130.015869140625,0.002225336851552129,1300.1363525390625,6.705228328704834
1,993,-0.09399999678134918,-0.0013051166897639632,142.0016632080078,-0.0018222773214802146,1420.034912109375,6.752570629119873
1,994,-0.0860000029206276,-0.026162803173065186,117.76884460449219,0.014745064079761505,1177.541015625,6.102608680725098
1,995,-0.1899999976158142,-0.012656361795961857,109.07866668701172,0.011082704178988934,1090.67578125,6.159084796905518
1,996,-0.1979999989271164,-0.0072825755923986435,113.93238830566406,0.07019029557704926,1138.6220703125,6.035395622253418
1,997,-0.05400000140070915,0.011033784598112106,113.28275299072266,-0.008228233084082603,1132.9097900390625,6.2788519859313965
1,998,-0.05999999865889549,-0.0052580335177481174,155.77389526367188,-0.007973545230925083,1557.8187255859375,6.68575382232666
1,999,0.0,-0.013643746264278889,104.26316833496094,0.0023133631329983473,1042.608642578125,6.31365966796875
1,1000,-0.03400000184774399,-0.052523307502269745,116.82896423339844,0.0004905932582914829,1168.28466796875,6.029297828674316
1,1001,-0.9660000205039978,0.006459537893533707,127.29561614990234,-0.0003709917364176363,1272.9598388671875,6.7275800704956055
1,1002,0.0,0.0010597428772598505,105.97627258300781,-0.0019663528073579073,1059.782470703125,6.682377815246582
1,1003,0.0,0.018960222601890564,84.36759948730469,-0.018225375562906265,843.858154296875,6.075904846191406
1,1004,-0.012000000104308128,-0.002227486576884985,155.7395782470703,-5.03848641528748e-05,1557.396240234375,6.667825698852539
1,1005,-0.9539999961853027,-0.005036592483520508,131.05136108398438,0.001176605699583888,1310.501708984375,6.705057144165039
1,1006,0.0,-0.00010149358422495425,113.77579498291016,0.00022704320144839585,1137.755615234375,6.6689324378967285
1,1007,-0.11400000005960464,0.0414404422044754,120.64102172851562,-0.008203557692468166,1206.4923095703125,6.350574493408203
1,1008,-0.17800000309944153,-0.0004873272555414587,153.39346313476562,-0.0012610596604645252,1533.947265625,6.771768093109131
1,1009,-0.09799999743700027,0.018300926312804222,114.93008422851562,-0.022450782358646393,1149.525390625,6.339351654052734
1,1010,-0.4440000057220459,0.00935035478323698,152.14712524414062,-0.013265149667859077,1521.603759765625,5.983277320861816
1,1011,-0.17399999499320984,0.03481309488415718,108.2017593383789,-0.024214385077357292,1082.259765625,6.331177711486816
1,1012,0.0,0.01436392217874527,109.73599243164062,-0.004285220056772232,1097.4027099609375,6.680764198303223
1,1013,-0.5239999890327454,0.022103484719991684,92.55606079101562,-0.003400663612410426,925.5946044921875,6.669002532958984
1,1014,0.0,-0.005579506978392601,116.46237182617188,-0.000914890319108963,1164.6328125,6.013909816741943
1,1015,0.0,0.007836821489036083,109.29841613769531,-0.0008929670439101756,1092.9930419921875,6.675886631011963
1,1016,-0.0860000029206276,-0.014456515200436115,108.25846862792969,0.1636071801185608,1080.9486083984375,6.175323486328125
1,1017,-0.12999999523162842,0.02967796102166176,109.49031829833984,0.038827065378427505,1094.514892578125,6.278007984161377
1,1018,0.0,-0.011240901425480843,150.4541015625,-0.007689077872782946,1504.6177978515625,6.723804950714111
1,1019,-0.08399999886751175,-0.01052846759557724,99.64904022216797,-0.005076220724731684,996.5411376953125,6.185637474060059
1,1020,-0.7300000190734863,-0.005103633273392916,113.744140625,0.0004934259923174977,1137.4365234375,6.710787773132324
1,1021,-0.6880000233650208,0.00898265652358532,101.36016845703125,-0.001346030505374074,1013.6151123046875,6.678533554077148
1,1022,-0.32600000500679016,0.026458973065018654,105.34835815429688,-0.017432913184165955,1053.657958984375,6.368739128112793
1,1023,-0.21400000154972076,-0.035663530230522156,92.86168670654297,0.09084886312484741,927.7083740234375,6.068913459777832
1,1024,-0.25999999046325684,0.001514284173026681,121.026611328125,0.0019977097399532795,1210.24609375,6.730835914611816
1,1025,-0.07999999821186066,-0.011784053407609463,112.16583251953125,0.0032163909636437893,1121.6259765625,6.12802267074585
1,1026,-0.14000000059604645,-0.0007853402639739215,89.18081665039062,0.0012703906977549195,891.7954711914062,6.223199844360352
1,1027,-0.12600000202655792,0.011054104194045067,115.40289306640625,0.009238351136446,1153.9365234375,6.41295862197876
1,1028,-0.024000000208616257,0.0034558542538434267,99.53053283691406,0.03713139146566391,994.9339599609375,6.2791643142700195
1,1029,0.0,-0.013721361756324768,95.39904022216797,0.07461263239383698,953.2442626953125,6.087959289550781
1,1030,-0.03400000184774399,0.005866285879164934,102.89225769042969,0.0026792646385729313,1028.895751953125,6.262028694152832
1,1031,-0.12999999523162842,0.015031741932034492,118.53958129882812,0.009636249393224716,1185.29931640625,6.314988136291504
1,1032,-0.5,-0.0032212319783866405,141.18862915039062,-0.0008656998397782445,1411.894775390625,6.7408037185668945
1,1033,0.0,-0.0049672299064695835,114.87371826171875,-0.003663822542876005,1148.77392578125,6.660959243774414
1,1034,-0.07000000029802322,0.005716534331440926,112.46150207519531,0.05004429072141647,1124.1146240234375,6.142858505249023
1,1035,-0.22599999606609344,-0.016778046265244484,92.42620849609375,0.07301576435565948,923.5318603515625,6.075327396392822
1,1036,-0.1860000044107437,-0.009615106508135796,104.92112731933594,0.005094607826322317,1049.1602783203125,6.140315055847168
1,1037,0.0,-0.009033720940351486,128.8374786376953,0.0008096721721813083,1288.36669921875,6.68599271774292
1,1038,-0.17599999904632568,0.0031310892663896084,97.3949966430664,-0.005412696860730648,974.0040283203125,6.323115825653076
1,1039,0.0,-0.10420548170804977,63.19282150268555,0.020985916256904602,631.7183227539062,5.96152400970459
1,1040,0.0,-0.000787450117059052,166.84814453125,-2.9889866709709167e-05,1668.481689453125,6.7349419593811035
1,1041,-0.12200000137090683,0.0031431138049811125,105.46830749511719,-0.01789626106619835,1054.8619384765625,6.300625801086426
1,1042,0.0,0.0032866934780031443,101.71511840820312,-0.009870599955320358,1017.2498779296875,6.344057083129883
1,1043,-0.4699999988079071,0.0040570772252976894,140.54119873046875,-0.0006317251827567816,1405.418212890625,6.757692337036133
1,1044,-0.11599999666213989,-0.0021005577873438597,108.22730255126953,0.0048443470150232315,1082.224609375,6.1472272872924805
1,1045,0.0,-0.0012036453699693084,110.40444946289062,0.008109640330076218,1103.96337890625,6.181513786315918
1,1046,-0.1599999964237213,0.00310279312543571,104.52740478515625,-0.0033355739433318377,1045.307373046875,6.335086822509766
1,1047,-0.2280000001192093,0.02092793583869934,100.27579498291016,-0.02068871632218361,1002.9647216796875,6.3459343910217285
1,1048,-0.26600000262260437,0.002902937587350607,145.10452270507812,-0.00782868918031454,1451.12353515625,6.013791084289551
1,1049,-0.026000000536441803,0.06535691767930984,133.66563415527344,-0.026949547231197357,1336.9259033203125,6.439811706542969
1,1050,-0.20999999344348907,0.03932156041264534,91.17916870117188,-0.021041657775640488,912.0020141601562,6.325052738189697
1,1051,0.0,0.0002768156991805881,103.0035171508789,0.003522841027006507,1030.0,6.274874687194824
1,1052,0.0,-0.0038155806250870228,134.23709106445312,-1.397021424054401e-05,1342.3709716796875,6.7124481201171875
1,1053,-0.27799999713897705,0.006491236854344606,100.42713928222656,0.0019561792723834515,1004.2517700195312,6.315341472625732
1,1054,-0.10400000214576721,0.013849277049303055,106.30337524414062,0.08499299734830856,1062.183837890625,6.119568824768066
1,1055,-0.8479999899864197,0.018034689128398895,128.2379150390625,-0.003054108703508973,1282.409423828125,6.748247146606445
1,1056,-0.5540000200271606,-0.015813997015357018,166.569091796875,-1.9710802007466555e-05,1665.6910400390625,5.585879325866699
1,1057,-0.5099999904632568,-0.001774979755282402,127.21988677978516,-0.003603587858378887,1272.23486328125,6.660983085632324
1,1058,-0.21400000154972076,-0.021044384688138962,89.67398834228516,0.07931192964315414,895.94677734375,6.064476490020752
1,1059,-0.1679999977350235,-0.050961609929800034,121.31675720214844,0.2461501806974411,1210.7060546875,5.869568347930908
1,1060,0.0,0.005460683256387711,122.37144470214844,0.00048299049376510084,1223.7095947265625,6.648028373718262
1,1061,0.0,-0.009311054833233356,145.3018341064453,0.003918576519936323,1452.97900390625,6.6634907722473145
1,1062,0.0,-0.009657268412411213,123.33441162109375,-0.0007142743561416864,1233.351318359375,6.6533589363098145
1,1063,0.0,0.008469222113490105,103.38075256347656,-0.004782914184033871,1033.855224609375,6.639284610748291
1,1064,-0.1940000057220459,0.01216660626232624,119.55224609375,-0.0060931043699383736,1195.583251953125,6.660367012023926
1,1065,0.0,0.01979391649365425,102.37511444091797,-0.017931312322616577,1023.930419921875,6.411799430847168
1,1066,0.0,0.008455128408968449,119.81939697265625,-0.003654537256807089,1198.23046875,6.645244598388672
1,1067,-0.04399999976158142,-0.0008536847308278084,149.9989471435547,-0.004983957391232252,1500.039306640625,6.740363597869873
1,1068,0.0,0.01179681345820427,114.45851135253906,-0.012940803542733192,1144.7144775390625,6.399548530578613
1,1069,-0.9520000219345093,-0.0004178991657681763,126.06546020507812,-0.0007261733408086002,1260.661865234375,6.693343162536621
1,1070,0.0,0.0003727626462932676,117.36908721923828,-0.0007645417936146259,1173.698486328125,6.62418794631958
1,1071,0.0,0.015550902113318443,133.26121520996094,-0.018068792298436165,1332.7928466796875,6.389886379241943
1,1072,-0.4020000100135803,0.03567283973097801,100.70577239990234,-0.006490289233624935,1007.12255859375,6.513582229614258
1,1073,0.0,0.0279488954693079,112.83234405517578,0.0017437080387026072,1128.305908203125,6.372820854187012
1,1074,-0.035999998450279236,0.010583104565739632,94.67936706542969,-0.011689023114740849,946.9105224609375,6.307803153991699
1,1075,-0.3059999942779541,-0.006406132597476244,155.2062530517578,-0.0043952432461082935,1552.1064453125,6.082833766937256
1,1076,-0.30799999833106995,-0.014097142964601517,142.04859924316406,-0.0017953822389245033,1420.50390625,6.738751411437988
1,1077,-0.06800000369548798,0.0011381648946553469,123.095947265625,-0.0013735133688896894,1230.97314453125,6.09234619140625
1,1078,-0.1979999989271164,7.32658663764596e-05,110.36365509033203,0.0004502480151131749,1103.632080078125,6.100010871887207
1,1079,-0.14800000190734863,0.009244708344340324,101.874755859375,0.000515826279297471,1018.7423706054688,6.427671432495117
1,1080,0.0,-0.32735851407051086,24.773731231689453,2.2790011655615672e-08,247.7373046875,5.556161880493164
1,1081,-0.12200000137090683,0.003583697136491537,169.13905334472656,-0.0005482757114805281,1691.39599609375,6.80135440826416
1,1082,-1.0520000457763672,-0.008968963287770748,128.49127197265625,-0.001909871818497777,1284.931640625,6.700643539428711
1,1083,-0.1979999989271164,-0.013488313183188438,109.43235778808594,0.05016157776117325,1093.8218994140625,6.28278923034668
1,1084,-0.11800000071525574,0.03819899260997772,127.020263671875,-0.014831147156655788,1270.3509521484375,6.419710159301758
1,1085,0.0,0.0044638616964221,114.41488647460938,0.0005431105382740498,1144.1434326171875,6.661983489990234
1,1086,-0.5320000052452087,0.01200962532311678,114.53498840332031,-0.002291390672326088,1145.372802734375,6.720308303833008
1,1087,-0.21199999749660492,-0.1990325003862381,139.1103515625,0.19680170714855194,1389.135498046875,4.597458362579346
1,1088,-0.6359999775886536,0.0035000431817024946,134.4854736328125,0.0013696731766685843,1344.841064453125,6.780974864959717
1,1089,-0.03799999877810478,-0.04458681866526604,146.4398193359375,0.010057251900434494,1464.297607421875,6.618599891662598
1,1090,-0.3619999885559082,-0.011639762669801712,113.44798278808594,-0.020223034545779228,1134.68212890625,6.405198097229004
1,1091,0.0,0.013323609717190266,110.13529205322266,-0.012899248860776424,1101.48193359375,6.162766933441162
1,1092,0.0,0.020954400300979614,101.34408569335938,-0.009453225880861282,1013.5353393554688,6.347784996032715
1,1093,-0.9440000057220459,-0.007227589841932058,130.23953247070312,0.0021584234200417995,1302.37353515625,6.690842151641846
1,1094,-0.057999998331069946,0.005674475803971291,99.3891372680664,-0.018968550488352776,994.0810546875,6.246461868286133
1,1095,-0.23600000143051147,-0.005690599791705608,121.645751953125,-0.005250339861959219,1216.510009765625,5.922417640686035
1,1096,-0.09000000357627869,0.00337379053235054,119.60836791992188,-0.013136463239789009,1196.215087890625,6.431485176086426
1,1097,-0.057999998331069946,-0.0012678655330091715,160.75527954101562,-0.006962372921407223,1607.6224365234375,6.6937761306762695
1,1098,-0.019999999552965164,0.004314097110182047,82.03939819335938,-0.005297500640153885,820.4468994140625,6.415030002593994
1,1099,-0.44999998807907104,0.012437806464731693,156.2912139892578,-0.010741041041910648,1563.01953125,5.970410346984863
1,1100,-0.38999998569488525,0.011933578178286552,99.8027572631836,-0.019526131451129913,998.2228393554688,6.306997776031494
1,1101,0.0,0.007033767644315958,131.67559814453125,-0.012826386839151382,1316.88427734375,6.354482650756836
1,1102,0.0,0.005054803565144539,121.369384765625,0.003705183044075966,1213.65673828125,6.227386474609375
1,1103,-0.07599999755620956,-0.005835600197315216,116.92330932617188,-0.008398398756980896,1169.317138671875,5.988407135009766
1,1104,0.0,0.006672450341284275,138.20458984375,-0.0017887832364067435,1382.0635986328125,6.731317043304443
1,1105,-0.09000000357627869,0.03740958496928215,116.489013671875,-0.019637107849121094,1165.08642578125,6.470648765563965
1,1106,-0.035999998450279236,0.011350606568157673,116.79825592041016,0.030879110097885132,1167.673828125,6.270012855529785
1,1107,-0.15000000596046448,0.009160888381302357,129.7500762939453,-0.0005732832360081375,1297.506591796875,6.738829612731934
1,1108,-0.07599999755620956,-0.09270687401294708,127.41252136230469,0.0366084948182106,1273.759033203125,5.9770965576171875
1,1109,-0.0560000017285347,0.015355382114648819,103.07351684570312,-0.002332216128706932,1030.7584228515625,6.658906936645508
1,1110,0.0,-0.06977712363004684,116.84530639648438,0.006010516546666622,1168.392822265625,6.13057804107666
1,1111,-0.1720000058412552,0.014816331677138805,102.36932373046875,-0.01899624615907669,1023.8832397460938,6.43843936920166
1,1112,-1.1239999532699585,-0.013626154512166977,142.4526824951172,-0.000589092611335218,1424.53271484375,5.004366397857666
1,1113,-0.14800000190734863,-0.003284475300461054,95.99720764160156,-0.006092080380767584,960.0330200195312,6.4122233390808105
1,1114,0.0,0.003161296248435974,126.56529998779297,-0.00969509594142437,1265.7498779296875,6.416438102722168
1,1115,-0.9919999837875366,-0.00041295061237178743,138.78744506835938,-0.0015459345886483788,1387.8900146484375,5.896587371826172
1,1116,-0.10999999940395355,0.007288933265954256,101.49090576171875,-0.02048618718981743,1015.1138916015625,6.351253509521484
1,1117,-0.1459999978542328,-0.003274038899689913,165.80868530273438,-0.0026299336459487677,1658.113037109375,6.7585601806640625
1,1118,-0.09799999743700027,0.002648239256814122,120.27250671386719,-0.011908963322639465,1202.8441162109375,6.489058494567871
1,1119,-0.18400000035762787,-0.0035799823235720396,107.416015625,-0.0011563238222151995,1074.171630859375,6.0672173500061035
1,1120,-0.6700000166893005,0.007841895334422588,120.33808135986328,-0.0014779791235923767,1203.3956298828125,6.7475690841674805
1,1121,0.0,0.004408821929246187,94.51277160644531,-0.0032904508989304304,945.16064453125,6.392179489135742
1,1122,-0.18400000035762787,0.01368748489767313,113.95306396484375,-0.013643870130181313,1139.6669921875,6.257526397705078
1,1123,-0.10599999874830246,0.011087985709309578,112.40785217285156,-0.013925297185778618,1124.2177734375,6.300177097320557
1,1124,-0.30399999022483826,0.06992132216691971,113.19710540771484,-0.021550454199314117,1132.1865234375,6.497574806213379
1,1125,-0.07199999690055847,-0.0008129671914502978,149.2538299560547,-0.018770776689052582,1492.7259521484375,6.49373722076416
1,1126,-0.7919999957084656,-0.010473346337676048,140.72116088867188,-0.009500335901975632,1407.306396484375,6.545053482055664
1,1127,-0.17399999499320984,0.013886451721191406,105.84063720703125,-0.008141973055899143,1058.48779296875,6.393993377685547
1,1128,0.0,0.018794870004057884,112.81700134277344,-0.004509713966399431,1128.215087890625,6.653745651245117
1,1129,-0.09399999678134918,0.013653801754117012,97.61079406738281,-0.005531382281333208,976.1632080078125,6.244013786315918
1,1130,0.0,0.0061501688323915005,112.32102966308594,-0.0035773117560893297,1123.24609375,6.679723739624023
1,1131,-0.02199999988079071,0.007348386105149984,102.61125946044922,0.07150692492723465,1025.3974609375,6.066499710083008
1,1132,-0.13199999928474426,0.003528489265590906,106.35454559326172,-0.006429967936128378,1063.6097412109375,6.379709243774414
1,1133,-0.10400000214576721,-0.017431208863854408,99.0076675415039,0.023065529763698578,989.8460083007812,6.027060508728027
1,1134,-0.46399998664855957,0.0028968723490834236,132.03489685058594,-1.4196491974871606e-05,1320.3489990234375,6.693736553192139
1,1135,-0.10400000214576721,0.01383690070360899,117.0036392211914,-0.004340811166912317,1170.0797119140625,6.101949214935303
1,1136,-0.1979999989271164,0.007843220606446266,105.23141479492188,-0.006998630706220865,1052.384033203125,6.238315582275391
1,1137,0.0,-0.05209873616695404,89.63064575195312,-0.005773826036602259,896.3641967773438,6.122051239013672
1,1138,-0.12800000607967377,0.0022387078497558832,105.48554992675781,-0.010655212216079235,1054.9619140625,6.316595077514648
1,1139,-0.4099999964237213,-0.005700188223272562,124.90826416015625,-0.0007504684617742896,1249.090087890625,6.696206092834473
1,1140,-0.3059999942779541,0.01620948500931263,103.48683166503906,0.009161853231489658,1034.776611328125,6.28273344039917
1,1141,-0.6100000143051147,0.003695123828947544,99.0099868774414,-0.0006409399211406708,990.106201171875,6.66442346572876
1,1142,-0.9679999947547913,0.007015943992882967,139.27655029296875,-0.0010294988751411438,1392.77587890625,6.713745594024658
1,1143,-0.06400000303983688,0.001312603009864688,104.78857421875,-0.00016796961426734924,1047.887451171875,6.247610569000244
1,1144,-0.08799999952316284,0.027954870834946632,112.929443359375,-0.021274888888001442,1129.507080078125,6.355316638946533
1,1145,-0.906000018119812,-0.0004734974936582148,136.59515380859375,-8.884071576176211e-05,1365.952392578125,6.700833320617676
1,1146,-0.12200000137090683,-0.0035419119521975517,104.91951751708984,-0.00010242406278848648,1049.1961669921875,6.16254997253418
1,1147,-0.05400000140070915,-0.016769835725426674,117.34617614746094,0.06145527958869934,1172.84716796875,6.198544502258301
1,1148,-0.20200000703334808,0.008717467077076435,105.91053009033203,-0.009284562431275845,1059.1981201171875,6.211706161499023
1,1149,0.0,-0.015872355550527573,104.84204864501953,0.020984996110200882,1048.210693359375,6.108686447143555
1,1150,0.0,0.021774204447865486,106.53881072998047,-0.01550358161330223,1065.5430908203125,6.2672929763793945
1,1151,1.0,-0.0037339390255510807,109.04296875,0.012960017658770084,1090.300048828125,6.143963813781738
1,1152,0.0,-0.006229588761925697,125.55240631103516,0.00844945851713419,1255.4395751953125,6.182678699493408
1,1153,-0.1340000033378601,0.0038088737055659294,97.65697479248047,-0.008242372423410416,976.6521606445312,6.3310465812683105
1,1154,-0.527999997138977,-0.0015320193488150835,142.2726287841797,-0.0007302697049453855,1422.733642578125,6.722093105316162
1,1155,-0.3580000102519989,0.011850634589791298,99.78494262695312,-0.014480775222182274,997.9942016601562,6.251046180725098
1,1156,-0.06400000303983688,-0.042818039655685425,102.36289978027344,0.6090876460075378,1017.5380859375,5.945136070251465
1,1157,-0.28200000524520874,0.018496792763471603,108.59791564941406,-0.0009839832782745361,1085.989013671875,6.204455852508545
1,1158,0.0,0.00204811105504632,120.95285034179688,0.0018232677830383182,1209.51025390625,6.686196327209473
1,1159,-0.1979999989271164,0.013427788391709328,114.1112060546875,-0.016359742730855942,1141.275634765625,6.259044647216797
1,1160,-0.28200000524520874,0.008404573425650597,104.91506958007812,-0.019166970625519753,1049.34228515625,6.2815327644348145
1,1161,-0.08799999952316284,-0.0009966539219021797,166.55921936035156,-0.0002082133141811937,1665.59423828125,6.739007949829102
1,1162,-0.1679999977350235,-0.03065519407391548,118.5916519165039,0.11308550089597702,1184.78564453125,5.925119400024414
1,1163,-0.10999999940395355,-0.0013160398229956627,113.3344497680664,-0.002807966899126768,1133.37255859375,6.153377056121826
1,1164,-0.10999999940395355,0.009367996826767921,127.93778991699219,-0.020029133185744286,1279.578125,6.213130950927734
1,1165,-0.7720000147819519,-0.011948863975703716,135.0504150390625,0.0023558586835861206,1350.48046875,5.185683727264404
1,1166,-0.02800000086426735,-0.04997292906045914,115.81181335449219,0.08682882785797119,1157.249755859375,6.020995140075684
1,1167,-0.6420000195503235,0.008958435617387295,106.75135040283203,-0.0013518978375941515,1067.5269775390625,6.684327602386475
1,1168,-0.1679999977350235,-0.11902964115142822,97.88404846191406,0.03800341859459877,978.46044921875,5.858813285827637
1,1169,-0.9700000286102295,0.0199475958943367,126.31050109863281,-0.0019858379382640123,1263.124755859375,6.750136852264404
1,1170,-0.10000000149011612,-0.0074729835614562035,126.59868621826172,0.001250861445441842,1265.974365234375,6.420918941497803
1,1171,0.0,0.023250386118888855,103.47923278808594,-0.021638914942741394,1035.0086669921875,6.276086807250977
1,1172,-0.07000000029802322,0.011397186666727066,114.29852294921875,-0.0014631827361881733,1142.999755859375,6.300807952880859
1,1173,0.0,-0.005497393663972616,156.6998291015625,-0.0007540631922893226,1567.0057373046875,6.709359169006348
1,1174,0.0,0.014368599280714989,121.56126403808594,-0.009629795327782631,1215.708984375,6.320904731750488
1,1175,-0.1979999989271164,0.00020205893088132143,105.41191101074219,-0.006431511603295803,1054.1834716796875,6.3107123374938965
1,1176,-0.08799999952316284,0.0028557367622852325,102.05492401123047,-0.00864038709551096,1020.6356201171875,6.438310623168945
1,1177,0.0,0.012042626738548279,64.58425903320312,-0.008072013035416603,645.9232788085938,6.232203483581543
1,1178,-1.1799999475479126,-0.034785956144332886,160.7298583984375,-0.022503800690174103,1607.523681640625,4.589176177978516
1,1179,-0.10400000214576721,0.005957499146461487,113.51240539550781,0.005395319312810898,1135.070068359375,6.37145471572876
1,1180,-0.46799999475479126,0.032766904681921005,107.45774841308594,-0.027153057977557182,1074.84912109375,6.4630446434021
1,1181,-0.11800000071525574,-0.012050667777657509,101.3509292602539,0.009887885302305222,1013.410400390625,6.1647138595581055
1,1182,-0.23999999463558197,0.019787702709436417,111.91209411621094,-0.013362547382712364,1119.2545166015625,6.435202121734619
1,1183,-0.18799999356269836,-0.021868295967578888,111.33808898925781,0.05701371282339096,1112.810791015625,6.031655311584473
1,1184,-0.22200000286102295,0.01947624981403351,111.18798065185547,-0.019619524478912354,1112.075927734375,6.378388404846191
1,1185,-0.01600000075995922,-0.011139865964651108,109.17288208007812,0.0473550483584404,1091.25537109375,6.249605655670166
1,1186,0.0,0.012200207449495792,89.93701171875,-0.001759455888532102,899.3876953125,6.706995964050293
1,1187,-0.1459999978542328,0.027320723980665207,113.1783218383789,-0.00297923618927598,1131.81298828125,6.301296234130859
1,1188,0.0,-0.00907121878117323,133.282958984375,0.0004925519460812211,1332.82470703125,6.681323528289795
1,1189,-0.765999972820282,0.007024657912552357,115.61983489990234,-0.001587503938935697,1156.2142333984375,6.707686901092529
1,1190,-0.01600000075995922,-0.0006780641851946712,103.05453491210938,0.10614512115716934,1029.48388671875,6.109537601470947
1,1191,0.0,0.0013438991736620665,105.12310028076172,0.064373679459095,1050.587158203125,6.210365295410156
1,1192,-0.2240000069141388,0.00867441389709711,118.58707427978516,0.00022954028099775314,1185.868408203125,6.363165855407715
1,1193,-0.05400000140070915,-0.0061984676867723465,107.59664916992188,0.0035623100120574236,1075.930908203125,6.267733097076416
1,1194,-0.31200000643730164,0.01028420776128769,106.2051010131836,0.0023012799210846424,1062.028076171875,6.268915176391602
1,1195,-1.0019999742507935,0.007988033816218376,136.79486083984375,-0.001306650578044355,1367.961669921875,6.652647018432617
1,1196,-1.1080000400543213,-0.005539694335311651,141.8494415283203,0.0011019923258572817,1418.4833984375,5.084028244018555
1,1197,-0.18000000715255737,-0.007411146070808172,100.92523193359375,-0.0010318999411538243,1009.2626342773438,6.078978538513184
1,1198,-0.9259999990463257,0.0018834786023944616,131.44007873535156,-0.0024536382406949997,1314.42529296875,6.702427864074707
1,1199,-0.004000000189989805,0.009449035860598087,130.24932861328125,-0.007529779337346554,1302.568603515625,6.108816146850586
1,1200,-0.07199999690055847,0.012872191146016121,90.87246704101562,-0.011639164760708809,908.841064453125,6.280307769775391
1,1201,0.0,0.0066970959305763245,94.09334564208984,-0.0014639608561992645,940.9480590820312,6.672834873199463
1,1202,-0.24799999594688416,0.00814398005604744,93.82208251953125,-0.009830622002482414,938.3192138671875,6.246729850769043
1,1203,0.0,-0.003208504058420658,103.5821762084961,-0.011771117337048054,1035.939453125,6.319509983062744
1,1204,0.0,-0.019881775602698326,115.47747802734375,0.03388135880231857,1154.43603515625,6.170952796936035
1,1205,-0.9440000057220459,-0.004635353107005358,140.83340454101562,0.0011075399816036224,1408.3228759765625,6.048048973083496
1,1206,-0.0560000017285347,0.010195672512054443,114.64295196533203,-0.013942765071988106,1146.5689697265625,6.477545738220215
1,1207,0.0,0.020307142287492752,101.38697052001953,0.003009216161444783,1013.839599609375,6.21408748626709
1,1208,-0.9900000095367432,0.007570616435259581,140.009521484375,-0.00012647858238779008,1400.096435546875,6.745302200317383
1,1209,-0.39399999380111694,0.0011485987342894077,157.02296447753906,-0.005793804302811623,1570.28759765625,6.709866046905518
1,1210,-0.06400000303983688,-0.007459155283868313,158.61590576171875,-0.02172969840466976,1586.376220703125,6.5762248039245605
1,1211,0.0,-0.0028159222565591335,103.11434936523438,0.0003772196650970727,1031.1396484375,6.148857593536377
1,1212,0.0,0.05075955390930176,102.42668151855469,-0.008362801745533943,1024.3504638671875,6.444583415985107
1,1213,-0.44200000166893005,0.0124119957908988,155.60986328125,-0.010365436784923077,1556.2022705078125,5.9997453689575195
1,1214,0.0,-0.005251502618193626,108.67806243896484,0.009422616101801395,1086.6864013671875,6.133989334106445
1,1215,-0.722000002861023,0.002812344813719392,109.15284729003906,-0.0015033066738396883,1091.5435791015625,6.708347320556641
1,1216,0.0,0.01192875299602747,74.0352783203125,-0.001996898790821433,740.3726806640625,6.243629455566406
1,1217,-0.026000000536441803,0.016016796231269836,152.49166870117188,5.731155033572577e-05,1524.916015625,6.714300155639648
1,1218,-0.20000000298023224,0.0796039029955864,118.13795471191406,0.10074809193611145,1180.3720703125,6.37973165512085
1,1219,0.0,-0.001162657979875803,113.43025207519531,0.0030375802889466286,1134.272216796875,6.69224214553833
1,1220,-0.1860000044107437,0.010822780430316925,104.90391540527344,-0.007142256945371628,1049.110595703125,5.962228298187256
1,1221,-0.33000001311302185,0.0061891693621873856,118.65599060058594,-0.002375652315095067,1186.5836181640625,6.676289081573486
1,1222,-1.062000036239624,0.015657437965273857,124.96351623535156,-0.0033058994449675083,1249.668212890625,6.707107067108154
1,1223,-0.9700000286102295,0.06758320331573486,92.10191345214844,-0.04744717851281166,921.4935302734375,4.546407699584961
1,1224,-0.9279999732971191,-0.0059640975669026375,146.48007202148438,0.0019814977422356606,1464.781005859375,6.064833641052246
1,1225,-0.3619999885559082,-0.007375551853328943,168.19480895996094,-0.019128473475575447,1682.139404296875,6.4465179443359375
1,1226,-0.026000000536441803,-0.014889647252857685,117.99407958984375,0.001891834894195199,1179.921875,6.6513190269470215
1,1227,-0.06199999898672104,-0.014545118436217308,122.8706283569336,0.5931492447853088,1222.7747802734375,5.746480464935303
1,1228,-0.20999999344348907,0.020568018779158592,131.44598388671875,-0.0012452400987967849,1314.47216796875,6.6773247718811035
1,1229,-0.07599999755620956,-0.015942975878715515,99.35128784179688,0.23077920079231262,991.2051391601562,6.127317428588867
1,1230,-1.0299999713897705,-0.09179425984621048,147.1575927734375,0.029889699071645737,1471.277099609375,4.552536964416504
1,1231,-0.041999999433755875,-0.014562714844942093,108.34307861328125,-0.0005450774333439767,1083.4361572265625,6.119234085083008
1,1232,-0.5479999780654907,-0.007719698362052441,102.97509765625,-0.0005096743698231876,1029.756103515625,6.639166831970215
1,1233,-0.1340000033378601,0.007321930956095457,107.35304260253906,-0.002528664655983448,1073.5556640625,6.213634967803955
1,1234,0.0,-0.007513333112001419,123.49767303466797,0.001782868755981326,1234.958740234375,6.636678695678711
1,1235,0.0,0.02104589156806469,109.07350158691406,-0.021055832505226135,1090.945556640625,6.301985740661621
1,1236,-0.3779999911785126,0.021654000505805016,105.97240447998047,-0.010676591657102108,1059.830810546875,6.1852922439575195
1,1237,0.0,-0.016634851694107056,112.86786651611328,-0.0074591063894331455,1128.7532958984375,6.073976516723633
1,1238,-0.16599999368190765,-0.0011360598728060722,111.67913055419922,-0.011771107092499733,1116.908935546875,6.094256401062012
1,1239,-0.1899999976158142,-0.13447386026382446,110.17497253417969,0.33792126178741455,1098.37060546875,5.880863189697266
1,1240,-0.11400000005960464,-0.07689228653907776,163.73129272460938,-0.023493029177188873,1637.5478515625,4.575281143188477
1,1241,0.0,-0.004320541862398386,145.63973999023438,0.001299808849580586,1456.38427734375,6.662623405456543
1,1242,0.0,-0.011631123721599579,144.2533416748047,0.0005636587156914175,1442.52783203125,6.662226676940918
1,1243,-1.0140000581741333,-0.0009940739255398512,143.352294921875,-0.003610550193116069,1433.558837890625,6.4049177169799805
1,1244,-0.1679999977350235,0.013901565223932266,113.39030456542969,0.008271033875644207,1133.8203125,6.181840896606445
1,1245,0.0,0.0008976308163255453,102.98663330078125,-0.0009007264161482453,1029.875244140625,6.242613315582275
1,1246,-0.1340000033378601,0.003553485032171011,104.63236999511719,-0.0049544284120202065,1046.373291015625,6.216776371002197
1,1247,-0.7860000133514404,-0.002206054050475359,117.78158569335938,-0.0005937268142588437,1177.82177734375,6.702434539794922
1,1248,-0.00800000037997961,-0.026997359469532967,106.46388244628906,0.01726469211280346,1064.466064453125,6.092554092407227
1,1249,-0.1340000033378601,0.06676405668258667,131.7113494873047,-0.0084866713732481,1317.1983642578125,4.593858242034912
1,1250,-0.7739999890327454,0.03984026983380318,132.17489624023438,-0.003607833292335272,1321.784912109375,6.754715919494629
1,1251,-0.21799999475479126,-0.08183498680591583,106.55393981933594,0.15090741217136383,1064.0302734375,5.9629693031311035
1,1252,-0.06199999898672104,0.04023485630750656,87.94420623779297,0.04170665144920349,879.0249633789062,6.162024021148682
1,1253,-0.4099999964237213,0.06822026520967484,99.75645446777344,0.28199711441993713,994.7445068359375,6.210241794586182
1,1254,-0.18400000035762787,-0.008830511011183262,108.69427490234375,0.0463973805308342,1086.478759765625,6.021973133087158
1,1255,-0.3619999885559082,0.08181963115930557,102.65672302246094,0.11661149561405182,1025.401123046875,6.328145503997803
1,1256,-0.052000001072883606,0.05898972600698471,100.38279724121094,0.012823504395782948,1003.6996459960938,6.318498611450195
1,1257,0.0,-0.007184618152678013,118.76536560058594,-0.0007674283115193248,1187.661376953125,6.762297630310059
1,1258,-0.20600000023841858,0.006666697096079588,137.244140625,-0.01680842787027359,1372.609619140625,4.645464897155762
2,0,-0.4300000071525574,0.017051614820957184,97.01958465576172,0.08002962172031403,969.3955078125,6.210771560668945
2,1,0.0,0.022360648959875107,106.80416870117188,0.07972625643014908,1067.244384765625,6.459514141082764
2,2,0.0,-0.006875697057694197,118.75363159179688,-0.0015606586821377277,1187.552001953125,6.742973327636719
2,3,0.0,0.009511073119938374,113.7907943725586,-0.004992497619241476,1137.957763671875,6.756352424621582
2,4,-0.052000001072883606,0.029849186539649963,106.42755126953125,0.037658292800188065,1063.89892578125,6.306063175201416
2,5,-0.07199999690055847,0.0017915671924129128,96.19554138183594,0.19872917234897614,959.9680786132812,6.064701557159424
2,6,-0.01600000075995922,0.013648152351379395,100.90505981445312,0.06998225301504135,1008.3507080078125,5.985710144042969
2,7,-0.7559999823570251,0.002655231626704335,105.82316589355469,-0.0008681738981977105,1058.2403564453125,6.716890335083008
2,8,-1.0679999589920044,0.0038723412435501814,139.0343017578125,0.002988967811688781,1390.31298828125,6.471209526062012
2,9,0.0,0.004376751370728016,105.87471008300781,0.09218976646661758,1057.8251953125,6.055458068847656
2,10,-0.8479999899864197,0.0012468546628952026,135.4506072998047,-0.00031780701829120517,1354.50927734375,6.751067161560059
2,11,0.0,0.002640028949826956,132.41258239746094,-0.0036255796439945698,1324.162109375,6.689436912536621
2,12,-0.7480000257492065,0.01767658442258835,114.408447265625,-0.00288895471021533,1144.1134033203125,6.6724114418029785
2,13,-0.09000000357627869,-0.03626026213169098,113.84874725341797,0.30947166681289673,1135.3927001953125,5.978257179260254
2,14,-0.026000000536441803,-0.00458295876160264,111.17443084716797,0.0029072307515889406,1111.7152099609375,6.641739845275879
2,15,-0.7760000228881836,0.00571177015081048,130.03570556640625,-0.00063224759651348,1300.3634033203125,6.670589447021484
2,16,-0.9559999704360962,0.008931823074817657,140.00717163085938,-0.0018576569855213165,1400.0902099609375,6.641429901123047
2,17,-0.18400000035762787,-0.03539622202515602,103.11288452148438,0.10005880147218704,1030.128173828125,5.6515793800354
2,18,-0.1080000028014183,-0.03667125850915909,109.65180969238281,0.04545959085226059,1096.0634765625,6.067778587341309
2,19,-0.04399999976158142,-0.0016986581031233072,162.7225799560547,-0.012854406610131264,1627.354248046875,5.757961273193359
2,20,-0.33399999141693115,0.015452507883310318,99.2907485961914,-0.017172573134303093,993.0792236328125,6.138725757598877
2,21,-0.9639999866485596,0.007016683463007212,140.377197265625,-0.0010405443608760834,1403.782470703125,6.639929294586182
2,22,0.0,0.0012263467069715261,113.35993194580078,-0.005492009222507477,1133.6541748046875,6.2080841064453125
2,23,-0.057999998331069946,-0.01882210746407509,116.00138854980469,0.07018294930458069,1159.31201171875,6.067654132843018
2,24,-0.906000018119812,-0.011225292459130287,135.19854736328125,0.002232976257801056,1351.9630126953125,6.690284729003906
2,25,0.0,-0.03727162256836891,103.18865966796875,0.0003862300654873252,1031.8826904296875,5.88548469543457
2,26,-0.02199999988079071,0.013364515267312527,106.74620056152344,-0.008999411016702652,1067.552001953125,6.248025417327881
2,27,-0.1979999989271164,-0.0033805922139436007,146.19052124023438,0.0016127582639455795,1461.888916015625,6.714969158172607
2,28,0.0,0.004908076487481594,111.70838928222656,-0.00229821540415287,1117.1068115234375,6.672421932220459
2,29,-0.04399999976158142,-0.048363421112298965,96.3218002319336,0.48675668239593506,958.3504638671875,5.904231071472168
2,30,-0.019999999552965164,0.005723117850720882,103.12495422363281,0.03535474091768265,1030.89599609375,5.906270503997803
2,31,-0.06199999898672104,-0.0320826955139637,116.2253646850586,0.8524140119552612,1153.7294921875,5.916199207305908
2,32,-0.09399999678134918,0.02612954005599022,170.5797576904297,0.01998826116323471,1705.59765625,6.661932945251465
2,33,-0.7300000190734863,-0.0008256671135313809,113.23237609863281,-0.00042065727757290006,1132.3280029296875,6.673165321350098
2,34,-0.1459999978542328,0.0075561595149338245,116.62008666992188,-0.0021389343310147524,1166.2222900390625,6.600775718688965
2,35,0.0,0.01270248368382454,107.03775787353516,-0.004899564664810896,1070.426513671875,6.607259750366211
2,36,-0.10999999940395355,0.01671741157770157,108.35365295410156,-0.0007807885995134711,1083.544189453125,6.123010635375977
2,37,-0.14000000059604645,0.002201241906732321,107.48052978515625,0.004745953716337681,1074.7578125,6.264460563659668
2,38,-0.12800000607967377,-0.003301044227555394,96.98530578613281,-0.005449810065329075,969.907470703125,6.126387596130371
2,39,-0.19599999487400055,0.04322069138288498,124.16168212890625,-0.001623119693249464,1241.633056640625,6.500768184661865
2,40,-1.1119999885559082,-0.009157420136034489,140.29698181152344,-0.0006637399783357978,1402.9764404296875,6.710026741027832
2,41,0.0,-0.013924689032137394,132.62454223632812,-0.003517893608659506,1326.28076171875,6.673091411590576
2,42,-0.8140000104904175,0.007313251961022615,125.86936950683594,-0.0014333227882161736,1258.7080078125,6.664068698883057
2,43,-0.9739999771118164,0.013394487090408802,134.51797485351562,-0.0022819333244115114,1345.202392578125,6.7108612060546875
2,44,-0.09000000357627869,0.004992600530385971,95.99383544921875,0.043544478714466095,959.5028686523438,6.201957702636719
2,45,0.0,0.0017086711013689637,135.48670959472656,-0.0017737478483468294,1354.8848876953125,6.689688682556152
2,46,-0.27799999713897705,0.007663050666451454,140.76287841796875,-0.004013673402369022,1407.6689453125,6.682612419128418
2,47,0.0,-0.00852506048977375,168.99789428710938,-0.0008127301116473973,1689.987060546875,6.689952850341797
2,48,-0.24799999594688416,-0.06516815721988678,109.2933349609375,0.047728605568408966,1092.4560546875,5.638150215148926
2,49,-0.06599999964237213,-0.07843920588493347,108.52742004394531,0.46770918369293213,1080.5970458984375,5.700701713562012
2,50,0.0,0.0009444591123610735,147.65771484375,1.7218189896084368e-05,1476.576904296875,6.705939769744873
2,51,0.0,-0.07347434759140015,87.7640380859375,0.31835904717445374,874.456787109375,5.874505996704102
2,52,-0.26600000262260437,0.012733545154333115,102.03515625,0.0013592620380222797,1020.3379516601562,6.174197196960449
2,53,-0.0860000029206276,-0.0023661640007048845,107.2626724243164,-0.014878643676638603,1072.7755126953125,6.126379489898682
2,54,-0.23600000143051147,-0.0022607683204114437,166.96621704101562,-0.001550444751046598,1669.6776123046875,6.72793436050415
2,55,-0.03799999877810478,-0.03460932523012161,109.92732238769531,0.705470085144043,1092.218505859375,5.818655014038086
2,56,-0.05400000140070915,0.021294036880135536,113.76481628417969,-0.00660352036356926,1137.714111328125,6.0083770751953125
2,57,-0.0020000000949949026,0.008896551094949245,107.35266876220703,0.030320417135953903,1073.223388671875,6.131108283996582
2,58,0.0,-0.0576726533472538,112.62434387207031,0.026493918150663376,1125.978515625,5.896790504455566
2,59,0.0,-0.038654107600450516,104.66586303710938,-0.004541253205388784,1046.7041015625,5.765144348144531
2,60,-0.1080000028014183,-0.0319475494325161,98.82997131347656,0.022182904183864594,988.0779418945312,6.1130475997924805
2,61,-0.1720000058412552,-0.01690489798784256,94.57453918457031,0.021159688010811806,945.5338134765625,6.007524013519287
2,62,-0.0860000029206276,-0.008578997105360031,103.14970397949219,0.035048212856054306,1031.1466064453125,6.06185245513916
2,63,0.0,-0.11849552392959595,48.27875518798828,0.10332261770963669,481.75433349609375,5.852989673614502
2,64,-0.2540000081062317,-0.41493114829063416,52.367576599121094,0.009334389120340347,523.5823974609375,5.574229717254639
2,65,-0.33399999141693115,-0.023500265553593636,89.57894897460938,0.25922003388404846,893.197265625,6.343672752380371
2,66,-0.15600000321865082,0.000387081439839676,114.81304931640625,0.04798220843076706,1147.650634765625,6.299098968505859
2,67,0.0,-0.01431299839168787,108.43758392333984,-0.0008327589021064341,1084.3841552734375,6.696041584014893
2,68,-0.15000000596046448,-0.013590680435299873,112.79811096191406,-0.008978200145065784,1128.0709228515625,6.013584613800049
2,69,-0.20399999618530273,0.019688213244080544,101.55841064453125,-0.01700592413544655,1015.754150390625,6.244204998016357
2,70,-0.9419999718666077,0.001773964031599462,132.08438110351562,-0.002105186926200986,1320.864990234375,6.769131660461426
2,71,-0.8460000157356262,0.01309553999453783,133.98272705078125,-0.004427596461027861,1339.8714599609375,6.7461113929748535
2,72,-0.3440000116825104,0.012509163469076157,108.85877990722656,-0.0011350681306794286,1088.59912109375,6.697120666503906
2,73,-0.07599999755620956,0.0008086522575467825,90.22232818603516,0.0017772138817235827,902.2054443359375,6.077051639556885
2,74,0.0,0.002082918770611286,106.38404846191406,0.00033141515450552106,1063.837158203125,6.167402267456055
2,75,-0.1420000046491623,-0.014346905052661896,111.34622955322266,0.17875778675079346,1111.6746826171875,5.999617576599121
2,76,0.0,-0.007681699004024267,124.5811767578125,0.014947009272873402,1245.662353515625,5.993039131164551
2,77,-0.765999972820282,0.014890868216753006,114.70732116699219,-0.004034360870718956,1147.113525390625,6.701284408569336
2,78,-0.11599999666213989,0.0009716128115542233,107.51463317871094,-0.008488879539072514,1075.231201171875,6.228002548217773
2,79,-0.25200000405311584,0.027380719780921936,130.86842346191406,0.03628076612949371,1308.3214111328125,6.0744781494140625
2,80,-0.16599999368190765,-0.009812159463763237,98.40640258789062,0.022489339113235474,983.839111328125,5.972818374633789
2,81,-0.20000000298023224,0.04616706445813179,112.04058837890625,0.10801753401756287,1119.32568359375,6.377099514007568
2,82,-0.20399999618530273,-0.003570819040760398,156.1396942138672,-0.0022413446567952633,1561.4193115234375,6.77423095703125
2,83,-0.3240000009536743,0.037055473774671555,107.38050842285156,0.12076685577630997,1072.597412109375,6.330746650695801
2,84,-0.9440000057220459,0.0061906613409519196,143.25088500976562,-0.004243170842528343,1432.551025390625,6.655483245849609
2,85,-0.09600000083446503,0.008096851408481598,99.08273315429688,-0.008883052505552769,990.9161376953125,6.2488250732421875
2,86,-0.5640000104904175,0.0049064583145082,129.55223083496094,-0.001202804851345718,1295.534423828125,6.707801818847656
2,87,0.0,0.002481867792084813,112.04418182373047,0.04931379109621048,1119.94873046875,6.073482990264893
2,88,0.0,-0.002335055498406291,172.83602905273438,0.0008185604820027947,1728.35205078125,6.724114418029785
2,89,-0.0820000022649765,-0.017476992681622505,112.66726684570312,0.2724228799343109,1123.948486328125,5.957455635070801
2,90,-0.35600000619888306,0.004207856021821499,167.72776794433594,-0.0005278720054775476,1677.2830810546875,5.685898780822754
2,91,-0.3499999940395355,-0.01714828610420227,100.58312225341797,0.038187965750694275,1005.4492797851562,6.079432010650635
2,92,-0.07400000095367432,-0.0034474649000912905,147.4901123046875,-0.0006170306587591767,1474.9072265625,6.663402080535889
2,93,0.0,0.006584599614143372,129.47247314453125,-0.006386629305779934,1294.78857421875,6.635051250457764
2,94,-0.17399999499320984,0.0035644983872771263,163.32009887695312,-0.02143825776875019,1633.4154052734375,6.547901153564453
2,95,-0.04399999976158142,0.015468199737370014,169.72018432617188,-0.01892595738172531,1697.39111328125,5.888409614562988
2,96,-0.17800000309944153,0.002801798516884446,98.90359497070312,-0.007071081083267927,989.106689453125,6.269596099853516
2,97,0.0,0.008165750652551651,118.18299865722656,0.4618290364742279,1177.211669921875,6.025032997131348
2,98,0.0,0.0114144803956151,114.88862609863281,0.0029453947208821774,1148.85693359375,6.669686794281006
2,99,-0.035999998450279236,0.017377134412527084,116.17163848876953,-0.0019262541318312287,1161.7357177734375,6.685852527618408
2,100,-0.3140000104904175,-0.0045086052268743515,93.24658203125,0.009308723732829094,932.372802734375,5.977031707763672
2,101,0.0,-0.013334397226572037,152.45925903320312,0.0002188830985687673,1524.59033203125,6.643035888671875
2,102,-0.06199999898672104,0.1396234631538391,123.35599517822266,2.5962789058685303,1207.5970458984375,5.453728199005127
2,103,-0.9139999747276306,-0.03194405138492584,135.32740783691406,0.016059769317507744,1353.113525390625,6.464407444000244
2,104,-0.21799999475479126,0.004787829704582691,130.06820678710938,0.007683129049837589,1300.605224609375,6.656111717224121
2,105,0.0,0.005968047771602869,140.90280151367188,-0.002979334443807602,1409.057861328125,6.623801231384277
2,106,0.0,-0.004610075149685144,182.69290161132812,-0.009371861815452576,1827.0225830078125,6.681792736053467
2,107,0.0,-0.0457446426153183,115.73355102539062,-0.013210522010922432,1157.4676513671875,5.405888557434082
2,108,-0.9639999866485596,0.018779294565320015,140.79818725585938,-0.008827823214232922,1408.070068359375,6.6102166175842285
2,109,0.0,-0.02254430390894413,111.652587890625,-0.010136846452951431,1116.627197265625,5.884354591369629
2,110,-0.11800000071525574,-0.05052131414413452,115.54963684082031,-0.015183750540018082,1155.648193359375,5.822186470031738
2,111,-0.00800000037997961,0.033029183745384216,129.48464965820312,-0.01789667271077633,1295.025390625,6.65500545501709
2,112,-0.15000000596046448,-0.019564205780625343,112.822998046875,-0.00562727777287364,1128.2861328125,5.834710597991943
2,113,0.0,-0.029010696336627007,122.11051177978516,0.0021834946237504482,1221.083251953125,5.97795295715332
2,114,-0.1679999977350235,0.004547958727926016,94.17770385742188,-0.008394142612814903,941.8609619140625,5.979987144470215
2,115,-0.11599999666213989,0.010151281021535397,127.01144409179688,-0.003016557777300477,1270.14453125,6.682526588439941
2,116,0.0,0.012556753121316433,118.9486312866211,-0.0032107948791235685,1189.518310546875,6.684657096862793
2,117,-0.25600001215934753,-0.019631313160061836,84.93644714355469,0.00620197644457221,849.302490234375,5.877713203430176
2,118,-0.1340000033378601,-0.009817996993660927,102.5343017578125,0.022732984274625778,1025.11572265625,5.795269012451172
2,119,-0.08799999952316284,-0.0015398969408124685,105.78691864013672,-0.008171412162482738,1057.950927734375,5.8417510986328125
2,120,-0.21400000154972076,-0.002618471859022975,146.1089630126953,0.0006787681486457586,1461.082763671875,6.763751983642578
2,121,0.0,-0.05461925268173218,122.86650085449219,-0.017337989062070847,1228.83837890625,5.435556888580322
2,122,-0.3619999885559082,-0.001236259238794446,152.6025848388672,-0.0020573479123413563,1526.04638671875,6.763651371002197
2,123,-0.20399999618530273,0.00017027612193487585,133.67501831054688,-0.0012998664751648903,1336.76318359375,6.73938512802124
2,124,-0.00800000037997961,-0.002383273793384433,177.33883666992188,-0.0075512416660785675,1773.4637451171875,6.747156143188477
2,125,-0.12800000607967377,0.0036083017475903034,100.74131774902344,0.008596023544669151,1007.3271484375,6.27950382232666
2,126,-0.019999999552965164,0.006264981348067522,105.46575164794922,-0.001090188859961927,1054.66845703125,6.109042644500732
2,127,-0.07599999755620956,-0.006561578717082739,116.78532409667969,0.004816891625523567,1167.804931640625,6.069701194763184
2,128,-0.2160000056028366,0.03099764510989189,102.53917694091797,0.015542258508503437,1025.236328125,6.229854583740234
2,129,-0.0860000029206276,-0.01464076153934002,106.52534484863281,0.008417712524533272,1065.1693115234375,6.186590194702148
2,130,0.0,-0.029001615941524506,94.35861206054688,-0.008812140673398972,943.6742553710938,5.962728023529053
2,131,-0.11800000071525574,-0.0032920432277023792,84.28340148925781,0.010010984726250172,842.7338256835938,6.234313011169434
2,132,0.0,-0.061033666133880615,107.50127410888672,0.21698491275310516,1072.8428955078125,5.879230499267578
2,133,0.0,-0.009794254787266254,116.47472381591797,-0.012822607532143593,1164.87548828125,5.928518295288086
2,134,-0.041999999433755875,0.016544032841920853,106.0809555053711,0.007427413947880268,1060.7353515625,6.298521041870117
2,135,0.0,-0.009247282519936562,79.18418884277344,0.004116910044103861,791.80078125,5.973433494567871
2,136,-0.6359999775886536,0.004646880552172661,108.07664489746094,-0.0005720146000385284,1080.7720947265625,6.711781978607178
2,137,-0.0820000022649765,0.005400387104600668,107.1632308959961,0.01979922689497471,1071.434326171875,6.356278419494629
2,138,0.0,0.004329015035182238,112.18505859375,0.03802561014890671,1121.47021484375,6.327899932861328
2,139,0.0,0.0031059198081493378,155.5735321044922,-5.430006785900332e-05,1555.7357177734375,6.776895999908447
2,140,0.0,0.012780647724866867,103.1131362915039,0.0051088472828269005,1031.0802001953125,6.2467041015625
2,141,-0.014000000432133675,0.01013233233243227,100.92689514160156,-0.007272109854966402,1009.3416748046875,6.34207010269165
2,142,-0.07599999755620956,0.01697002910077572,99.63318634033203,-0.0024389515165239573,996.356201171875,6.15649938583374
2,143,-0.5239999890327454,0.0008475655922666192,161.5223388671875,-0.003296996233984828,1615.2562255859375,6.726937294006348
2,144,0.0,0.026810849085450172,85.31465148925781,0.009779931977391243,853.0487060546875,6.246379852294922
2,145,-0.10000000149011612,-0.014208569191396236,102.72532653808594,0.010067610070109367,1027.152587890625,6.005866050720215
2,146,-0.057999998331069946,-0.04343559965491295,109.53547668457031,0.21454909443855286,1093.209228515625,5.966640949249268
2,147,-0.1080000028014183,0.0067083025351166725,109.54951477050781,0.6521507501602173,1088.9736328125,5.97344970703125
2,148,0.0,0.012697734870016575,130.7626953125,0.009704630821943283,1307.5299072265625,6.7110090255737305
2,149,-0.24400000274181366,0.010136405006051064,111.31676483154297,-0.0003878783609252423,1113.171630859375,6.706655502319336
2,150,-0.164000004529953,-0.06817259639501572,121.6590347290039,0.5137184858322144,1211.453125,5.632291793823242
2,151,-0.10599999874830246,-0.0008625730406492949,108.0914535522461,-0.00839097797870636,1080.9984130859375,6.125197410583496
2,152,-0.01600000075995922,-0.007112099789083004,92.61552429199219,0.02748272195458412,925.88037109375,6.05491304397583
2,153,-0.2460000067949295,-0.03261736407876015,109.54358673095703,0.1597156524658203,1093.838623046875,5.706298828125
2,154,0.0,0.005702391266822815,123.28813934326172,-0.004596858285367489,1232.9273681640625,6.712487697601318
2,155,-0.23800000548362732,0.0001660349516896531,160.67593383789062,-0.010473499074578285,1606.864013671875,6.722658157348633
2,156,0.0,-0.007094474509358406,104.67219543457031,0.0017989134648814797,1046.703857421875,6.074669361114502
2,157,-0.0020000000949949026,-0.012467009015381336,102.881103515625,0.0404353067278862,1028.4066162109375,6.0237345695495605
2,158,0.0,-0.0020695258863270283,124.18963623046875,-0.003839791752398014,1241.934814453125,6.665057182312012
2,159,0.0,0.007290386129170656,173.9830322265625,-0.008903437294065952,1739.9193115234375,6.698387145996094
2,160,0.0,-0.000974613125436008,148.29379272460938,-3.209837814210914e-05,1482.938232421875,6.678278923034668
2,161,-0.14399999380111694,-0.0054788049310445786,100.9736099243164,0.0013530678115785122,1009.7225341796875,5.767822265625
2,162,-0.9520000219345093,-0.0027838952373713255,141.303466796875,-0.0006372655625455081,1413.041015625,6.718355178833008
2,163,-0.11999999731779099,-0.011686159297823906,120.6434326171875,0.011066688224673271,1206.3236083984375,5.939411640167236
2,164,-0.18400000035762787,-0.025957714766263962,110.38091278076172,0.055697452276945114,1103.252197265625,5.877667427062988
2,165,0.0,-0.034577853977680206,96.38406372070312,0.004718078766018152,963.79345703125,5.968833923339844
2,166,-0.0820000022649765,-0.008420844562351704,109.29438781738281,0.0019518847111612558,1092.92431640625,6.140505313873291
2,167,0.0,0.04885081574320793,106.73190307617188,0.03639565408229828,1066.955078125,6.30429744720459
2,168,-0.03799999877810478,0.005279943346977234,127.36602783203125,-0.0023266547359526157,1273.68359375,6.678598880767822
2,169,0.0,0.036034878343343735,101.92654418945312,0.01532016508281231,1019.1121826171875,6.312044620513916
2,170,-0.13600000739097595,0.030308738350868225,109.54298400878906,0.023070134222507477,1095.1990966796875,6.155901908874512
2,171,-0.1340000033378601,0.029491953551769257,89.4429931640625,0.02061687968671322,894.2237548828125,6.084044456481934
2,172,-0.15800000727176666,0.011227596551179886,140.16001892089844,-0.0038451163563877344,1401.638427734375,6.752472877502441
2,173,-0.2280000001192093,0.005715157836675644,100.3489990234375,-0.010185987688601017,1003.591796875,6.0896148681640625
2,174,-0.0560000017285347,0.017156699672341347,79.41459655761719,-0.0011531453346833587,794.157470703125,6.172712802886963
2,175,-0.1899999976158142,-0.014493729919195175,136.67198181152344,-0.006833401042968035,1366.7882080078125,4.825983047485352
2,176,-0.24199999868869781,0.017843501642346382,120.16880798339844,0.05153438448905945,1201.172607421875,6.4147539138793945
2,177,-0.828000009059906,0.006215808913111687,129.49761962890625,-0.00015762199473101646,1294.977783203125,6.750357151031494
2,178,-0.7459999918937683,0.0019771696534007788,135.31454467773438,0.00016951437282841653,1353.1436767578125,6.748183250427246
2,179,-0.11400000005960464,0.0853545218706131,108.1463394165039,0.06490976363420486,1080.814208984375,6.343077659606934
2,180,-0.09000000357627869,-0.008845699951052666,149.22662353515625,0.0010133585892617702,1492.256103515625,6.703034400939941
2,181,0.0,0.011960925534367561,116.78929138183594,-0.002666191663593054,1167.919677734375,6.663312911987305
2,182,0.0,0.013425619341433048,103.3807601928711,0.08435632288455963,1032.964111328125,6.342491149902344
2,183,0.0,-0.01468915306031704,112.56001281738281,0.1603987216949463,1123.99609375,6.060886383056641
2,184,-0.03200000151991844,0.0013394391862675548,86.98161315917969,0.02609214186668396,869.55517578125,6.210694313049316
2,185,-0.019999999552965164,0.003230063710361719,141.41879272460938,0.0016688756877556443,1414.17138671875,6.704076766967773
2,186,-0.026000000536441803,-0.007945980876684189,111.71226501464844,0.012054797261953354,1117.001953125,5.881111145019531
2,187,0.0,-0.007190025877207518,97.03701782226562,0.20253919064998627,968.3447265625,6.003698348999023
2,188,-0.05400000140070915,-0.00271289492957294,146.9813690185547,0.00280092004686594,1469.78564453125,6.684669017791748
2,189,-0.14800000190734863,0.02417409047484398,101.6468505859375,0.03883301466703415,1016.080078125,6.340353012084961
2,190,0.0,0.0014606037875637412,120.95825958251953,-0.002544837538152933,1209.6080322265625,6.6800994873046875
2,191,-0.7540000081062317,0.015760935842990875,117.786865234375,-0.0020148393232375383,1177.8887939453125,6.664125442504883
2,192,-0.16200000047683716,-0.1683657467365265,62.35832214355469,0.025783061981201172,623.325439453125,5.819549560546875
2,193,0.0,0.15752531588077545,119.1689682006836,1.3902480602264404,1177.787109375,5.789044380187988
2,194,-0.3160000145435333,0.01059550791978836,97.05130767822266,0.22975997626781464,968.2154541015625,6.138997554779053
2,195,0.0,0.00804912019520998,151.81723022460938,-0.00038517857319675386,1518.17626953125,6.726640701293945
2,196,-0.12200000137090683,-0.013872689567506313,190.94505310058594,0.004264508374035358,1909.40771484375,6.771519660949707
2,197,-0.09799999743700027,-0.008603563532233238,104.40724182128906,-0.004519947804510593,1044.11767578125,6.273266792297363
2,198,-0.9039999842643738,0.0026221168227493763,139.46878051757812,-0.00479977997019887,1394.7357177734375,6.689428329467773
2,199,-0.09399999678134918,0.01268668845295906,116.3410415649414,-0.0025355385150760412,1163.435791015625,6.266444683074951
2,200,0.0,-0.029310518875718117,100.24043273925781,-0.0034942105412483215,1002.4392700195312,5.827362537384033
2,201,-0.33000001311302185,-0.03239307925105095,96.95912170410156,0.0055516245774924755,969.53564453125,5.582431793212891
2,202,-0.11999999731779099,-0.012782762758433819,102.1492919921875,0.03737417981028557,1021.1190795898438,6.028736114501953
2,203,-0.2460000067949295,-0.0014477838994935155,180.3894805908203,-0.024403052404522896,1804.1387939453125,6.495755672454834
2,204,-0.0560000017285347,-0.006643163505941629,103.29498291015625,-0.003255461109802127,1032.982421875,6.216989517211914
2,205,-0.1940000057220459,-0.15187698602676392,110.73120880126953,-0.02019455097615719,1107.5140380859375,5.692615985870361
2,206,-0.0820000022649765,-0.021759390830993652,101.45101928710938,0.01623607985675335,1014.347900390625,5.946091175079346
2,207,-0.15600000321865082,0.013622674159705639,98.21835327148438,0.01766790822148323,982.0068359375,6.2137298583984375
2,208,0.0,0.008600831031799316,171.0074462890625,-0.0020256596617400646,1710.094482421875,6.751296520233154
2,209,-1.1100000143051147,-0.010077683255076408,153.5817108154297,-0.01184360682964325,1535.935546875,4.779539585113525
2,210,-0.19599999487400055,-0.0022665834985673428,175.03819274902344,-0.0005200344603508711,1750.38720703125,6.7300262451171875
2,211,-0.12399999797344208,0.019950926303863525,91.64274597167969,-0.0017314101569354534,916.4447631835938,6.000410079956055
2,212,0.0,0.022339146584272385,104.3280029296875,0.04082334414124489,1042.871826171875,6.299214839935303
2,213,-0.00800000037997961,-0.012849587947130203,104.95911407470703,0.16771790385246277,1047.9139404296875,6.087172985076904
2,214,-0.057999998331069946,0.0015438925474882126,92.33048248291016,0.0013066066894680262,923.291748046875,6.250637054443359
2,215,-0.03200000151991844,0.02397928386926651,105.11457824707031,0.014534489251673222,1051.00048828125,6.254755973815918
2,216,0.921999990940094,-0.002163834637030959,98.57844543457031,0.003345928154885769,985.7509765625,5.903618335723877
2,217,-0.2460000067949295,-0.01652682200074196,93.64175415039062,0.1046900749206543,935.3706665039062,6.090747356414795
2,218,-0.09200000017881393,0.004690270870923996,105.62986755371094,0.05331321805715561,1055.7655029296875,6.032655715942383
2,219,-0.10000000149011612,-0.004075868986546993,91.58486938476562,0.03682206943631172,915.4805297851562,5.869810104370117
2,220,-0.07800000160932541,-0.008935580961406231,87.42078399658203,0.026566825807094574,873.9421997070312,6.030348777770996
2,221,-0.03999999910593033,-0.0059035844169557095,104.04806518554688,0.12098444253206253,1039.270751953125,5.984575271606445
2,222,0.0,-0.001974729588255286,119.65290832519531,-0.0010902826907113194,1196.5399169921875,6.737837314605713
2,223,-0.3580000102519989,0.007236119359731674,162.41915893554688,-0.005575619637966156,1624.247314453125,6.7477922439575195
2,224,-0.12600000202655792,-0.009515540674328804,87.30491638183594,0.023273339495062828,872.8163452148438,6.025343894958496
2,225,-1.0520000457763672,0.026344425976276398,94.93818664550781,-0.04610481858253479,949.8428955078125,4.600008964538574
2,226,-0.17000000178813934,-0.0016211606562137604,88.46197509765625,0.0035908971913158894,884.5838623046875,6.160411834716797
2,227,-1.0,-0.043019942939281464,95.46234130859375,-0.017988083884119987,954.80322265625,4.707525730133057
2,228,0.0,0.026174917817115784,112.4716796875,0.042653780430555344,1124.290283203125,6.398324012756348
2,229,-0.18400000035762787,-0.011111127212643623,178.96160888671875,-2.4115795895340852e-05,1789.616455078125,6.765434741973877
2,230,-0.25999999046325684,-0.005260355770587921,170.34219360351562,-0.00012813588546123356,1703.42333984375,6.775099754333496
2,231,0.0,0.024728922173380852,120.09938049316406,0.029308537021279335,1200.70068359375,6.293964385986328
2,232,0.0,0.00918495748192072,135.36468505859375,-0.005296835210174322,1353.69970703125,6.686586380004883
2,233,0.0,0.013851698487997055,134.2228546142578,-0.0076378947123885155,1342.304931640625,6.722827911376953
2,234,0.0,0.0025457562878727913,168.72286987304688,-0.00034469811362214386,1687.232177734375,6.740435600280762
2,235,-0.017999999225139618,-0.005681641865521669,166.3505096435547,-0.002168512437492609,1663.5267333984375,6.7054338455200195
2,236,-0.12399999797344208,0.01710001938045025,112.12504577636719,-0.009435992687940598,1121.3447265625,6.23741340637207
2,237,-0.09399999678134918,0.018639136105775833,109.31271362304688,0.009821012616157532,1093.0289306640625,6.170297622680664
2,238,0.0,0.0023261308670043945,99.73202514648438,-0.002972974209114909,997.3500366210938,6.181203842163086
2,239,-0.10199999809265137,0.0024903351441025734,166.8571319580078,0.000300767133012414,1668.568359375,6.692917823791504
2,240,-0.7020000219345093,0.005257247015833855,120.48484802246094,-0.0013864586362615228,1204.8623046875,6.659076690673828
2,241,-0.21799999475479126,-0.009509292431175709,82.7677001953125,0.12065598368644714,826.4703369140625,5.92340087890625
2,242,0.0,6.057834252715111e-05,112.11660766601562,0.0014372977893799543,1121.151611328125,6.079800128936768
2,243,0.0,-0.005017736926674843,100.16215515136719,4.664104199036956e-05,1001.62109375,6.040220260620117
2,244,-0.08799999952316284,0.004028263967484236,122.40083312988281,0.034950148314237595,1223.6588134765625,6.438330173492432
2,245,-0.8240000009536743,-0.0028038336895406246,131.59417724609375,-0.00017330795526504517,1315.9434814453125,6.699210166931152
2,246,-0.18799999356269836,0.01416537445038557,123.27651977539062,-0.003293368499726057,1232.798095703125,6.677824020385742
2,247,-0.25600001215934753,-0.005296678747981787,96.68513488769531,0.050610046833753586,966.34521484375,5.618101596832275
2,248,0.0,-0.00695460569113493,104.2640380859375,0.003179740160703659,1042.608642578125,6.1024370193481445
2,249,-0.3499999940395355,-0.009954651817679405,97.33102416992188,0.23877562582492828,970.9224853515625,6.0176496505737305
2,250,-0.12999999523162842,-0.027465147897601128,100.76225280761719,0.014490297064185143,1007.4776611328125,4.66348934173584
2,251,-0.0020000000949949026,-0.0022259235847741365,177.75128173828125,-0.00010125275730388239,1777.513671875,6.740156173706055
2,252,0.0,-0.00242070434615016,95.18385314941406,-0.009790847077965736,951.9364013671875,6.107166767120361
2,253,-0.029999999329447746,-0.0746089369058609,123.44935607910156,0.2573672831058502,1231.9197998046875,5.963011264801025
2,254,-0.12200000137090683,-0.0007367620710283518,98.27408599853516,0.02940797433257103,982.44677734375,6.045992851257324
2,255,-0.09000000357627869,0.0005554233212023973,104.0914077758789,0.001734768389724195,1040.896728515625,6.100759983062744
2,256,-0.2919999957084656,-0.04743657261133194,99.85823059082031,0.08315999805927277,997.750732421875,5.70109748840332
2,257,-0.22599999606609344,-0.0034502523485571146,87.4903793334961,-0.0013501347275450826,874.9172973632812,6.146190643310547
2,258,0.0,-0.0004847171949222684,106.52481079101562,0.004990141373127699,1065.1982421875,6.314923286437988
2,259,-0.04600000008940697,-0.002568949246779084,101.4002685546875,0.0037721232511103153,1013.9649658203125,6.167333602905273
2,260,-0.21400000154972076,-0.019766228273510933,81.67153930664062,0.09937143325805664,815.7216796875,6.0096435546875
2,261,-0.07800000160932541,-0.09305846691131592,107.23482513427734,0.05019989237189293,1071.8463134765625,5.905420780181885
2,262,-0.1420000046491623,0.03562946617603302,113.10272216796875,0.009489620104432106,1130.932373046875,6.4173078536987305
2,263,-0.527999997138977,0.007548192981630564,146.71295166015625,-0.001543987775221467,1467.1448974609375,6.756595611572266
2,264,0.0,0.01809653267264366,102.81587982177734,-0.0022988684941083193,1028.1817626953125,6.669780254364014
2,265,-0.01600000075995922,0.01521147321909666,83.7705078125,-0.004098178818821907,837.74609375,5.818014621734619
2,266,-0.024000000208616257,-0.010497832670807838,104.3033447265625,0.10892651975154877,1041.9442138671875,5.928564071655273
2,267,-0.004000000189989805,-0.012241249904036522,178.88986206054688,-0.013412361033260822,1789.0325927734375,6.610365867614746
2,268,-0.11999999731779099,-0.03640317916870117,100.08419799804688,-0.0008644894114695489,1000.8506469726562,5.931583404541016
2,269,0.0,-0.025950994342565536,141.04666137695312,0.010455142706632614,1410.362060546875,6.536949157714844
2,270,0.0,-0.001780235324986279,123.59931182861328,-0.0043873596005141735,1236.036865234375,6.652811050415039
2,271,-0.32600000500679016,-0.02241794764995575,99.52607727050781,0.18140818178653717,993.4466552734375,5.975403785705566
2,272,0.0,0.005691481754183769,180.83572387695312,0.00392889091745019,1808.3179931640625,6.741995811462402
2,273,-1.0859999656677246,0.004853288177400827,152.06256103515625,-0.0061845011077821255,1520.6875,6.179574012756348
2,274,-0.11800000071525574,-0.019145343452692032,99.9676742553711,0.19901448488235474,997.6865844726562,6.026947975158691
2,275,0.0,-0.0601867213845253,120.09725952148438,0.087196946144104,1200.1007080078125,5.948343753814697
2,276,-0.14399999380111694,-0.006422782316803932,84.17118835449219,-0.0020552687346935272,841.732421875,5.885907173156738
2,277,-0.01600000075995922,0.0014156904071569443,98.59243774414062,-0.0043319836258888245,985.9676513671875,6.197176933288574
2,278,0.0,-1.4667282812297344e-05,115.06033325195312,0.00042027950985357165,1150.59912109375,6.0606465339660645
2,279,-0.12800000607967377,0.004947978537529707,106.92269134521484,0.002327242400497198,1069.20361328125,6.062828063964844
2,280,-0.10999999940395355,0.0012248745188117027,175.29736328125,-0.0017341028433293104,1752.9910888671875,6.736802101135254
2,281,-0.02800000086426735,0.009334864094853401,112.12791442871094,0.04470445215702057,1120.83203125,6.1878132820129395
2,282,0.0,0.008160324767231941,139.15847778320312,-0.0034113903529942036,1391.618896484375,6.693363189697266
2,283,-0.14000000059604645,-0.020847061648964882,100.65860748291016,0.10201801359653473,1005.56591796875,6.0410661697387695
2,284,-0.11599999666213989,-0.04735485464334488,100.68241882324219,0.01097380556166172,1006.7144775390625,5.951859474182129
2,285,0.0,-0.008329481817781925,153.04623413085938,0.0008730001281946898,1530.453369140625,6.659118175506592
2,286,-0.18400000035762787,-0.052944883704185486,136.5562744140625,0.08825621008872986,1364.68017578125,5.919178009033203
2,287,-0.1459999978542328,-0.022951968014240265,83.70752716064453,0.23281872272491455,834.7470703125,6.0394673347473145
2,288,-0.11800000071525574,-0.0014542958233505487,110.81553649902344,0.8959494233131409,1099.19580078125,5.922767162322998
2,289,-0.06599999964237213,-0.00020294636487960815,113.2883071899414,0.005973673425614834,1132.8232421875,5.714822769165039
2,290,-0.1459999978542328,-0.0384928397834301,105.66902923583984,0.3019644618034363,1053.670654296875,6.026278972625732
2,291,-0.012000000104308128,-0.04067099094390869,108.34147644042969,0.1478368043899536,1081.936279296875,6.03275203704834
2,292,-0.25,0.0017775929300114512,91.87918853759766,-0.00927682127803564,918.8846435546875,5.965385913848877
2,293,-0.1599999964237213,-0.06903403997421265,107.14232635498047,0.07203635573387146,1070.702880859375,5.775652885437012
2,294,-0.6700000166893005,0.01996510662138462,117.22782135009766,-0.002755057532340288,1172.3056640625,6.702752113342285
2,295,-0.414000004529953,0.004297897219657898,98.659912109375,0.0027535129338502884,986.571533203125,6.0035624504089355
2,296,0.0,0.002071093302220106,154.6302947998047,-0.0005880898679606616,1546.308837890625,6.728257656097412
2,297,-0.09200000017881393,0.013672933913767338,99.8682632446289,0.015999983996152878,998.5226440429688,6.153868675231934
2,298,-0.21199999749660492,-0.02366102859377861,82.84066772460938,0.053627755492925644,827.870361328125,6.024986267089844
2,299,0.0,-0.0038940326776355505,187.7152557373047,0.00015377836825791746,1877.1510009765625,6.7680983543396
2,300,-0.41600000858306885,-0.0036768317222595215,152.88827514648438,-0.0010212435154244304,1528.8929443359375,6.722058296203613
2,301,-0.12200000137090683,0.0020014995243400335,164.70779418945312,-0.005686471238732338,1647.134765625,6.742334842681885
2,302,-0.10000000149011612,-0.019239764660596848,104.0860595703125,0.0667760968208313,1040.19287109375,6.149439811706543
2,303,-0.20600000023841858,0.039181746542453766,108.64240264892578,0.050541944801807404,1085.91845703125,4.6763081550598145
2,304,-0.414000004529953,0.006141431629657745,98.66529846191406,0.002984932390972972,986.6231079101562,6.0929670333862305
2,305,-0.11400000005960464,-0.03120695799589157,107.84358978271484,-0.0011688008671626449,1078.447509765625,6.015383720397949
2,306,-0.11400000005960464,-0.009939314797520638,94.71466064453125,0.004879227839410305,947.0978393554688,6.233906269073486
2,307,-0.20000000298023224,-0.0038869320414960384,170.4524383544922,-0.0017153428634628654,1704.54150390625,6.747501850128174
2,308,-0.1420000046491623,0.0031182831153273582,131.22384643554688,-0.0013716785470023751,1312.2523193359375,6.640588760375977
2,309,-0.22200000286102295,0.027028921991586685,109.11286163330078,0.08223169296979904,1090.3062744140625,6.22386360168457
2,310,-0.06800000369548798,-0.004056983627378941,116.20635986328125,0.013513636775314808,1161.928466796875,5.956829071044922
2,311,-0.1679999977350235,0.019090913236141205,95.38206481933594,-0.013779466040432453,953.9585571289062,6.217777729034424
2,312,-0.16599999368190765,0.11711958050727844,128.70108032226562,0.44052353501319885,1282.60546875,5.123784065246582
2,313,0.0,0.03450524061918259,155.5083465576172,-0.007329415529966354,1555.15673828125,6.7242231369018555
2,314,-0.18799999356269836,0.004634815268218517,107.27197265625,-0.017190411686897278,1072.8916015625,6.368469715118408
2,315,-0.057999998331069946,-0.02218441292643547,188.6031494140625,-0.007457145024091005,1886.10595703125,6.695548057556152
2,316,0.0,-0.017266977578401566,172.8551025390625,0.0006483555189333856,1728.5445556640625,6.64428186416626
2,317,0.0,0.007254776079207659,123.97479248046875,-0.0034370648209005594,1239.7822265625,6.669127464294434
2,318,-0.06800000369548798,0.02908785082399845,106.52080535888672,-3.3828429877758026e-05,1065.2083740234375,6.235008239746094
2,319,-0.21400000154972076,0.003090993966907263,190.268798828125,-0.016825232654809952,1902.856201171875,6.452290058135986
2,320,0.0,-0.0055802385322749615,107.60387420654297,-0.011729064397513866,1076.156005859375,6.065126419067383
2,321,-0.019999999552965164,-0.0058251796290278435,186.36326599121094,0.001561326440423727,1863.616943359375,6.711177825927734
2,322,-0.12200000137090683,-0.003172178752720356,100.54510498046875,0.11682191491127014,1004.2827758789062,6.018771171569824
2,323,-0.07000000029802322,0.023784272372722626,94.56424713134766,0.014107766561210155,945.5014038085938,6.28482723236084
2,324,0.0,0.009356924332678318,140.66375732421875,-0.00048292826977558434,1406.642333984375,6.694228172302246
2,325,-0.11599999666213989,0.0005505845765583217,105.7363510131836,-0.004592610523104668,1057.409423828125,6.137594223022461
2,326,-0.8420000076293945,-0.006753216031938791,144.13275146484375,0.0006405959720723331,1441.321044921875,6.710121154785156
2,327,0.0,-0.003347862046211958,117.38277435302734,0.10721328854560852,1172.755615234375,6.008133888244629
2,328,-0.25200000405311584,0.006891267374157906,147.17640686035156,-0.0011779790511354804,1471.7757568359375,6.665678977966309
2,329,-0.20999999344348907,0.00014090728654991835,106.71022033691406,0.00017577405378688127,1067.1004638671875,6.192107677459717
2,330,-0.8920000195503235,0.005428925156593323,137.73081970214844,-0.0013780357548967004,1377.3218994140625,6.656572341918945
2,331,-0.2240000069141388,-0.022289564833045006,95.82762145996094,0.022110432386398315,958.0550537109375,6.059507369995117
2,332,0.0,-0.4132515788078308,67.26100158691406,0.044340524822473526,672.1665649414062,5.530152797698975
2,333,-0.00800000037997961,-0.0027940808795392513,108.42344665527344,0.8817129135131836,1075.417236328125,5.979406833648682
2,334,0.0,0.03003661520779133,110.39505004882812,0.09760524332523346,1102.9744873046875,6.306304931640625
2,335,-0.0860000029206276,0.011901983059942722,105.71246337890625,-0.006612782366573811,1057.1907958984375,6.073997497558594
2,336,-0.012000000104308128,-0.033199045807123184,107.7287368774414,0.12652523815631866,1076.0220947265625,6.065094470977783
2,337,-0.0020000000949949026,0.006879901513457298,86.84474182128906,1.6176449060440063,852.27099609375,5.714410781860352
2,338,0.0,-0.06687522679567337,102.58283996582031,0.036774642765522,1025.460693359375,6.7059149742126465
2,339,-0.012000000104308128,-0.018241776153445244,140.5390625,0.0129840774461627,1405.2606201171875,6.64482307434082
2,340,-0.01600000075995922,0.021749241277575493,88.95633697509766,0.027861718088388443,889.2847900390625,6.101926803588867
2,341,0.0,-0.02382710948586464,126.52740478515625,0.018481995910406113,1265.089111328125,5.879157066345215
2,342,0.0,-0.043396830558776855,90.33177185058594,0.030738698318600655,903.0103149414062,5.903965950012207
2,343,0.0,0.0029896809719502926,143.67320251464844,-0.005183087661862373,1436.7838134765625,6.698397159576416
2,344,-0.07800000160932541,-0.04908869042992592,106.22832489013672,0.055516261607408524,1061.72802734375,5.824007987976074
2,345,-0.014000000432133675,-0.10873439162969589,111.50865936279297,0.08058232814073563,1114.28076171875,5.748581886291504
2,346,0.0,0.005482093896716833,187.60276794433594,-0.00817417073994875,1876.109375,6.70729398727417
2,347,-0.17399999499320984,0.011003091000020504,115.6827392578125,-0.017885331064462662,1157.0062255859375,6.302258491516113
2,348,-0.10599999874830246,-0.016822461038827896,102.76175689697266,-0.004803300369530916,1027.66552734375,5.7539496421813965
2,349,0.0,0.002872567158192396,115.87626647949219,-0.000515331223141402,1158.767822265625,6.643028736114502
2,350,-0.2720000147819519,-0.021892856806516647,102.62537384033203,0.002400010824203491,1026.229736328125,5.8243513107299805
2,351,-1.0579999685287476,0.003689894452691078,155.8949432373047,-0.0014605920296162367,1558.9639892578125,6.717128753662109
2,352,-0.8820000290870667,0.0023160118144005537,144.48663330078125,-0.0018567524384707212,1444.8848876953125,6.694183826446533
2,353,-0.05999999865889549,-0.03641067072749138,122.65982055664062,-0.010568931698799133,1226.7039794921875,5.821885108947754
2,354,0.0,-0.018205320462584496,107.79182434082031,-0.019428731873631477,1078.112548828125,5.842365264892578
2,355,0.0,-0.00884804967790842,183.66270446777344,-0.0008569404017180204,1836.6356201171875,6.749693870544434
2,356,-0.3499999940395355,0.001127162016928196,139.56434631347656,-0.009730412624776363,1395.7408447265625,5.298908233642578
2,357,0.0,-0.0037596330512315035,145.78321838378906,-0.0009779824176803231,1457.841796875,6.631302833557129
2,358,0.0,0.007395685184746981,176.52911376953125,-0.004170398227870464,1765.332763671875,6.668085098266602
2,359,-0.10400000214576721,0.028429031372070312,111.03872680664062,-0.01330313179641962,1110.520263671875,6.0824174880981445
2,360,-0.02800000086426735,0.011869050562381744,91.5433120727539,-0.019694894552230835,915.6300048828125,6.1599249839782715
2,361,-0.17399999499320984,-0.011582031846046448,107.63175964355469,-0.0034114536829292774,1076.3516845703125,5.797269821166992
2,362,-0.31200000643730164,0.0006213901797309518,102.52197265625,0.00021536205895245075,1025.217529296875,6.1309027671813965
2,363,0.0,-0.003092122497037053,131.33096313476562,0.0012913111131638288,1313.2967529296875,6.716801643371582
2,364,0.0,-0.004015379585325718,137.00372314453125,-0.0007653111824765801,1370.044921875,6.680954456329346
2,365,0.0,0.0017528642201796174,126.23908996582031,-0.0014924679417163134,1262.40576171875,6.658173084259033
2,366,0.0,0.008950810879468918,113.52183532714844,-0.001957859843969345,1135.2379150390625,6.630876541137695
2,367,-0.03999999910593033,0.0038055803161114454,110.65662384033203,-0.004223638214170933,1106.6083984375,6.067303657531738
2,368,-0.1599999964237213,0.03248424455523491,100.29727172851562,-0.014367093332111835,1003.1163940429688,6.222723960876465
2,369,0.0,-0.002363491803407669,176.6705780029297,0.0016831548418849707,1766.68896484375,6.725866794586182
2,370,0.0,0.058368705213069916,108.2491683959961,0.1647811084985733,1080.84375,6.429781913757324
2,371,-0.1599999964237213,0.03432535380125046,110.77120208740234,0.01190265268087387,1107.593017578125,6.185476779937744
2,372,-0.041999999433755875,0.017551317811012268,96.04683685302734,-0.00734294205904007,960.541748046875,6.151219367980957
2,373,-0.38199999928474426,0.0025309864431619644,95.3049087524414,0.0009816461242735386,953.0391845703125,6.176583766937256
2,374,-0.09399999678134918,-0.003154299920424819,91.78936767578125,0.20502841472625732,915.8433837890625,6.03175687789917
2,375,0.0,0.0028175096958875656,181.24012756347656,0.003912193235009909,1812.362060546875,6.75070858001709
2,376,0.0,-0.0032939612865448,145.19862365722656,0.001451913733035326,1451.9718017578125,6.7040863037109375
2,377,0.0,-0.0043514929711818695,144.55938720703125,0.0016934698214754462,1445.576904296875,6.717185020446777
2,378,-0.12200000137090683,-0.008920619264245033,115.16155242919922,0.12022341042757034,1150.413330078125,6.078708171844482
2,379,-0.44999998807907104,0.011617177166044712,96.3584213256836,-0.004821158945560455,963.6323852539062,6.155977249145508
2,380,-0.1899999976158142,-0.026960676535964012,114.28477478027344,0.3302563726902008,1139.545166015625,5.723320007324219
2,381,-0.17599999904632568,0.023197030648589134,111.38558959960938,0.015719417482614517,1113.69873046875,6.2473063468933105
2,382,-0.2280000001192093,-0.06542225182056427,102.4471435546875,0.0018662549555301666,1024.45263671875,5.793918132781982
2,383,0.0,0.004977477714419365,137.35659790039062,-0.004165626596659422,1373.607666015625,6.688477516174316
2,384,-0.004000000189989805,-0.010713662952184677,72.29600524902344,2.898174170695711e-05,722.959716796875,6.068789958953857
2,385,-0.0820000022649765,0.004515501670539379,119.7658462524414,-0.005852479953318834,1197.7169189453125,6.060284614562988
2,386,0.0,0.018159551545977592,108.88652038574219,0.004928222857415676,1088.81591796875,6.3023905754089355
2,387,0.0,-0.0007304096361622214,197.78475952148438,-0.003419297281652689,1977.8818359375,6.730855464935303
2,388,0.0,0.004722965881228447,124.52381896972656,-0.002756536705419421,1245.265869140625,6.674097537994385
2,389,-0.07000000029802322,0.00327277067117393,134.59390258789062,-0.0033861531410366297,1345.9727783203125,6.660773754119873
2,390,-0.12200000137090683,0.01311118621379137,100.22225952148438,-0.006893366575241089,1002.29150390625,6.130338668823242
2,391,-0.2980000078678131,-0.03573816269636154,107.20234680175781,0.28025293350219727,1069.2208251953125,5.817971229553223
2,392,-0.1979999989271164,-0.010978331789374352,188.9942626953125,0.008098135702311993,1889.861572265625,6.753212928771973
2,393,0.0,-0.008144209161400795,148.38136291503906,0.0026487393770366907,1483.787109375,6.703439712524414
2,394,-0.1420000046491623,-0.0009280967642553151,94.1534652709961,-0.00037203170359134674,941.538330078125,6.052066326141357
2,395,-0.21199999749660492,-0.011490242555737495,106.95002746582031,0.019768720492720604,1069.302490234375,5.9862141609191895
2,396,0.0,-0.0014231677632778883,116.03579711914062,0.00012346047151368111,1160.356689453125,6.654112339019775
2,397,0.0,0.0021250839345157146,195.8748321533203,-0.0032781504560261965,1958.781005859375,6.7449235916137695
2,398,-0.18000000715255737,-0.038915567100048065,106.8653335571289,0.044151369482278824,1068.2117919921875,5.904120445251465
2,399,0.0,0.008057758212089539,116.16363525390625,-0.001296036527492106,1161.6492919921875,6.657666206359863
2,400,0.0,0.026162659749388695,103.62385559082031,0.0023895511403679848,1036.214599609375,6.243978500366211
2,401,0.0,0.007559900637716055,123.89260864257812,-0.002473485190421343,1238.9508056640625,6.642592430114746
2,402,-0.07199999690055847,0.009588344022631645,97.9664306640625,-0.0072435955516994,979.7366943359375,6.28433895111084
2,403,-0.04399999976158142,0.002750309184193611,180.453857421875,-0.0005138283013366163,1804.543701171875,6.751850128173828
2,404,0.0,-0.017530258744955063,133.30577087402344,-0.002803642302751541,1333.085693359375,6.672653675079346
2,405,0.0,-0.0030302400700747967,142.4984893798828,-0.004235423170030117,1425.02734375,6.636179447174072
2,406,0.0,0.007136205676943064,146.6270751953125,-0.0052403477020561695,1466.322998046875,6.654140472412109
2,407,-0.1120000034570694,0.003467261791229248,206.973876953125,-0.003618414979428053,2069.77490234375,6.734210968017578
2,408,-0.052000001072883606,0.00052507413784042,183.8290252685547,0.00011705517681548372,1838.2890625,6.65396785736084
2,409,-0.08399999886751175,-0.003208895679563284,103.34493255615234,0.002206549048423767,1033.42724609375,6.089346885681152
2,410,-0.1720000058412552,0.002551507903262973,192.92442321777344,-0.012733111158013344,1929.37158203125,6.358396530151367
2,411,0.0,-0.007791516371071339,149.16824340820312,-0.0008099194383248687,1491.6904296875,6.629936218261719
2,412,-0.2540000081062317,-0.01875641569495201,105.00995635986328,0.06864340603351593,1049.4130859375,5.862483501434326
2,413,-0.03999999910593033,-0.007814710028469563,115.91287231445312,-0.002092281123623252,1159.1495361328125,6.063065052032471
2,414,0.0,-0.002892313525080681,149.4024658203125,0.004174764268100262,1493.98291015625,6.684985637664795
2,415,-0.041999999433755875,0.014479038305580616,93.44441223144531,-0.01324312575161457,934.5765380859375,6.040830135345459
2,416,-0.10199999809265137,0.014139872044324875,103.79691314697266,-0.006175091024488211,1038.0308837890625,6.06754732131958
2,417,-0.12200000137090683,-0.03954319283366203,97.02481079101562,0.055481549352407455,969.6932373046875,5.9445037841796875
2,418,-0.029999999329447746,0.01077814120799303,102.69488525390625,-0.012346561066806316,1027.072265625,6.263873100280762
2,419,-0.10400000214576721,0.01055728830397129,117.98758697509766,-0.012524466961622238,1180.001220703125,6.207244396209717
2,420,0.0,3.7968813558109105e-05,171.8997344970703,0.001130131189711392,1718.9859619140625,6.728656768798828
2,421,0.0,0.0028084449004381895,133.99960327148438,-0.004391366150230169,1340.039794921875,6.670611381530762
2,422,-0.20399999618530273,0.007220378611236811,75.98049926757812,-0.004171004984527826,759.8466796875,6.185368061065674
2,423,-0.17800000309944153,0.03749390318989754,108.59735107421875,0.012198816053569317,1085.8515625,6.364440441131592
2,424,0.0,0.01201159879565239,123.11792755126953,-0.005199959501624107,1231.2313232421875,6.201542854309082
2,425,0.0,0.01881173439323902,128.1277313232422,-0.0026187957264482975,1281.3035888671875,6.688138961791992
2,426,0.0,0.013869667425751686,144.19178771972656,-0.0052579110488295555,1441.970458984375,6.707268714904785
2,427,0.0,-0.012256255373358727,116.7242431640625,0.001560101518407464,1167.226806640625,6.108975410461426
2,428,-0.09200000017881393,-0.011633224785327911,195.00567626953125,-0.006564869079738855,1950.1224365234375,6.653530120849609
2,429,0.0,0.006140169221907854,95.14762878417969,-0.007997274398803711,951.55615234375,6.192100524902344
2,430,-0.04800000041723251,0.04280821606516838,105.06620788574219,0.012624438852071762,1050.535888671875,6.260067939758301
2,431,0.0,0.0033519044518470764,180.34994506835938,0.001123607624322176,1803.48828125,6.7151689529418945
2,432,-0.004000000189989805,0.0010295661631971598,143.6630096435547,-0.0018147137016057968,1436.648193359375,6.692227840423584
2,433,-0.1979999989271164,0.0019953222945332527,97.52613830566406,-0.004964742809534073,975.31103515625,4.583779335021973
2,434,-0.1679999977350235,-0.05617215484380722,117.46974182128906,0.23390765488147736,1172.3582763671875,6.010115623474121
2,435,-0.1860000044107437,-0.036891430616378784,103.28367614746094,0.07663754373788834,1032.0703125,6.143124103546143
2,436,0.0,0.0306084044277668,107.90501403808594,0.0361531525850296,1078.688720703125,6.253227233886719
2,437,0.0,0.0020074700005352497,143.23194885253906,0.0013730975333601236,1432.305908203125,6.630006790161133
2,438,0.0,-0.20179975032806396,122.05427551269531,0.08200754970312119,1219.7227783203125,5.713072776794434
2,439,-0.07999999821186066,-0.003371509024873376,151.43798828125,-0.0001306980848312378,1514.3809814453125,6.620283126831055
2,440,-0.12600000202655792,0.0015343065606430173,179.19021606445312,-0.01979682967066765,1792.0999755859375,6.495253086090088
2,441,0.0,0.013688885606825352,128.0326690673828,-0.003950240556150675,1280.3662109375,6.624626159667969
2,442,0.0,0.01933959126472473,118.01040649414062,-0.0034001232124865055,1180.13818359375,6.603282928466797
2,443,0.0,-0.0012855703243985772,98.99742889404297,0.004360835999250412,989.9306640625,6.0975775718688965
2,444,0.0,0.005252358969300985,187.29937744140625,0.0008867743308655918,1872.98486328125,6.666172504425049
2,445,0.0,0.005705689545720816,178.73867797851562,-0.0003230009460821748,1787.3900146484375,6.676859378814697
2,446,-0.1899999976158142,0.024154191836714745,97.96080017089844,0.015706436708569527,979.450927734375,6.257780075073242
2,447,0.0,0.0009128358797170222,174.3334197998047,-0.0010553983738645911,1743.3448486328125,6.6346330642700195
2,448,0.0,0.0013350938679650426,186.61709594726562,-0.005096825771033764,1866.221923828125,6.638500213623047
2,449,0.0,0.0006069060182198882,151.8411407470703,-0.006013230886310339,1518.471435546875,6.574585914611816
2,450,-0.17399999499320984,0.005903642624616623,175.51287841796875,-0.006297573447227478,1755.191650390625,6.628264904022217
2,451,0.0,-0.002854722086340189,101.73701477050781,0.09509585797786713,1016.4192504882812,6.070829391479492
2,452,0.0,-0.0017764854710549116,139.2744140625,0.004418401978909969,1392.699951171875,6.589498996734619
2,453,0.0,-0.003176681697368622,190.26634216308594,-0.0007237326353788376,1902.670654296875,6.679662704467773
2,454,0.0,0.023190513253211975,97.87101745605469,-0.016408054158091545,978.8741455078125,6.142698287963867
2,455,-0.3659999966621399,0.002891330048441887,186.2285614013672,-0.016358288004994392,1862.44921875,6.247440338134766
2,456,0.0,0.011187867261469364,103.2212142944336,-0.008508298546075821,1032.2972412109375,6.1297736167907715
2,457,-0.23000000417232513,-0.0020953621715307236,188.93682861328125,0.004452873487025499,1889.32373046875,6.656315803527832
2,458,-0.23199999332427979,-0.022487781941890717,89.88471221923828,0.0688265785574913,898.1588134765625,5.936886787414551
2,459,-0.014000000432133675,-0.007728253491222858,103.10150146484375,0.01046217605471611,1030.910400390625,6.0526275634765625
2,460,0.0,-0.0031995894387364388,100.46104431152344,0.00857053603976965,1004.524658203125,6.10789680480957
2,461,-0.057999998331069946,0.003254424314945936,103.57798767089844,-0.00461276900023222,1035.8260498046875,6.085517883300781
2,462,-0.09399999678134918,-0.001834293594583869,107.74195861816406,-0.004633644130080938,1077.4659423828125,6.039495468139648
2,463,-0.26600000262260437,-0.01986730843782425,91.64057159423828,0.0638500303030014,915.7672119140625,6.050014495849609
2,464,0.0,-0.008062222972512245,102.06753540039062,0.029098685830831528,1020.38427734375,6.102469444274902
2,465,-0.23600000143051147,-0.016511036083102226,104.87223815917969,0.05594070628285408,1048.162841796875,5.9984331130981445
2,466,0.0,0.0004737993294838816,145.39666748046875,0.001115365419536829,1453.95556640625,6.6945414543151855
2,467,-0.11999999731779099,-0.005203233566135168,196.93568420410156,-0.0071594673208892345,1969.4283447265625,6.732325553894043
2,468,0.0,0.009871435351669788,99.62173461914062,0.004385661333799362,996.1734619140625,6.24873685836792
2,469,-0.10599999874830246,-0.005241652950644493,109.4258804321289,0.0032038860954344273,1094.2266845703125,6.128055572509766
2,470,-0.10999999940395355,-0.020107578486204147,99.36993408203125,0.07691791653633118,992.93017578125,6.010313034057617
2,471,0.0,-0.08250324428081512,68.6519775390625,0.42634594440460205,682.2562255859375,5.6608171463012695
2,472,0.0,0.005487422458827496,107.43383026123047,-0.0017651449888944626,1074.35595703125,6.169102191925049
2,473,0.0,-0.005336017347872257,165.82781982421875,0.003688402008265257,1658.2412109375,6.7013349533081055
2,474,0.0,0.013355393894016743,149.89573669433594,-0.008095133118331432,1499.038330078125,6.68287467956543
2,475,-0.328000009059906,0.02251320146024227,99.50621795654297,-0.011608531698584557,995.1782836914062,6.133416175842285
2,476,0.0,0.02499759942293167,142.69915771484375,-0.009235246106982231,1427.083740234375,6.634545803070068
2,477,-0.17800000309944153,0.019024314358830452,104.3760757446289,-0.00232488289475441,1043.783935546875,6.211812496185303
2,478,-0.052000001072883606,-0.03001759946346283,97.70347595214844,0.24789926409721375,974.5557250976562,5.950517654418945
2,479,-0.14000000059604645,-0.05347144976258278,104.75843048095703,0.10089252144098282,1046.575439453125,5.962976455688477
2,480,0.0,-0.008809165097773075,186.72190856933594,0.0023216232657432556,1867.19580078125,6.680745601654053
2,481,0.0,0.0057032667100429535,120.30919647216797,-0.008777529932558537,1203.1798095703125,6.180030822753906
2,482,-0.20200000703334808,-0.04977598786354065,110.09430694580078,0.016475895419716835,1100.7783203125,5.913863658905029
2,483,-0.11599999666213989,-0.004242432303726673,104.6384506225586,-0.001543747028335929,1046.39990234375,6.146995544433594
2,484,-0.23000000417232513,-0.0012829332845285535,197.93148803710938,-0.018619168549776077,1979.5009765625,6.605090618133545
2,485,-0.18400000035762787,-0.04088425636291504,110.0072021484375,0.13792476058006287,1098.692626953125,5.928096771240234
2,486,-0.16599999368190765,0.002691687550395727,94.1622314453125,0.0007317455019801855,941.614990234375,6.092123985290527
2,487,-0.026000000536441803,0.0027645870577543974,187.4618377685547,-0.00016365420015063137,1874.619873046875,6.704006671905518
2,488,-0.1340000033378601,-0.0015241430373862386,104.37147521972656,-0.003911864012479782,1043.7537841796875,6.132411956787109
2,489,-0.2759999930858612,-0.014287794008851051,97.23744201660156,0.36734122037887573,968.700927734375,5.841647624969482
2,490,0.0,-0.009883691556751728,111.88899230957031,0.003915096167474985,1118.850830078125,6.604774475097656
2,491,-0.12600000202655792,-0.007847371511161327,110.40550994873047,0.0025778308045119047,1104.029296875,6.0005598068237305
2,492,-0.15399999916553497,0.04917711392045021,116.67350769042969,-0.025489257648587227,1166.989990234375,6.1275634765625
2,493,-1.1399999856948853,-0.04727960377931595,115.724609375,0.03777924180030823,1156.868408203125,4.580191612243652
2,494,-0.1860000044107437,-0.06708131730556488,105.07952117919922,0.12276938557624817,1049.5675048828125,5.950908184051514
2,495,-0.07400000095367432,-0.21777525544166565,53.59101486206055,0.025343170389533043,535.65673828125,5.723118782043457
2,496,-0.2840000092983246,-0.02509092353284359,100.41200256347656,0.03345731645822525,1003.785400390625,6.156569004058838
2,497,0.0,-0.023735884577035904,149.11961364746094,0.0017731041880324483,1491.1783447265625,6.583949089050293
2,498,0.0,0.009649639949202538,125.79731750488281,-0.0008172335801646113,1257.981201171875,6.053219318389893
2,499,0.0,0.015912920236587524,153.2848358154297,-0.001113341422751546,1532.859619140625,6.617712020874023
2,500,0.0,0.0061591630801558495,162.88339233398438,-0.001949189929291606,1628.8533935546875,6.615139961242676
2,501,0.0,0.002053283853456378,154.8936004638672,-0.0035399748012423515,1548.971435546875,6.6429877281188965
2,502,-0.07400000095367432,0.007580243982374668,149.60716247558594,-0.00827384740114212,1496.154296875,4.789775371551514
2,503,0.0,-0.03205343708395958,115.24378204345703,-0.0032939875964075327,1152.470703125,6.010839939117432
2,504,-0.35199999809265137,0.02895532362163067,94.8346939086914,-0.01534830592572689,948.5003662109375,6.206644535064697
2,505,0.0,-0.003423642134293914,143.47775268554688,0.00041356062865816057,1434.7734375,6.647069931030273
2,506,-0.006000000052154064,-0.0031690443865954876,200.56979370117188,-0.00038129944005049765,2005.7017822265625,6.714451789855957
2,507,-0.27399998903274536,0.007201907690614462,173.00160217285156,-0.012724993750452995,1730.143310546875,6.029825210571289
2,508,-0.20800000429153442,-0.035004109144210815,97.93921661376953,0.012589573860168457,979.2662353515625,6.034577369689941
2,509,-0.00800000037997961,0.03469664603471756,105.55333709716797,0.008360175415873528,1055.44970703125,6.1243062019348145
2,510,0.0,0.003974443301558495,154.53018188476562,0.0013554790057241917,1545.2880859375,6.635812759399414
2,511,0.0,-0.0022780937142670155,113.45246124267578,0.00032721649040468037,1134.5213623046875,6.647902488708496
2,512,-0.014000000432133675,0.004839766770601273,110.89665222167969,-0.006718571297824383,1109.03369140625,6.281768321990967
2,513,0.0,-0.00034601896186359227,163.94973754882812,6.291957106441259e-07,1639.497314453125,6.670042037963867
2,514,-0.25600001215934753,0.0019961614161729813,91.2313003540039,0.006600518245249987,912.2469482421875,6.146265029907227
2,515,0.0,0.012694140896201134,149.05789184570312,-0.0014224578626453876,1490.59326171875,6.690360069274902
2,516,-0.16200000047683716,-0.006409228313714266,119.08738708496094,-0.009382272139191628,1190.9676513671875,5.730356216430664
2,517,0.0,0.006241268012672663,141.52993774414062,0.00013957981718704104,1415.298095703125,6.6411027908325195
2,518,0.0,0.0056647732853889465,156.07603454589844,-0.0036643575876951218,1560.7969970703125,6.5975799560546875
2,519,-0.20999999344348907,0.05948612838983536,189.24435424804688,0.009999987669289112,1892.343505859375,6.310994625091553
2,520,-0.041999999433755875,0.0023809182457625866,106.68463134765625,0.001433005090802908,1066.83203125,6.11810302734375
2,521,-0.10000000149011612,0.004940016660839319,152.2699737548828,0.00044400745537132025,1522.6951904296875,6.64326810836792
2,522,-0.23000000417232513,-0.0171950813382864,89.86499786376953,0.006523989140987396,898.5847778320312,6.087644577026367
2,523,0.0,-0.00865650363266468,143.60438537597656,-0.00031561279320158064,1436.0469970703125,6.604988098144531
2,524,-0.14000000059604645,0.01392505131661892,196.5517120361328,-0.013225599192082882,1965.6494140625,6.38328218460083
2,525,-0.1679999977350235,-0.06843802332878113,117.17703247070312,0.04522951319813728,1171.318115234375,6.025211334228516
2,526,-0.06599999964237213,-0.06427326053380966,88.397216796875,0.010381493717432022,883.8682861328125,5.964898586273193
2,527,-0.0020000000949949026,-0.004442331846803427,106.08200073242188,0.048481572419404984,1060.335205078125,6.099656581878662
2,528,-0.1979999989271164,-0.018179116770625114,99.97860717773438,0.022363631054759026,999.5625,6.01559591293335
2,529,0.0,0.04861553758382797,105.9390869140625,-0.018673857674002647,1059.57763671875,6.237770080566406
2,530,0.0,-0.48815804719924927,20.180654525756836,1.2655394066030112e-08,201.80653381347656,5.606685161590576
2,531,0.0,0.014417214319109917,185.18701171875,-0.00048522077850066125,1851.875,6.683967590332031
2,532,0.0,-0.0029754498973488808,78.0334701538086,-0.007506852969527245,780.4097900390625,6.205692768096924
2,533,0.0,-0.016369467601180077,186.924072265625,0.001052485778927803,1869.2301025390625,6.693634033203125
2,534,-0.07599999755620956,0.002527445089071989,102.69080352783203,0.001530174515210092,1026.892822265625,6.262261867523193
2,535,-0.2680000066757202,0.0033036572858691216,97.82365417480469,-0.008649249561131,978.322998046875,6.235044479370117
2,536,0.0,0.01204285304993391,122.35305786132812,-0.002606976078823209,1223.556640625,6.6720685958862305
2,537,0.0,0.006289088632911444,200.5374755859375,-0.005517855752259493,2005.429931640625,6.749905586242676
2,538,-0.12800000607967377,0.000515226973220706,180.56222534179688,-0.024820469319820404,1805.870361328125,6.366039276123047
2,539,-0.1379999965429306,0.0827874094247818,97.78327941894531,0.04004592075943947,977.4322509765625,6.316987037658691
2,540,0.0,0.004542247392237186,131.30899047851562,-0.0020190379582345486,1313.110107421875,6.625736236572266
2,541,-0.20399999618530273,0.006698094308376312,105.5410385131836,0.002780643291771412,1055.382568359375,6.091882705688477
2,542,-0.0820000022649765,-0.05974876135587692,110.01956176757812,0.31777650117874146,1097.017822265625,6.012598037719727
2,543,-0.12200000137090683,0.07955378293991089,109.54603576660156,-0.0021043249871581793,1095.4814453125,6.397640228271484
2,544,-0.14000000059604645,0.14398670196533203,129.04791259765625,0.05400557816028595,1289.9390869140625,6.021909713745117
2,545,-0.004000000189989805,0.017849484458565712,111.20962524414062,-0.013625169172883034,1112.232421875,6.28972864151001
2,546,-0.06800000369548798,0.004797926638275385,192.76852416992188,3.430627839406952e-05,1927.6849365234375,6.7209792137146
2,547,-0.24400000274181366,-0.0014836505288258195,108.87910461425781,0.0699148178100586,1088.0919189453125,6.272793292999268
2,548,-0.4099999964237213,0.0019633150659501553,91.67608642578125,-0.010348754934966564,916.8642578125,6.187977313995361
2,549,-0.3199999928474426,-0.00730233546346426,80.99298095703125,-0.003983011934906244,809.9696044921875,6.224696636199951
2,550,0.0,0.0673704594373703,132.18255615234375,0.017961185425519943,1321.645751953125,6.445121765136719
2,551,-0.25999999046325684,0.019382063299417496,97.32064056396484,-0.0063532134518027306,973.2698974609375,6.06680965423584
2,552,-0.1379999965429306,-0.015565546229481697,101.53369140625,0.10017668455839157,1014.3350830078125,6.068008899688721
2,553,-0.02199999988079071,-0.004216187633574009,105.11552429199219,0.10219767689704895,1050.13330078125,6.088232040405273
2,554,-0.2840000092983246,-0.0034625628031790257,97.48211669921875,-0.008888358250260353,974.9099731445312,6.186357498168945
2,555,0.0,-0.0006428625201806426,167.81640625,-0.001923148287460208,1678.183349609375,6.646477222442627
2,556,0.0,-0.004990348592400551,99.60148620605469,0.016415461897850037,995.8506469726562,6.135274410247803
2,557,-0.14000000059604645,-0.03875306248664856,121.85161590576172,0.2632932662963867,1215.8831787109375,5.829571723937988
2,558,0.0,0.00034897823934443295,151.47653198242188,0.005498544778674841,1514.71044921875,6.661943435668945
2,559,-0.20000000298023224,0.005555981770157814,115.59463500976562,-0.004848494194447994,1155.9947509765625,6.118629455566406
2,560,-0.12200000137090683,-0.039355725049972534,105.09637451171875,0.056002479046583176,1050.403564453125,6.012399196624756
2,561,-0.07199999690055847,-0.0659727156162262,96.12677764892578,0.031802959740161896,960.94970703125,5.970042705535889
2,562,-0.10400000214576721,-0.007146234158426523,185.43113708496094,-0.005079334136098623,1854.3621826171875,6.67304801940918
2,563,0.0,-0.009366719983518124,105.26164245605469,0.03892994672060013,1052.2271728515625,6.114502906799316
2,564,0.0,0.0008526439778506756,141.93197631835938,-0.0008426674758084118,1419.328125,6.6175079345703125
2,565,-0.1080000028014183,0.01717238500714302,101.03309631347656,-0.001898959744721651,1010.349853515625,6.257920742034912
2,566,0.0,0.006743403151631355,167.2424774169922,-0.003830795409157872,1672.463134765625,6.639063835144043
2,567,0.0,-0.004146552179008722,92.66064453125,0.01632646471261978,926.4432373046875,6.165910720825195
2,568,-0.09200000017881393,0.042003974318504333,110.01313018798828,-0.01217072643339634,1100.2529296875,6.201403617858887
2,569,-0.04600000008940697,0.01082732155919075,91.12617492675781,-0.010370752774178982,911.3653564453125,6.263530254364014
2,570,-0.2540000081062317,0.008670873939990997,189.16888427734375,-0.02205728180706501,1891.909423828125,6.348764896392822
2,571,0.0,-0.0010765722254291177,152.2802276611328,0.0002482924610376358,1522.7998046875,6.637799263000488
2,572,-0.1860000044107437,-0.03893294185400009,110.74986267089844,0.3290579915046692,1104.2080078125,5.845665454864502
2,573,-0.12200000137090683,-0.015876678749918938,89.02723693847656,0.01901135966181755,890.082275390625,5.992051124572754
2,574,-0.843999981880188,0.002362036146223545,148.2937774658203,0.001562050194479525,1482.9219970703125,6.6296257972717285
2,575,-0.11599999666213989,0.0025578150525689125,197.37001037597656,-0.02020837552845478,1973.902099609375,6.567574501037598
2,576,-0.12600000202655792,0.0191712137311697,103.2285385131836,0.005667582619935274,1032.228759765625,6.108065605163574
2,577,-0.1679999977350235,-0.009125062264502048,160.1905517578125,-0.00904245488345623,1601.995849609375,4.658524990081787
2,578,-0.035999998450279236,0.00715462863445282,202.28225708007812,-0.012405134737491608,2022.946533203125,6.660760402679443
2,579,-0.164000004529953,-0.018157757818698883,98.69490814208984,0.03919354826211929,986.55712890625,6.119065284729004
2,580,0.0,-0.019563179463148117,108.30067443847656,0.00032048008870333433,1083.0035400390625,6.051003456115723
2,581,0.0,-0.0020406313706189394,97.96452331542969,-0.00772249698638916,979.722412109375,6.088498115539551
2,582,0.0,-0.002627531997859478,198.95892333984375,7.037822797428817e-05,1989.5885009765625,6.6657490730285645
2,583,0.0,-0.007557172328233719,90.11167907714844,0.09124761819839478,900.2042846679688,6.116024017333984
2,584,0.0,0.052226580679416656,122.76856994628906,0.15062125027179718,1226.179443359375,6.417764663696289
2,585,-0.17800000309944153,0.019017182290554047,101.00676727294922,0.015115034766495228,1009.91650390625,6.291510581970215
2,586,0.0,-0.0011779007036238909,106.03508758544922,0.2604719400405884,1057.74609375,6.094653129577637
2,587,-0.05400000140070915,0.006419944576919079,181.25894165039062,0.005399749148637056,1812.535400390625,6.675402641296387
2,588,0.0,-0.0016080605564638972,133.92953491210938,0.0006817566463723779,1339.28857421875,6.636209964752197
2,589,0.0,0.004185684025287628,97.27954864501953,-0.0032783513888716698,972.8282470703125,6.056171894073486
2,590,0.0,-0.019779067486524582,125.46894836425781,0.11123873293399811,1253.5771484375,5.9649553298950195
2,591,0.0,-0.012691492214798927,105.51573181152344,0.03936465457081795,1054.763671875,6.1429338455200195
2,592,-0.5199999809265137,-0.003408182878047228,178.86007690429688,-0.002432514913380146,1788.625,6.613560199737549
2,593,0.0,-0.037624336779117584,103.13491821289062,0.2749928832054138,1028.59912109375,5.746909141540527
2,594,-0.0860000029206276,0.009194545447826385,98.24507141113281,0.014308994635939598,982.3076171875,6.06959342956543
2,595,-0.21400000154972076,-0.007355904206633568,90.74827575683594,0.017083046957850456,907.3118896484375,6.071930885314941
2,596,0.0,-0.012191169895231724,133.3433837890625,0.001361871138215065,1333.420166015625,6.575944900512695
2,597,0.0,-0.005662702489644289,166.69827270507812,-0.001763254520483315,1667.000244140625,6.61107063293457
2,598,0.0,0.0024219241458922625,203.2788848876953,-0.007945946417748928,2032.868408203125,6.656894683837891
2,599,-0.009999999776482582,-0.010381272062659264,111.62799835205078,0.003180849365890026,1116.248046875,6.052823066711426
2,600,-0.11999999731779099,-0.05063306912779808,111.57646179199219,0.21946179866790771,1113.570068359375,5.950092315673828
2,601,-0.04800000041723251,-0.04637109488248825,106.47714233398438,0.07274477183818817,1064.0439453125,6.013153076171875
2,602,-0.12399999797344208,-0.07324625551700592,105.2098159790039,0.02721049264073372,1051.825927734375,5.986813545227051
2,603,-0.04800000041723251,-0.010502618737518787,203.3944091796875,0.0022991590667515993,2033.921142578125,6.636708736419678
2,604,-0.1459999978542328,0.004526054486632347,98.36531066894531,-0.006739290431141853,983.7205810546875,6.139906883239746
2,605,-0.4620000123977661,0.02993858978152275,105.48631286621094,-0.010694019496440887,1054.969970703125,6.161025524139404
2,606,0.0,-0.007305952720344067,124.50467681884766,0.0014088887255638838,1245.03271484375,6.557520389556885
2,607,0.0,-0.003961754497140646,119.22335815429688,0.0004189858736936003,1192.229248046875,6.572811126708984
2,608,-0.15600000321865082,-0.07105594873428345,85.1642837524414,0.009382219985127449,851.5489501953125,5.932920455932617
2,609,0.0,0.01563020423054695,129.89903259277344,-0.0033246546518057585,1299.0234375,6.547747611999512
2,610,-0.17599999904632568,0.026775114238262177,105.23289489746094,-0.008078465238213539,1052.40966796875,6.345536708831787
2,611,-0.04800000041723251,0.003996588289737701,96.55349731445312,-0.00975427683442831,965.632568359375,6.239182472229004
2,612,-0.057999998331069946,0.009205115959048271,105.49333190917969,0.0006481329910457134,1054.9267578125,6.339054107666016
2,613,0.0,-0.0013980513904243708,159.1555633544922,-0.001092450344003737,1591.566650390625,6.677452087402344
2,614,0.0,-0.0071484786458313465,158.92953491210938,-0.004130949266254902,1589.336669921875,6.630220890045166
2,615,-0.20999999344348907,0.09932611137628555,110.37272644042969,0.016487842425704002,1103.5623779296875,6.239466667175293
2,616,0.0,0.00501584867015481,127.07656860351562,-0.000635909556876868,1270.77197265625,6.547141075134277
2,617,-0.0820000022649765,0.003253891132771969,89.90316772460938,0.012687457725405693,898.9048461914062,6.133388519287109
2,618,0.0,0.0037174182943999767,164.99378967285156,-9.256189514417201e-05,1649.938720703125,6.659947395324707
2,619,0.0,-0.0116486931219697,153.10833740234375,-0.0023790362756699324,1531.107177734375,6.641463756561279
2,620,0.0,0.0006629391573369503,113.77455139160156,0.023083850741386414,1137.5146484375,6.023238182067871
2,621,-0.34599998593330383,-0.04725295677781105,92.44947052001953,0.02776298113167286,924.2171020507812,6.022231101989746
2,622,-0.2280000001192093,-0.0006574301514774561,94.62220764160156,0.0895739495754242,945.3262939453125,6.115406036376953
2,623,-0.20200000703334808,0.001865357393398881,105.56370544433594,-0.0006844067247584462,1055.643798828125,6.061831474304199
2,624,0.0,-0.006111348979175091,134.13038635253906,-1.7362333892378956e-05,1341.3040771484375,6.609495162963867
2,625,0.0,-0.0024898643605411053,100.23491668701172,-0.008635105565190315,1002.4354248046875,6.071054458618164
2,626,-0.20200000703334808,0.0056837573647499084,100.58885192871094,-0.009312983602285385,1005.9816284179688,6.149519920349121
2,627,-0.07599999755620956,-0.008177862502634525,98.7425537109375,0.011878665536642075,987.3067626953125,6.040438175201416
2,628,-0.04399999976158142,-0.007085856050252914,103.71404266357422,0.1115746945142746,1036.024658203125,6.095241546630859
2,629,-0.1120000034570694,0.00027401105035096407,91.71299743652344,0.0031984825618565083,917.0979614257812,6.077300548553467
2,630,0.0,-0.007712370716035366,158.69915771484375,0.0005082773859612644,1586.986328125,6.6154937744140625
2,631,0.0,0.05631909519433975,98.3276596069336,0.08000744879245758,982.4765625,6.176278114318848
2,632,-0.1720000058412552,0.007229940965771675,98.86194610595703,-0.006048756651580334,988.679931640625,6.319292068481445
2,633,0.0,0.01058437954634428,135.1669158935547,-0.0031474214047193527,1351.70068359375,6.614391803741455
2,634,-0.10000000149011612,-0.0015108801890164614,100.23197937011719,0.007834754884243011,1002.241455078125,6.156998634338379
2,635,0.0,-0.001917941845022142,156.1870880126953,-0.0002891321200877428,1561.873779296875,6.6783246994018555
2,636,0.0,-0.007906606420874596,196.33291625976562,-0.0009516648715361953,1963.338623046875,6.728275299072266
2,637,-0.15600000321865082,-0.007485049311071634,108.86869812011719,0.02258787676692009,1088.4610595703125,6.148731708526611
2,638,0.0,0.006835538893938065,195.2183380126953,-0.0008240872411988676,1952.191650390625,6.691984176635742
2,639,-0.1860000044107437,-0.020133035257458687,97.49112701416016,0.09792391210794449,973.9320068359375,5.98941707611084
2,640,-0.11599999666213989,-0.029425064101815224,99.64558410644531,0.04916772618889809,995.964111328125,6.1208672523498535
2,641,-0.47200000286102295,-0.019223380833864212,94.82075500488281,0.04188137128949165,947.7886962890625,6.0801825523376465
2,642,-0.05000000074505806,-0.15154533088207245,53.8114013671875,0.014286928810179234,537.9711303710938,5.815062046051025
2,643,-0.06199999898672104,-0.036353737115859985,112.16629028320312,0.3974591791629791,1117.688232421875,6.134934425354004
2,644,0.0,-0.006727972533553839,164.46533203125,0.007364287972450256,1644.5797119140625,6.647458076477051
2,645,-0.15399999916553497,0.012025059200823307,90.4815673828125,0.004639546386897564,904.769287109375,6.193423748016357
2,646,-0.12399999797344208,-0.010991960763931274,121.67787170410156,0.0011502353008836508,1216.76708984375,5.943846225738525
2,647,0.0,-0.04177301749587059,115.53907012939453,-0.0035208051558583975,1155.42578125,6.084242820739746
2,648,-0.1679999977350235,-0.0024149471428245306,95.73457336425781,0.012207774445414543,957.2237548828125,6.092545509338379
2,649,0.0,-0.013190324418246746,102.84556579589844,0.003098555374890566,1028.4246826171875,6.048520088195801
2,650,-0.03799999877810478,-0.0067824553698301315,101.97989654541016,0.011287754401564598,1019.68603515625,6.217103004455566
2,651,-0.029999999329447746,-0.0016410304233431816,183.84930419921875,-0.0017079486278817058,1838.510009765625,6.654109001159668
2,652,0.0,-0.004460696130990982,192.87588500976562,-0.0035710176452994347,1928.794677734375,6.668100357055664
2,653,-0.1720000058412552,-0.0001705547038000077,208.66563415527344,-0.02122040092945099,2086.86865234375,6.549427032470703
2,654,-0.09200000017881393,-0.023392360657453537,104.30691528320312,0.03895753622055054,1042.6795654296875,6.048853397369385
2,655,-0.03799999877810478,-0.00482040923088789,199.04832458496094,-0.0028115147724747658,1990.51123046875,6.64057731628418
2,656,-0.09399999678134918,-0.010303870774805546,114.57359313964844,0.000808806624263525,1145.7279052734375,6.090056419372559
2,657,0.0,0.008344766683876514,201.47482299804688,-0.0012998946476727724,2014.760986328125,6.683834552764893
2,658,-0.07000000029802322,-0.008925940841436386,99.83250427246094,0.0054172039963305,998.2708740234375,6.036881446838379
2,659,0.0,-0.001778480946086347,198.75820922851562,-0.018427181988954544,1987.7662353515625,6.359396934509277
2,660,-0.08399999886751175,-0.07975304126739502,119.64976501464844,0.11812358349561691,1195.31640625,5.832572937011719
2,661,0.0,0.017985954880714417,155.28097534179688,-0.00019461786723695695,1552.8116455078125,6.59299373626709
2,662,0.0,0.003946108743548393,194.75772094726562,-0.0038932841271162033,1947.6162109375,6.595101356506348
2,663,-0.06400000303983688,0.0022636931389570236,191.6842803955078,-0.01690918207168579,1917.0118408203125,6.047224998474121
2,664,0.0,-0.013019777834415436,151.05087280273438,-0.006696886382997036,1510.5755615234375,6.569742202758789
2,665,-0.2939999997615814,0.009087951853871346,98.87588500976562,-0.0037355604581534863,988.7962036132812,6.112918853759766
2,666,-0.12200000137090683,-0.03347961977124214,118.69094848632812,0.6642581820487976,1180.266845703125,5.938662528991699
2,667,-0.17599999904632568,-0.02334422618150711,93.60325622558594,0.08452484756708145,935.1873168945312,5.912830352783203
2,668,0.0,-0.03234385699033737,93.71455383300781,0.22843673825263977,934.861083984375,6.05184268951416
2,669,-0.14800000190734863,-0.0023919744417071342,86.39299011230469,-0.0018443578155711293,863.9483642578125,6.073917388916016
2,670,-0.035999998450279236,0.03190694749355316,110.5682144165039,-0.02545708417892456,1105.936767578125,6.325039386749268
2,671,0.0,-0.000722990371286869,187.6566162109375,0.0007281442522071302,1876.55859375,6.666666030883789
2,672,0.0,-0.32097530364990234,34.116397857666016,0.001529379514977336,341.148681640625,5.616304874420166
2,673,0.0,-0.0012692045420408249,108.06812286376953,0.0045927781611680984,1080.63525390625,6.292760372161865
2,674,0.0,-0.006820288486778736,157.39505004882812,-0.008848821744322777,1574.0390625,6.460498809814453
2,675,0.0,-0.0037859557196497917,103.08551788330078,0.0036091431975364685,1030.819091796875,6.18912410736084
2,676,0.0,0.0040075452998280525,174.24879455566406,-0.008735197596251965,1742.5753173828125,6.450403213500977
2,677,0.0,0.00849880836904049,100.57316589355469,-0.009925896301865578,1005.8309326171875,6.110799789428711
2,678,-0.0560000017285347,0.01643158495426178,191.84786987304688,-0.025852734223008156,1918.737060546875,6.332128524780273
2,679,-0.07599999755620956,0.0019669171888381243,199.50393676757812,-0.016621235758066177,1995.20556640625,6.514037132263184
2,680,0.0,0.008887125179171562,172.0661163330078,-0.02222575806081295,1720.88330078125,6.326679229736328
2,681,-0.052000001072883606,-0.003672580933198333,88.77095794677734,-0.0013363403268158436,887.7229614257812,6.285412788391113
2,682,0.0,-0.0037393015809357166,151.4855499267578,-0.004372067749500275,1514.899169921875,6.4878692626953125
2,683,0.0,0.026344366371631622,122.33747863769531,-0.007382337003946304,1223.448486328125,6.223958492279053
2,684,0.0,0.005024543032050133,196.23065185546875,-0.02219908870756626,1962.528564453125,6.479803085327148
2,685,0.0,0.009712793864309788,193.19998168945312,-0.02446660026907921,1932.2445068359375,6.466945648193359
2,686,-0.052000001072883606,0.005625269841402769,100.17454528808594,0.0029863486997783184,1001.7155151367188,6.209621429443359
2,687,-0.03400000184774399,0.016482729464769363,98.95608520507812,-0.004879045765846968,989.609619140625,6.326234817504883
2,688,-0.004000000189989805,0.007887623272836208,196.5444793701172,-0.02187187783420086,1965.6634521484375,6.552597999572754
2,689,0.0,0.02159758284687996,183.39157104492188,-0.02402614802122116,1834.156005859375,6.173288345336914
2,690,-0.12600000202655792,0.002847766038030386,100.59359741210938,0.003923588432371616,1005.896728515625,6.225178241729736
2,691,-0.1979999989271164,0.005104627460241318,86.11736297607422,-0.00477230828255415,861.2213134765625,6.162822723388672
2,692,-0.3580000102519989,0.0023197035770863295,94.53176879882812,0.008421589620411396,945.2333984375,6.097554683685303
2,693,-0.0020000000949949026,-0.05258215218782425,106.79704284667969,0.8351076245307922,1059.6192626953125,5.91522741317749
2,694,0.0,-0.08974699676036835,162.88644409179688,0.01670175790786743,1628.697509765625,4.1533427238464355
2,695,-0.2199999988079071,-0.02396702580153942,96.10555267333984,0.01411715243011713,960.9143676757812,5.92388916015625
2,696,0.0,0.015263940207660198,143.81832885742188,-0.01551979873329401,1438.3385009765625,6.135161876678467
2,697,0.0,0.016295695677399635,175.23257446289062,-0.024431822821497917,1752.570068359375,6.245839595794678
2,698,-0.024000000208616257,0.047895289957523346,179.61093139648438,-0.014087211340665817,1796.250244140625,6.023777961730957
2,699,0.0,0.0012148567475378513,188.49635314941406,-0.013565512374043465,1885.09912109375,5.779701232910156
2,700,-0.019999999552965164,-0.00016101915389299393,105.15318298339844,0.9834492802619934,1041.6973876953125,5.922619819641113
2,701,0.0,0.04964656010270119,181.9994354248047,-0.023189609870314598,1820.22607421875,6.333425521850586
2,702,-0.009999999776482582,-0.4078507125377655,61.834686279296875,0.03560585901141167,617.9907836914062,5.052750587463379
2,703,-0.07999999821186066,-0.05203534662723541,110.72776794433594,0.1625683307647705,1105.6519775390625,6.11956787109375
2,704,-0.035999998450279236,-0.015853919088840485,103.66511535644531,0.0011553765507414937,1036.6395263671875,6.02985954284668
2,705,-0.20999999344348907,-0.0033720715437084436,173.8626708984375,-0.008819187991321087,1738.71484375,6.048159599304199
2,706,0.0,0.0021154629066586494,156.68722534179688,-0.020175205543637276,1567.073974609375,5.860799789428711
2,707,0.0,-0.13071346282958984,168.54385375976562,0.05074756592512131,1684.930908203125,4.114062309265137
2,708,-0.07000000029802322,-0.18440046906471252,163.56163024902344,0.018165532499551773,1635.4346923828125,4.433199882507324
2,709,-0.10599999874830246,-0.07214605063199997,109.63282012939453,0.003103561932221055,1096.297119140625,5.932592868804932
2,710,-0.009999999776482582,-0.17332012951374054,69.71771240234375,0.007861093617975712,697.0985107421875,5.627346038818359
2,711,0.0,-0.08338014036417007,95.59632110595703,0.5644582509994507,950.318603515625,5.97861909866333
2,712,0.0,0.016456615179777145,88.36148071289062,-0.005608945153653622,883.6708374023438,5.955402851104736
2,713,-0.06599999964237213,0.009458298794925213,95.66968536376953,-0.009629881009459496,956.7931518554688,6.138472557067871
2,714,0.0,-0.010588163509964943,159.22535705566406,-0.00794324092566967,1592.3330078125,6.29634952545166
2,715,0.0,-0.025851789861917496,169.22964477539062,-0.012290984392166138,1692.419189453125,4.575782299041748
2,716,-0.004000000189989805,0.010027189739048481,171.80213928222656,-0.005596619099378586,1718.0772705078125,4.42194938659668
2,717,-0.19200000166893005,-0.026223493739962578,110.97271728515625,0.009432418271899223,1109.6328125,5.99639892578125
2,718,0.0,0.005560160614550114,157.63345336914062,-0.014958452433347702,1576.484130859375,6.425530433654785
2,719,-0.1080000028014183,0.007126509211957455,109.59130859375,-0.011794385500252247,1096.031005859375,6.121904373168945
2,720,-0.03400000184774399,-0.008761292323470116,176.91262817382812,-0.0008337429026141763,1769.134765625,6.170533180236816
2,721,0.0,0.012147796340286732,82.06266784667969,-0.018805690109729767,820.814697265625,6.056206703186035
2,722,-0.17000000178813934,0.003941045608371496,191.0315399169922,-0.01983696036040783,1910.5137939453125,6.3903021812438965
2,723,0.0,0.02064663916826248,105.45271301269531,-0.020312247797846794,1054.730224609375,6.205310821533203
2,724,-0.03999999910593033,0.005645032040774822,106.50053405761719,-0.011837739497423172,1065.123779296875,6.156223297119141
2,725,-0.27000001072883606,-0.017932601273059845,99.28947448730469,0.0005288883112370968,992.889404296875,6.136496543884277
2,726,-0.004000000189989805,-0.005537173245102167,108.3263931274414,-0.008603805676102638,1083.349853515625,6.219192981719971
2,727,0.0,-0.07019706070423126,146.83973693847656,-0.0057608215138316154,1468.4549560546875,4.378439903259277
2,728,0.0,0.03423690423369408,174.77146911621094,-0.025420784950256348,1747.96875,6.355501174926758
2,729,0.0,-0.04373934492468834,121.23396301269531,0.05816800519824028,1211.7579345703125,5.936343193054199
2,730,-0.17399999499320984,-0.007179987151175737,106.95511627197266,0.004568011499941349,1069.5054931640625,6.075749397277832
2,731,-0.17800000309944153,0.0866670235991478,116.71903228759766,0.0031504048965871334,1167.1588134765625,6.390048980712891
2,732,-0.2280000001192093,-0.006292652804404497,88.8023452758789,0.005922822747379541,887.9641723632812,6.103331565856934
2,733,-0.07000000029802322,-0.0036540324799716473,100.14645385742188,0.000217868248000741,1001.46240234375,6.130830764770508
2,734,-0.11800000071525574,-0.024648010730743408,117.0141372680664,0.04446689039468765,1169.69677734375,6.07853889465332
2,735,-0.012000000104308128,0.03628503158688545,109.73495483398438,0.01109374314546585,1097.238525390625,6.432404518127441
2,736,-0.13199999928474426,0.06372392177581787,116.59269714355469,0.2718426585197449,1163.20849609375,6.393096923828125
2,737,-0.10599999874830246,0.0542713887989521,100.48255920410156,0.03426098823547363,1004.4830322265625,6.206892967224121
2,738,0.0,0.045296087861061096,108.61448669433594,-0.008245705626904964,1086.227294921875,6.243004322052002
2,739,-0.11599999666213989,-0.013293582014739513,101.08441925048828,-0.017160607501864433,1011.0158081054688,5.8667802810668945
2,740,0.0,-0.07994763553142548,155.8866424560547,-0.006255934946238995,1558.9290771484375,4.167793273925781
2,741,0.0,-0.015916626900434494,138.8608856201172,-0.013307446613907814,1388.741943359375,6.132800102233887
2,742,0.0,0.010688837617635727,198.29281616210938,-0.022787541151046753,1983.1558837890625,6.466747283935547
2,743,-0.09399999678134918,-0.0032032032031565905,94.67021942138672,0.17509470880031586,944.9512329101562,6.075704574584961
2,744,0.0,-0.025412747636437416,151.77284240722656,-0.02077573910355568,1517.9361572265625,4.202393054962158
2,745,-0.328000009059906,0.00244163628667593,100.32313537597656,-0.011986223049461842,1003.3511962890625,6.267139911651611
2,746,0.0,-0.014269409701228142,124.44385528564453,0.016345113515853882,1244.2750244140625,6.011821746826172
2,747,-0.1379999965429306,-0.01066499762237072,101.085205078125,0.12863491475582123,1009.565673828125,6.079236030578613
2,748,-0.2680000066757202,-0.04030773043632507,104.37095642089844,0.19370989501476288,1041.7724609375,5.969541549682617
2,749,-0.02199999988079071,-0.15385310351848602,86.34623718261719,0.040774062275886536,863.0546875,5.810976028442383
2,750,-0.18400000035762787,-0.0030245024245232344,107.87081146240234,0.008736006915569305,1078.6207275390625,6.290745258331299
2,751,-0.18400000035762787,0.007249351590871811,111.99325561523438,-0.00841012503951788,1120.0166015625,6.17755126953125
2,752,-0.07199999690055847,-0.04604862630367279,102.50119018554688,0.07863713055849075,1024.2255859375,5.929168701171875
2,753,-0.1420000046491623,-0.0038764425553381443,158.66001892089844,0.021839503198862076,1586.3819580078125,5.982919692993164
2,754,-0.0020000000949949026,-0.023632053285837173,103.21685791015625,0.4050396978855133,1028.1181640625,5.99665641784668
2,755,0.0,0.011453010141849518,142.96273803710938,-0.017679966986179352,1429.8040771484375,6.043173313140869
2,756,0.0,0.020885849371552467,116.65782165527344,0.0050079720094799995,1166.528076171875,6.413496017456055
2,757,-0.12999999523162842,-0.05282925069332123,92.74055480957031,0.2593923807144165,924.8116455078125,6.005487442016602
2,758,-0.11599999666213989,0.011440359055995941,113.08743286132812,-0.0018871537176892161,1130.8931884765625,6.23699951171875
2,759,-0.04600000008940697,0.003945370204746723,138.30914306640625,0.02952914498746395,1382.7958984375,5.996820449829102
2,760,-0.2720000147819519,-0.1723189651966095,99.54377746582031,0.2642485201358795,992.7952880859375,5.679059028625488
2,761,0.0,-0.020782534033060074,103.50041961669922,0.07097838819026947,1034.29443359375,5.990209579467773
2,762,0.0,0.026229292154312134,141.4387969970703,0.006323488894850016,1414.32470703125,6.021899223327637
2,763,-0.3580000102519989,-0.006819719448685646,97.10777282714844,0.06461615860462189,970.4315185546875,6.13896369934082
2,764,0.0,-0.08144406974315643,115.10296630859375,0.04693646356463432,1150.560302734375,6.007611274719238
2,765,0.0,-0.03664828836917877,96.61668395996094,0.07809694111347198,965.3858642578125,6.051839828491211
2,766,0.0,0.016745228320360184,97.26507568359375,0.021547991782426834,972.4352416992188,6.137418746948242
2,767,0.0,0.012473942711949348,103.5418701171875,0.02677125856280327,1035.1510009765625,6.203646183013916
2,768,-0.164000004529953,0.003313811030238867,103.18388366699219,0.003677747678011656,1031.802001953125,6.107877731323242
2,769,0.800000011920929,0.03357204422354698,116.64741516113281,0.03532988578081131,1166.120849609375,6.295100688934326
2,770,0.0,0.03364071622490883,128.36932373046875,0.004179199226200581,1283.651611328125,6.288660049438477
2,771,-0.04800000041723251,0.26425623893737793,185.10409545898438,0.33549070358276367,1847.68603515625,6.1144866943359375
2,772,0.0,0.22701597213745117,143.63052368164062,0.09668964892625809,1435.33837890625,6.3249640464782715
2,773,-0.10599999874830246,0.005871737375855446,87.96548461914062,0.04362896829843521,879.218505859375,6.0760393142700195
2,774,0.0,-0.41251325607299805,68.65042114257812,-0.002917979611083865,686.533447265625,5.631069660186768
2,775,0.0,-0.008212655782699585,117.60926818847656,0.013990825973451138,1175.9527587890625,5.912734031677246
2,776,0.0,-0.0009575673029758036,103.23381042480469,0.009835740551352501,1032.23974609375,5.969350814819336
2,777,-0.3479999899864197,0.04443994164466858,154.0582275390625,0.28464922308921814,1537.73583984375,6.3670830726623535
2,778,0.0,-0.050563447177410126,76.86041259765625,0.024379253387451172,768.3602905273438,5.766489028930664
2,779,-0.024000000208616257,0.009297797456383705,96.06599426269531,0.003946821205317974,960.6204833984375,5.844192981719971
2,780,0.0,0.047743216156959534,102.27816772460938,0.040471289306879044,1022.3768920898438,6.304117202758789
2,781,0.0,0.18464666604995728,137.52432250976562,1.084417462348938,1364.39892578125,4.2401814460754395
2,782,-0.00800000037997961,-0.011370547115802765,118.24101257324219,0.09074732661247253,1181.502685546875,5.9755449295043945
2,783,0.0,-0.011167507618665695,109.52304077148438,-0.0035085820127278566,1095.2655029296875,6.17867374420166
2,784,0.0,-0.004016788676381111,105.5628433227539,-0.0016662238631397486,1055.64501953125,6.185883522033691
2,785,-0.06199999898672104,-0.01670943573117256,109.57486724853516,0.11577039957046509,1094.591064453125,6.033186912536621
2,786,-0.164000004529953,-0.005743614863604307,107.40119934082031,0.06649807095527649,1073.346923828125,6.105844974517822
2,787,0.0,0.051172636449337006,140.90716552734375,0.009077394381165504,1408.9808349609375,6.006104469299316
2,788,0.0,0.020075004547834396,110.17853546142578,0.02279932051897049,1101.557373046875,6.065901279449463
2,789,0.0,-0.04516630247235298,91.33750915527344,-0.0013103317469358444,913.38818359375,5.87653923034668
2,790,0.0,0.056216951459646225,107.94601440429688,0.030856993049383163,1079.1514892578125,6.348075866699219
2,791,0.0,0.10921397060155869,123.2230224609375,0.05636996775865555,1231.66650390625,6.051217555999756
2,792,-0.14399999380111694,6.338581442832947e-05,126.70775604248047,0.03742492198944092,1266.7032470703125,5.940664768218994
2,793,-0.13600000739097595,-0.00839938409626484,113.69319915771484,0.04781040921807289,1136.453857421875,6.165801525115967
2,794,0.0,0.10291499644517899,102.91122436523438,0.12211435288190842,1027.89111328125,6.186521530151367
2,795,-0.1720000058412552,-0.10593462735414505,113.50262451171875,0.10185370594263077,1134.0076904296875,5.839381217956543
2,796,-0.04399999976158142,0.017329566180706024,95.6494369506836,0.012769670225679874,956.3666381835938,6.276304244995117
2,797,-0.2800000011920929,-0.0007313939859159291,99.9185791015625,2.4458160623908043e-05,999.185546875,6.121175765991211
2,798,-0.03799999877810478,0.0007550988811999559,99.8185806274414,0.04559721797704697,997.7297973632812,6.080963134765625
2,799,0.0,0.13026098906993866,144.76123046875,0.20185211300849915,1445.59375,6.298789024353027
2,800,0.0,0.05633658915758133,90.17012786865234,0.08536834269762039,900.8475341796875,5.87926721572876
2,801,0.0,0.00849988404661417,113.35317993164062,-0.002760080387815833,1133.559326171875,6.182242393493652
2,802,0.0,-0.0198062676936388,91.78421020507812,0.43518319725990295,913.490234375,6.018815517425537
2,803,-0.15800000727176666,-0.0019101356156170368,110.35881805419922,0.008383497595787048,1103.50439453125,5.969062805175781
2,804,0.0,-0.011615730822086334,92.02998352050781,0.2501736581325531,917.798095703125,5.993783950805664
2,805,-0.029999999329447746,0.047175630927085876,109.71981048583984,0.034265678375959396,1096.85546875,6.208963394165039
2,806,0.0,0.031096436083316803,79.49150085449219,0.10201777517795563,793.894775390625,6.085699081420898
2,807,0.0,0.002280100714415312,106.39999389648438,0.013946156948804855,1063.8604736328125,6.196676254272461
2,808,-0.1080000028014183,-0.013448487967252731,98.6669921875,0.00142203108407557,986.65576171875,6.1087541580200195
2,809,-0.16599999368190765,-0.5865926742553711,100.89923095703125,0.0643683448433876,1008.3486328125,4.13140869140625
2,810,-0.08799999952316284,-0.00569266127422452,95.40319061279297,0.002927284687757492,954.0026245117188,5.889329433441162
2,811,0.0,0.03734118863940239,52.52497100830078,-0.0011913797352463007,525.2615966796875,6.03896427154541
2,812,-0.052000001072883606,-0.02984597161412239,109.56868743896484,0.025912664830684662,1095.427734375,5.998080730438232
2,813,-0.40400001406669617,-0.0007410880643874407,90.28956604003906,0.07495244592428207,902.146240234375,6.079165935516357
2,814,0.0,-0.11024132370948792,115.28082275390625,0.1441161036491394,1151.3671875,5.851696968078613
2,815,0.0,0.04850316047668457,85.62898254394531,0.05641896277666092,855.7255859375,6.134411811828613
2,816,0.0,-0.01657305657863617,105.90943908691406,0.17563337087631226,1057.3380126953125,6.057636737823486
2,817,0.0,-0.0033318966161459684,68.10353088378906,0.003460167907178402,681.0006713867188,6.190590858459473
2,818,0.0,-0.03866021707653999,91.89575958251953,0.07092965394258499,918.248291015625,5.691781044006348
2,819,0.0,-0.026543527841567993,57.49633026123047,0.0466294139623642,574.4970092773438,5.868814945220947
2,820,-0.11999999731779099,-0.022744223475456238,97.63984680175781,0.004929906688630581,976.3492431640625,6.055069923400879
2,821,-0.07599999755620956,-0.011716805398464203,91.66692352294922,0.011760133318603039,916.5516357421875,6.0831146240234375
2,822,0.0,-0.045733749866485596,97.49514770507812,0.5334066152572632,969.617431640625,5.727403163909912
2,823,-0.16599999368190765,0.027000531554222107,90.96211242675781,-0.01672275923192501,909.788330078125,6.004671096801758
2,824,-0.2680000066757202,-0.01331915333867073,100.4206314086914,0.03884098678827286,1003.81787109375,5.99110221862793
2,825,0.0,-0.020654598250985146,99.37548065185547,0.04619665443897247,993.2928466796875,6.022187232971191
2,826,-0.004000000189989805,-0.06824562698602676,62.90746307373047,0.058609798550605774,628.488525390625,5.726315498352051
2,827,0.0,0.01902824640274048,47.267757415771484,0.004129743203520775,472.63623046875,5.957961559295654
2,828,-0.1080000028014183,0.01008643489331007,117.55570983886719,-0.01988685131072998,1175.7559814453125,6.345938682556152
2,829,0.0,-0.024030694738030434,51.268096923828125,0.005690467078238726,512.6240234375,5.863413333892822
2,830,0.0,0.025997865945100784,133.36221313476562,-0.023661401122808456,1333.858642578125,6.104835510253906
2,831,-0.06400000303983688,-0.007498645223677158,92.88677978515625,0.00978198554366827,928.7699584960938,5.934289932250977
2,832,-0.024000000208616257,-0.027925889939069748,82.42329406738281,0.6231213212013245,818.0016479492188,5.347823143005371
2,833,0.0,0.01723194494843483,93.59387969970703,-0.0028909870889037848,935.9676513671875,5.632464408874512
2,834,0.0,-0.03982143849134445,121.7762451171875,2.355362892150879,1194.2088623046875,5.218225479125977
2,835,-0.004000000189989805,-0.0837724432349205,117.42276000976562,0.024502571672201157,1173.9825439453125,5.696875095367432
2,836,-0.04800000041723251,-0.021908480674028397,95.55552673339844,0.09510651230812073,954.604248046875,5.687849044799805
2,837,-0.09200000017881393,-0.03652508184313774,100.45010375976562,0.09840694069862366,1003.5169677734375,5.804866313934326
2,838,-0.05000000074505806,-0.025581248104572296,118.28795623779297,0.020598620176315308,1182.673583984375,5.785741806030273
2,839,-0.14000000059604645,-0.08142773061990738,128.05662536621094,0.00867504347115755,1280.4793701171875,5.599764823913574
2,840,-0.14000000059604645,-0.021265286952257156,112.6307373046875,0.02146175503730774,1126.0927734375,5.782192230224609
2,841,0.0,0.0014440673403441906,101.82685852050781,-0.018071617931127548,1018.44921875,5.907604217529297
2,842,0.0,-0.16055792570114136,122.05025482177734,0.013635918498039246,1220.3662109375,5.19891357421875
2,843,0.0,0.10093580931425095,103.0495834350586,0.3836347460746765,1026.659423828125,3.872465133666992
2,844,-0.024000000208616257,-0.026813508942723274,124.95094299316406,0.02236757054924965,1249.2857666015625,5.837738037109375
2,845,-0.1459999978542328,-0.08687520772218704,129.8739013671875,-0.010656007565557957,1298.845458984375,5.270932197570801
2,846,-0.20999999344348907,-0.07518643885850906,91.67886352539062,0.056224264204502106,916.2263793945312,5.693873405456543
2,847,-0.0560000017285347,-0.28824475407600403,32.01363754272461,5.097384736529875e-09,320.1363525390625,5.120514392852783
2,848,-0.04600000008940697,-0.0370626300573349,96.93924713134766,0.565054714679718,963.7418823242188,6.088603973388672
2,849,-0.10599999874830246,0.04054001346230507,110.61654663085938,-0.019392862915992737,1106.359375,6.137685298919678
2,850,0.0,-0.06553375720977783,88.66815948486328,0.016498003154993057,886.5166015625,5.717325210571289
2,851,0.0,-0.0025636195205152035,107.66293334960938,-0.009963923133909702,1076.7288818359375,6.066686153411865
2,852,-0.30399999022483826,0.03260451555252075,95.69441223144531,-0.024456487968564034,957.188720703125,6.128411769866943
2,853,0.0,0.007883389480412006,105.6683120727539,0.007053902372717857,1056.612548828125,6.139225006103516
2,854,-0.07000000029802322,0.029185734689235687,111.27132415771484,-0.029708996415138245,1113.01025390625,6.235414505004883
2,855,-0.1420000046491623,-0.007337165996432304,92.19316101074219,-0.009034836664795876,922.02197265625,6.1415605545043945
2,856,0.0,-0.023753510788083076,57.12507629394531,0.014819132164120674,571.1025390625,5.920332908630371
2,857,0.0,-0.008899214677512646,133.1644287109375,0.03763899952173233,1331.267822265625,6.050225734710693
2,858,0.0,0.2603681683540344,119.36345672607422,0.7280952334403992,1186.3536376953125,4.137306213378906
2,859,-0.10000000149011612,0.018079085275530815,86.12689208984375,-0.023339450359344482,861.5023193359375,6.155546188354492
2,860,0.0,0.04443265497684479,118.48519897460938,0.07583142817020416,1184.0936279296875,5.990486145019531
2,861,-0.02800000086426735,-0.05081873759627342,132.04379272460938,-0.027359312400221825,1320.71142578125,5.179365158081055
2,862,-0.14000000059604645,0.013872819021344185,100.80049133300781,-0.016801850870251656,1008.1729125976562,6.167649269104004
2,863,-0.0020000000949949026,0.029228586703538895,119.80577850341797,0.14920644462108612,1196.565673828125,6.044795989990234
2,864,-0.1120000034570694,0.00133097218349576,111.79472351074219,0.018191862851381302,1117.7652587890625,5.946501731872559
2,865,-0.1120000034570694,-0.03513190150260925,94.83078002929688,0.12782864272594452,947.029541015625,6.017642021179199
2,866,-0.14399999380111694,-0.013895755633711815,109.84443664550781,0.06183145195245743,1097.825927734375,6.06068229675293
2,867,0.0,-0.03350686654448509,77.26188659667969,0.014359907247126102,772.4752807617188,5.682758331298828
2,868,-0.38999998569488525,0.00019348622299730778,106.93180847167969,-0.016971487551927567,1069.48779296875,5.917313575744629
2,869,-0.09200000017881393,0.02420399896800518,106.55735778808594,-0.02440814860165119,1065.817626953125,6.2248854637146
2,870,-0.3199999928474426,-0.003221294842660427,93.21589660644531,0.013431699015200138,932.0245971679688,6.036174774169922
2,871,-0.07800000160932541,-0.026510270312428474,97.45217895507812,-0.0014276219299063087,974.5360717773438,5.985731601715088
2,872,-0.006000000052154064,-0.033552758395671844,103.81444549560547,0.010063184425234795,1038.0439453125,5.994103908538818
2,873,-0.05400000140070915,0.014433322474360466,98.08433532714844,-0.02564421482384205,981.099853515625,6.289746284484863
2,874,0.0,-0.02235620841383934,109.64208984375,0.0370907299220562,1096.0499267578125,5.636870861053467
2,875,0.0,0.01665385626256466,105.92471313476562,-0.024877171963453293,1059.495849609375,6.143939971923828
2,876,-0.23999999463558197,-0.005858966149389744,93.42759704589844,-0.006112996954470873,934.3370971679688,6.043235778808594
2,877,-0.06800000369548798,0.0077995359897613525,116.9343032836914,-0.013248779810965061,1169.4754638671875,6.156033515930176
2,878,-0.09600000083446503,-0.012382208369672298,125.98698425292969,0.03901092708110809,1259.479736328125,5.886257171630859
2,879,-0.4000000059604645,0.011570299975574017,104.8662109375,-0.018975073471665382,1048.851806640625,6.357707977294922
2,880,-0.22200000286102295,-0.03572172671556473,96.73233032226562,0.004716674797236919,967.276123046875,5.640058517456055
2,881,-0.11999999731779099,0.01383332721889019,100.91253662109375,-0.013986470177769661,1009.2652587890625,6.161493301391602
2,882,0.0,0.06407266855239868,90.20911407470703,0.1675594002008438,900.41552734375,6.069284439086914
2,883,0.0,-0.002075896132737398,68.69227600097656,0.005893116816878319,686.86376953125,5.884433269500732
2,884,0.0,-0.008531401865184307,93.42247009277344,0.04601604864001274,933.764404296875,5.623987197875977
2,885,-0.01600000075995922,-0.08177714794874191,130.3951416015625,0.015195297077298164,1303.79931640625,5.917827606201172
2,886,-0.164000004529953,0.004413226619362831,99.16756439208984,-0.01357740256935358,991.8114013671875,6.329995155334473
2,887,-0.21199999749660492,0.02012670412659645,84.79997253417969,-0.015055136755108833,848.1502075195312,6.211678981781006
2,888,-0.335999995470047,0.060553327202796936,92.76934814453125,-0.013637577183544636,927.8299560546875,6.032688140869141
2,889,-0.1860000044107437,0.0004837495507672429,91.41038513183594,-0.003330374602228403,914.1371459960938,5.624693870544434
2,890,-0.20999999344348907,0.06239805370569229,101.98587036132812,0.005862975958734751,1019.800048828125,5.878049850463867
2,891,0.0,0.012114038690924644,78.65142059326172,0.020683012902736664,786.307373046875,6.058384895324707
2,892,0.0,-0.0009682915988378227,78.4070053100586,0.01908271573483944,783.8792724609375,5.941054344177246
2,893,-0.07400000095367432,-0.022526318207383156,100.959228515625,0.06243838742375374,1008.9678955078125,5.496804237365723
2,894,0.0,0.010538442991673946,63.14586639404297,0.0237059835344553,631.2215576171875,6.115123748779297
2,895,0.0,0.008426372893154621,66.23738098144531,-0.0048463353887200356,662.4222412109375,6.039775371551514
2,896,0.0,0.003424161346629262,107.43978881835938,-0.008819381706416607,1074.486083984375,6.250105381011963
2,897,-0.11800000071525574,8.870987221598625e-05,100.6353530883789,-0.0015312733594328165,1006.3687744140625,6.221088886260986
2,898,-0.11599999666213989,-0.004772864282131195,105.05232238769531,0.03309577330946922,1050.1922607421875,6.17803430557251
2,899,-0.164000004529953,0.03262417018413544,97.32177734375,0.0004063283558934927,973.2136840820312,6.270477771759033
2,900,0.0,-0.17128771543502808,42.834129333496094,0.04549131169915199,427.8863525390625,5.722050666809082
2,901,-0.12800000607967377,-0.026272151619195938,97.84754943847656,0.03371934965252876,978.1382446289062,5.881359100341797
2,902,-0.03200000151991844,0.04202684015035629,107.87202453613281,-0.013712991029024124,1078.8572998046875,6.3437395095825195
2,903,-0.21799999475479126,0.011045863851904869,89.00605010986328,-0.006758043542504311,890.1280517578125,6.2344441413879395
2,904,0.0,0.020453251898288727,93.69445037841797,-0.003968298900872469,936.9841918945312,6.19109582901001
2,905,0.0,0.037264078855514526,98.55184936523438,0.060098808258771896,984.91748046875,6.328497886657715
2,906,-0.15199999511241913,0.06591521203517914,111.34539031982422,-0.005871759727597237,1113.5125732421875,6.165759563446045
2,907,0.0,0.004277461674064398,116.52757263183594,-0.0030636084266006947,1165.306396484375,6.129755020141602
2,908,-0.004000000189989805,-0.011483613401651382,108.70176696777344,0.006378979422152042,1086.953857421875,6.078265190124512
2,909,-0.09399999678134918,-0.008184077218174934,95.8018798828125,0.08998265862464905,957.1189575195312,6.03612756729126
2,910,0.0,0.03931510075926781,59.510921478271484,0.0008192975074052811,595.1010131835938,5.7115092277526855
2,911,0.0,-0.00014435872435569763,111.30716705322266,-0.000773356412537396,1113.079345703125,6.080059051513672
2,912,0.0,0.06358863413333893,61.06157684326172,0.06045940890908241,610.0111083984375,6.179986953735352
2,913,0.0,0.018654152750968933,55.02320861816406,0.001890271552838385,550.2131958007812,5.957482814788818
2,914,-0.3019999861717224,0.0002962402068078518,93.26194763183594,-0.0022009797394275665,932.6414794921875,6.123190879821777
2,915,0.0,0.018177824094891548,88.31014251708984,0.12784531712532043,881.8229370117188,6.192972183227539
2,916,0.0,-0.13351039588451385,102.6849365234375,0.5550277829170227,1021.2990112304688,5.589556694030762
2,917,0.0,-0.002389946486800909,102.04263305664062,-0.01204344630241394,1020.5466918945312,6.1040496826171875
2,918,0.0,0.010430730879306793,60.87470245361328,0.027616016566753387,608.4708251953125,5.882687568664551
2,919,-0.19200000166893005,0.028231211006641388,103.70802307128906,-0.002023851964622736,1037.1004638671875,6.320871353149414
2,920,-0.06599999964237213,-0.050321340560913086,94.02471923828125,0.703359067440033,933.2135009765625,5.432092189788818
2,921,0.0,-0.011405376717448235,123.78992462158203,0.05508642643690109,1237.348388671875,5.966155052185059
2,922,-0.4099999964237213,0.0080539770424366,87.78700256347656,-0.009634468704462051,877.9663696289062,5.914292335510254
2,923,-0.026000000536441803,-0.03157755360007286,84.57862854003906,0.5329580903053284,840.4567260742188,5.280307769775391
2,924,-0.12999999523162842,-0.04028017818927765,106.68270874023438,0.37564870715141296,1063.0706787109375,5.777865409851074
2,925,0.0,0.00492533203214407,105.21916198730469,0.0004929185379296541,1052.1866455078125,6.075675964355469
2,926,-0.0860000029206276,-0.012641914188861847,106.71075439453125,0.017707493156194687,1066.930419921875,5.948033332824707
2,927,-0.07199999690055847,-0.004020518623292446,99.39922332763672,0.008793961256742477,993.904296875,6.173750877380371
2,928,0.0,0.0021620397455990314,48.914886474609375,-0.0018441881984472275,489.1673278808594,5.81168270111084
2,929,0.0,0.008316203020513058,53.89076232910156,0.012362117879092693,538.783935546875,5.5556206703186035
2,930,-0.12399999797344208,-0.009562656283378601,103.3870620727539,0.03831909969449043,1033.4874267578125,6.093448162078857
2,931,-0.07599999755620956,-0.0447852686047554,111.23907470703125,0.28953850269317627,1109.495361328125,5.912146091461182
2,932,0.0,-0.00010493661102373153,98.15042114257812,-0.00021453649969771504,981.5064086914062,5.736232280731201
2,933,-0.27000001072883606,-0.014413374476134777,100.39601135253906,0.017666682600975037,1003.7833862304688,6.0764265060424805
2,934,-0.0860000029206276,-0.006647816859185696,90.99840545654297,-0.004737268202006817,910.0314331054688,6.137590408325195
2,935,0.0,-0.0017798764165490866,107.55671691894531,-0.0017714912537485361,1075.5849609375,6.088855743408203
2,936,-0.014000000432133675,-0.10557468235492706,79.2672119140625,0.31338605284690857,789.5382080078125,5.474956512451172
2,937,0.0,0.04603814333677292,112.31224060058594,0.069514200091362,1122.42724609375,6.0715508460998535
2,938,-0.024000000208616257,0.007641438394784927,90.90476989746094,0.06317881494760513,908.4158935546875,6.097866058349609
2,939,-0.36399999260902405,-0.016142213717103004,97.76959228515625,0.03282039612531662,977.36767578125,6.051121234893799
2,940,-0.052000001072883606,-0.013650189153850079,89.49330139160156,0.00803876668214798,894.8526611328125,5.854887008666992
2,941,-0.06199999898672104,-0.019178563728928566,74.4374771118164,0.1252746880054474,743.1220092773438,5.377574443817139
2,942,0.0,0.034415777772665024,75.70462036132812,-0.01229824684560299,757.1691284179688,5.807619094848633
2,943,-0.041999999433755875,-0.0017396262846887112,100.9870834350586,0.02017328143119812,1009.6691284179688,5.723082542419434
2,944,0.0,0.007628754712641239,84.64253234863281,-0.018195411190390587,846.6072387695312,6.237692356109619
2,945,-0.009999999776482582,-0.08750312030315399,93.64292907714844,0.19438734650611877,934.4854125976562,5.711239814758301
2,946,-0.024000000208616257,0.03950219601392746,83.97440338134766,0.08445074409246445,838.8995361328125,5.9675703048706055
2,947,0.0,-0.001567775383591652,99.14430236816406,0.005318912677466869,991.3897705078125,5.857985973358154
2,948,0.0,-0.03877504542469978,51.57586669921875,0.02571965381503105,515.50146484375,5.633171558380127
2,949,-0.03400000184774399,-0.01988571509718895,109.94259643554688,0.009137887507677078,1099.3345947265625,6.044547080993652
2,950,-0.07000000029802322,0.01489762868732214,93.5357894897461,0.004638080485165119,935.3115234375,5.912905216217041
2,951,0.0,-0.025441348552703857,96.49980163574219,0.03473355248570442,964.650634765625,5.949140548706055
2,952,0.0,-0.016028478741645813,88.39706420898438,0.023263921961188316,883.738037109375,5.794726848602295
2,953,-0.30000001192092896,-0.005240621976554394,97.19664764404297,0.014806922525167465,971.8184814453125,6.085908889770508
2,954,0.0,-0.015280584804713726,106.02794647216797,0.006620398722589016,1060.21337890625,6.075073719024658
2,955,0.0,0.027088666334748268,97.92582702636719,0.07061456888914108,978.5521240234375,6.03063440322876
2,956,-0.07999999821186066,0.04519159346818924,101.58609771728516,-0.021125290542840958,1016.0722045898438,6.342535972595215
2,957,-0.09399999678134918,0.031836092472076416,90.63858032226562,0.02437334880232811,906.14208984375,6.276501655578613
2,958,-0.08399999886751175,0.01838715560734272,105.58451843261719,0.024478141218423843,1055.6004638671875,6.332274436950684
2,959,-0.18000000715255737,-0.006974265445023775,94.04046630859375,0.010514700785279274,940.299560546875,5.994168281555176
2,960,-0.1860000044107437,0.007004111539572477,93.52114868164062,-0.013613106682896614,935.34765625,6.1654486656188965
2,961,0.0,-0.0009570075199007988,64.9203109741211,0.008617173880338669,649.116943359375,5.953287601470947
2,962,-0.2240000069141388,0.01164391078054905,99.45783996582031,-0.00620053056627512,994.640380859375,6.275243282318115
2,963,0.0,0.03474880009889603,67.97784423828125,0.027426373213529587,679.504150390625,6.050897598266602
2,964,0.0,0.04865624010562897,87.55904388427734,0.04333627596497536,875.1570434570312,6.199758052825928
2,965,0.0,-0.007586330641061068,56.34457778930664,0.03848476707935333,563.0609130859375,5.875653266906738
2,966,-0.03200000151991844,0.05323343351483345,102.00486755371094,0.04098716750741005,1019.6387939453125,6.2872490882873535
2,967,0.0,-0.043660979717969894,116.06297302246094,0.09573210775852203,1159.67236328125,5.964064121246338
2,968,-0.1679999977350235,0.015308083966374397,90.87279510498047,-0.007888377644121647,908.8067626953125,6.184579372406006
2,969,-0.12600000202655792,-0.06537864357233047,102.11909484863281,0.6989560723304749,1014.2013549804688,5.922112464904785
2,970,0.0,-0.007080471143126488,114.74595642089844,0.003872622037306428,1147.4207763671875,5.998440265655518
2,971,0.0,0.00026735669234767556,101.85518646240234,0.0016653675120323896,1018.5352172851562,6.148806571960449
2,972,-0.1080000028014183,-0.014591306447982788,93.95205688476562,0.14082080125808716,938.1123046875,6.023093223571777
2,973,0.0,0.013493621721863747,52.58879852294922,0.00340114813297987,525.85400390625,5.776432037353516
2,974,0.0,0.02621603012084961,44.95766830444336,-0.014087247662246227,449.717529296875,5.831417560577393
2,975,0.0,-0.22448252141475677,52.2327766418457,0.015353615395724773,522.1741943359375,5.893718242645264
2,976,-0.1979999989271164,-0.01262064091861248,96.11453247070312,0.12590940296649933,959.88623046875,6.210201740264893
2,977,-0.026000000536441803,-0.005686329677700996,92.3038330078125,0.0013923621736466885,923.0243530273438,5.864164352416992
2,978,-0.17599999904632568,-0.003656002227216959,92.00468444824219,-0.0035713587421923876,920.08251953125,6.158075332641602
2,979,0.0,-0.4995097219944,53.303524017333984,0.029278844594955444,532.742431640625,5.454507827758789
2,980,0.0,-0.04454009234905243,104.86691284179688,0.18302541971206665,1046.8388671875,6.174007892608643
2,981,-0.1080000028014183,-0.0302442479878664,116.53782653808594,0.13584460318088531,1164.019775390625,6.015507221221924
2,982,-0.12200000137090683,0.09841661155223846,83.59992980957031,0.09658873826265335,835.0333862304688,5.771964073181152
2,983,0.0,-0.03070904314517975,89.08705139160156,0.10107527673244476,889.8596801757812,6.03986930847168
2,984,-0.16200000047683716,0.0007074775057844818,101.56739807128906,-0.00805452186614275,1015.7545166015625,6.09035587310791
2,985,-0.11400000005960464,0.0526118129491806,108.61646270751953,-0.007363351993262768,1086.23828125,6.220728874206543
2,986,0.0,-0.010816053487360477,77.42330169677734,0.07206010073423386,773.512451171875,5.80247688293457
2,987,-0.17399999499320984,-0.006240868009626865,99.24368286132812,0.01790139637887478,992.2578125,5.990806579589844
2,988,0.0,0.11597035825252533,58.594688415527344,0.16356848180294037,584.3111572265625,6.072160720825195
2,989,0.0,0.005601922981441021,97.93284606933594,-0.004779989831149578,979.3763427734375,6.09775447845459
2,990,-0.20999999344348907,-0.08984208106994629,103.77059936523438,0.05776165425777435,1037.12841796875,5.835068702697754
2,991,0.0,0.0037799503188580275,65.51554107666016,0.0042350683361291885,655.113037109375,5.6749725341796875
2,992,-0.03400000184774399,-0.004057780373841524,97.79556274414062,-0.0015394845977425575,977.970947265625,6.275857448577881
2,993,0.0,0.032800592482089996,113.57149505615234,-0.0044817570596933365,1135.759765625,6.159112930297852
2,994,0.0,0.0011452994076535106,101.52201843261719,-0.006417305674403906,1015.2843017578125,6.14422607421875
2,995,-0.03200000151991844,-0.13504517078399658,112.57670593261719,0.4261939823627472,1121.505126953125,5.86053466796875
2,996,0.0,-0.012251690030097961,74.7508544921875,0.06386437267065048,746.869873046875,5.836078643798828
2,997,-0.15399999916553497,0.08157780021429062,130.20657348632812,1.0503735542297363,1291.5618896484375,6.343829154968262
2,998,-0.2240000069141388,-0.022644054144620895,86.25115966796875,0.14693666994571686,861.042236328125,6.128330230712891
2,999,0.0,0.007406239863485098,51.93840026855469,0.06894287467002869,518.694580078125,6.10725212097168
2,1000,-0.07599999755620956,0.003637424437329173,95.63896179199219,0.2220478057861328,954.1691284179688,5.969295501708984
2,1001,0.0,0.01470382884144783,50.476318359375,-0.009527241811156273,504.8583984375,5.880577087402344
2,1002,-0.1080000028014183,-0.0100003182888031,105.15486907958984,0.03902176395058632,1051.158447265625,6.095831871032715
2,1003,-0.0020000000949949026,-0.047819893807172775,105.00419616699219,0.14385774731636047,1048.6033935546875,5.9172773361206055
2,1004,0.0,0.012878650799393654,53.04998779296875,-0.0007624237332493067,530.5074462890625,5.828955173492432
2,1005,0.0,0.025986406952142715,72.3746109008789,-0.009455414488911629,723.8406372070312,5.763931751251221
2,1006,0.0,-0.00036177734727971256,103.09374237060547,0.008030503988265991,1030.857177734375,6.146183967590332
2,1007,-0.07199999690055847,-0.06848587840795517,117.91400146484375,0.33375096321105957,1175.802490234375,5.814187526702881
2,1008,-0.22599999606609344,0.02987057901918888,96.4970703125,-0.012439368292689323,965.0950927734375,6.197927474975586
2,1009,0.0,0.00385390967130661,77.29908752441406,-0.004885844886302948,773.0396728515625,5.590211868286133
2,1010,-0.1459999978542328,-0.04028225690126419,105.60456848144531,0.06053535267710686,1055.440185546875,5.986635684967041
2,1011,0.0,-0.02918967418372631,99.76615905761719,0.05076667666435242,997.1539306640625,5.881644248962402
2,1012,0.0,-0.0035029277205467224,67.9442138671875,0.003328257706016302,679.4088134765625,5.901395797729492
2,1013,0.0,0.002440181327983737,82.77653503417969,0.22723042964935303,825.4930419921875,5.467453956604004
2,1014,0.0,0.04109850898385048,48.45519256591797,-0.017490623518824577,484.7268371582031,5.798118591308594
2,1015,0.0,-0.008675213903188705,107.6675033569336,0.0007858853787183762,1076.6671142578125,6.170622825622559
2,1016,-0.02800000086426735,-0.4181843101978302,57.14756774902344,0.06794492900371552,570.7962036132812,5.3904852867126465
2,1017,-0.21199999749660492,-0.05673631653189659,84.59461975097656,0.1108253225684166,844.837890625,6.051870346069336
2,1018,0.0,0.010110022500157356,116.0794677734375,0.041924431920051575,1160.37548828125,6.07644510269165
2,1019,-0.3240000009536743,0.008667688816785812,92.56141662597656,-0.02446724846959114,925.85888671875,5.823993682861328
2,1020,0.0,0.03321343660354614,96.25117492675781,0.014931890182197094,962.3624267578125,6.304959297180176
2,1021,-0.18799999356269836,-0.04355214163661003,116.24668884277344,0.08802653849124908,1161.586669921875,5.876856803894043
2,1022,-0.014000000432133675,-0.0879209116101265,165.72454833984375,0.14901477098464966,1655.75537109375,4.292332172393799
2,1023,-0.1899999976158142,-0.21498392522335052,57.56763458251953,-0.0032800002954900265,575.7091064453125,5.736895561218262
2,1024,-0.23000000417232513,-0.040881089866161346,106.40718078613281,0.2117663323879242,1061.9541015625,6.093339443206787
2,1025,-0.12999999523162842,0.04575049877166748,90.42864227294922,-0.033114612102508545,904.6175537109375,6.1059160232543945
2,1026,0.0,-0.032504379749298096,71.94561004638672,0.004297029227018356,719.4130859375,5.631960868835449
2,1027,-0.1679999977350235,-0.04621410369873047,111.63351440429688,0.009358813986182213,1116.241455078125,5.704824447631836
2,1028,0.0,0.03225274756550789,152.42202758789062,0.3602113127708435,1520.6181640625,6.402883529663086
2,1029,0.0,-0.018736647441983223,88.07174682617188,0.001829176559112966,880.6990966796875,5.869277000427246
2,1030,0.0,-0.00014582125004380941,92.60725402832031,-0.007493926212191582,926.1474609375,6.1083807945251465
2,1031,0.0,0.03492701053619385,87.10980224609375,0.07963861525058746,870.3016357421875,5.981503486633301
2,1032,0.0,-0.022713880985975266,53.02246856689453,0.04010353609919548,529.8236083984375,5.893800735473633
2,1033,0.0,0.03855680301785469,119.64851379394531,-0.02199203334748745,1196.705078125,6.370894432067871
2,1034,-0.13199999928474426,0.031364817172288895,93.24690246582031,-0.009624699130654335,932.5652465820312,6.273365497589111
2,1035,0.0,0.000972825800999999,55.03227233886719,-0.008053523488342762,550.4031982421875,5.898646354675293
2,1036,0.0,0.055512383580207825,59.75222396850586,0.08257582783699036,596.6964111328125,6.135313987731934
2,1037,-0.28200000524520874,0.04720504581928253,102.26580810546875,0.004478502087295055,1022.6133422851562,6.1782331466674805
2,1038,0.0,-0.004346952307969332,60.70185470581055,0.053314290940761566,606.4854125976562,5.852859020233154
2,1039,0.0,0.00955282337963581,98.73555755615234,-0.016498368233442307,987.5205078125,6.181187629699707
2,1040,-0.10400000214576721,-0.004052965436130762,90.39437866210938,0.007606664206832647,903.8677978515625,6.092045783996582
2,1041,-0.16200000047683716,0.0006339075043797493,99.20450592041016,-0.009682306088507175,992.141845703125,6.155555725097656
2,1042,-0.20600000023841858,-0.016668500378727913,97.47591400146484,0.10299819707870483,973.7291259765625,6.074007987976074
2,1043,-0.1080000028014183,0.03598910942673683,93.49386596679688,-0.005286245606839657,934.9915161132812,5.964740753173828
2,1044,0.0,0.0052398196421563625,98.30909729003906,0.09560194611549377,982.1348876953125,6.032163619995117
2,1045,0.0,-0.00708253588527441,48.2078857421875,0.1425642967224121,480.6531677246094,5.690097332000732
2,1046,-0.18000000715255737,-0.003490735311061144,105.17372131347656,0.003377108834683895,1051.703369140625,6.124220848083496
2,1047,-0.25600001215934753,-0.5251672267913818,26.27103614807129,-3.689262451089803e-09,262.7103576660156,5.635756015777588
2,1048,-0.1420000046491623,-0.043171145021915436,104.33390808105469,0.6912291049957275,1036.4267578125,6.096305847167969
2,1049,-0.11400000005960464,-0.00629492336884141,97.74388885498047,0.008054375648498535,977.3583984375,5.773410797119141
2,1050,0.0,-0.0014865472912788391,77.78791809082031,-0.012899741530418396,778.0081787109375,5.829066276550293
2,1051,0.0,0.0055496105924248695,107.19677734375,-0.008423849940299988,1072.0521240234375,5.653241157531738
2,1052,0.0,-0.003930588252842426,103.49803924560547,0.04700112342834473,1034.5103759765625,6.017830848693848
2,1053,0.0,0.044826675206422806,78.92042541503906,0.08933994174003601,788.310791015625,6.160892486572266
2,1054,-0.1679999977350235,-0.016803134232759476,104.59288787841797,0.018181530758738518,1045.7470703125,5.927200794219971
2,1055,-0.18799999356269836,-0.055629581212997437,106.4444808959961,0.056362804025411606,1063.881103515625,5.90756893157959
2,1056,-0.17000000178813934,-0.020577944815158844,103.76890563964844,-0.0015176760498434305,1037.704345703125,6.055545806884766
2,1057,0.0,-0.049351513385772705,65.56498718261719,0.028743525967001915,655.3624877929688,5.668350696563721
2,1058,-0.01600000075995922,-0.019856473430991173,107.22288513183594,0.027086464688181877,1071.9580078125,5.951319694519043
2,1059,0.0,-0.02023143693804741,90.6971664428711,0.01762886345386505,906.79541015625,5.868288040161133
2,1060,0.0,0.052226848900318146,55.85805892944336,0.04532249644398689,558.1273193359375,5.910769939422607
2,1061,-0.2160000056028366,-0.004223400726914406,101.6080322265625,0.004594305530190468,1016.034423828125,6.09964656829834
2,1062,0.0,0.013303108513355255,84.65672302246094,-0.01853148266673088,846.7525024414062,6.136753559112549
2,1063,-0.1080000028014183,-0.03844638913869858,97.89925384521484,0.08099763840436935,978.1824951171875,6.021248817443848
2,1064,0.0,0.0013337641721591353,51.5091552734375,0.04786970466375351,514.61279296875,5.490545272827148
2,1065,-0.2160000056028366,-0.02069181017577648,99.84724426269531,0.032757095992565155,998.1448364257812,5.801711082458496
2,1066,-0.0560000017285347,-0.0038223001174628735,105.42910766601562,-0.0049478779546916485,1054.3404541015625,6.143122673034668
2,1067,-0.10199999809265137,-0.004398882854729891,97.25373840332031,-0.00013698451220989227,972.538818359375,6.051836013793945
2,1068,-0.05000000074505806,0.01900465413928032,102.46587371826172,-0.0212013591080904,1024.870849609375,6.280806064605713
2,1069,-0.08399999886751175,-0.010271359235048294,104.15666198730469,0.06175553426146507,1040.9490966796875,5.981870174407959
2,1070,0.0,0.017225783318281174,103.372314453125,-0.017702894285321236,1033.900146484375,6.1600799560546875
2,1071,-0.1940000057220459,-0.0038130846805870533,106.95906066894531,-0.004417946562170982,1069.634765625,6.117914199829102
2,1072,-0.37599998712539673,-0.03903733566403389,96.41423034667969,0.05299274995923042,963.6123657226562,5.926374435424805
2,1073,-0.004000000189989805,-0.019103223457932472,104.3077392578125,0.012382390908896923,1042.95361328125,6.1014790534973145
2,1074,0.0,0.011500262655317783,39.086036682128906,0.018797658383846283,390.6723937988281,5.964696884155273
2,1075,-0.11800000071525574,-0.027657128870487213,105.12184143066406,0.08564552664756775,1050.36181640625,6.027942657470703
2,1076,-0.09600000083446503,-0.03416759520769119,106.74801635742188,0.10442517697811127,1066.435791015625,6.059597015380859
2,1077,0.0,0.04334873706102371,59.75629425048828,0.20708352327346802,595.4920654296875,6.034470081329346
2,1078,-0.22599999606609344,-0.007832267321646214,91.59687805175781,0.03983326256275177,915.5704345703125,6.090056896209717
2,1079,-0.20999999344348907,-0.043805841356515884,86.57782745361328,0.054273638874292374,865.2355346679688,5.916317939758301
2,1080,-0.18000000715255737,-0.023428482934832573,102.46694946289062,0.04045221209526062,1024.264892578125,5.982267379760742
2,1081,-0.17399999499320984,0.11454608291387558,122.72651672363281,1.5352908372879028,1211.9122314453125,6.2555646896362305
2,1082,-0.014000000432133675,-0.009769691154360771,106.19619750976562,0.05823124200105667,1061.379638671875,6.027587413787842
2,1083,0.0,0.02480969950556755,71.8019027709961,0.2731301784515381,715.2877197265625,5.6512861251831055
2,1084,-0.07800000160932541,-0.0013961521908640862,97.2260971069336,0.016669118776917458,972.09423828125,5.91953706741333
2,1085,-0.27799999713897705,-0.01298963837325573,82.781494140625,0.05787034332752228,827.2362060546875,6.016566276550293
2,1086,-0.16200000047683716,-0.00060015928465873,125.42338562011719,-0.020658887922763824,1254.4404296875,6.1288347244262695
2,1087,-0.03400000184774399,-0.02714509144425392,111.87999725341797,0.00783731509000063,1118.7215576171875,5.84182071685791
2,1088,-0.21799999475479126,-0.007535773795098066,86.66429901123047,0.002099394565448165,866.6220703125,5.969006538391113
2,1089,-0.07199999690055847,-0.006347700487822294,96.51863098144531,0.0026046838611364365,965.1602172851562,5.764911651611328
2,1090,-0.10400000214576721,0.0028959792107343674,100.4361572265625,-0.012018110603094101,1004.4818115234375,6.161984443664551
2,1091,0.0,0.005045407917350531,58.974952697753906,0.14829085767269135,588.2666015625,5.5079426765441895
2,1092,-0.03400000184774399,0.03435027226805687,100.71427917480469,-0.012791527435183525,1007.2706909179688,5.949150562286377
2,1093,-0.1080000028014183,-0.008693050593137741,93.79940032958984,0.01562176737934351,937.8377685546875,6.107048988342285
2,1094,-0.1080000028014183,0.0017660526791587472,95.24513244628906,-0.008346403948962688,952.5347290039062,6.15118408203125
2,1095,-0.12399999797344208,-0.013438452035188675,101.24591827392578,0.010187491774559021,1012.3572998046875,5.986263275146484
2,1096,0.0,-0.0033596407156437635,95.24607849121094,-0.020756330341100693,952.6683349609375,6.010923385620117
2,1097,-0.0860000029206276,-0.12212399393320084,109.24058532714844,0.8916207551956177,1083.4896240234375,5.398108005523682
2,1098,-0.15800000727176666,0.029783248901367188,111.14849853515625,-0.013071189634501934,1111.61572265625,6.250707626342773
2,1099,-0.12600000202655792,0.0251215361058712,100.24849700927734,-0.02252599224448204,1002.7102661132812,6.081234931945801
2,1100,0.0,-0.06774663925170898,106.88479614257812,0.06984561681747437,1068.1495361328125,5.585444450378418
2,1101,-0.017999999225139618,-0.04855826124548912,99.93218994140625,0.0411544032394886,998.910400390625,5.6533050537109375
2,1102,0.0,-0.06398157775402069,62.95674133300781,0.0016163014806807041,629.55126953125,5.3952507972717285
2,1103,0.0,-0.1456182301044464,92.52102661132812,0.016049273312091827,925.0498046875,5.586553573608398
2,1104,-0.36000001430511475,-0.0015179864130914211,94.6583480834961,0.0028725885786116123,946.5547485351562,6.175376892089844
2,1105,-0.1420000046491623,-0.030362622812390327,88.86917877197266,0.12725907564163208,887.4191284179688,6.17082405090332
2,1106,0.0,0.007105720229446888,47.24175262451172,-0.0053363884799182415,472.47088623046875,5.6438093185424805
2,1107,-0.1860000044107437,-0.04124443978071213,113.03096008300781,0.0306025892496109,1130.0035400390625,5.778536796569824
2,1108,0.0,0.0016003220807760954,44.4293212890625,0.0008619234431535006,444.2845458984375,5.890316963195801
2,1109,0.0,0.0231243297457695,52.0723762512207,0.026483390480279922,520.458984375,5.639558792114258
2,1110,0.0,-0.05562916770577431,106.50994873046875,0.3770831823348999,1061.32861328125,5.762340545654297
2,1111,0.0,0.03591350093483925,103.34384155273438,-0.022660665214061737,1033.6650390625,6.171032905578613
2,1112,-0.052000001072883606,-0.034996405243873596,104.91194152832031,0.057262834161520004,1048.546875,5.972326278686523
2,1113,-0.1599999964237213,0.026212142780423164,93.45938873291016,-0.016870811581611633,934.7626342773438,6.148360252380371
2,1114,-0.07400000095367432,-0.005957083310931921,86.16954040527344,0.0042123268358409405,861.6533203125,6.011479377746582
2,1115,-0.0020000000949949026,0.015031348913908005,86.76387023925781,-0.01742219552397728,867.8128662109375,6.1505022048950195
2,1116,-0.04399999976158142,-0.08184221386909485,118.6842041015625,0.34413987398147583,1183.400634765625,6.029236793518066
2,1117,-0.012000000104308128,0.013134007342159748,108.49394226074219,-0.014138450846076012,1085.080810546875,6.119454383850098
2,1118,-0.12999999523162842,-0.007996900007128716,98.66500854492188,-0.011106903664767742,986.7611083984375,5.885435104370117
2,1119,0.0,-0.1996660977602005,54.43609619140625,0.6652765870094299,537.7081298828125,5.377127170562744
2,1120,-0.057999998331069946,-0.0027954212855547667,103.44832611083984,-0.00925217941403389,1034.57568359375,6.224669456481934
2,1121,0.0,-0.31765806674957275,27.49492835998535,-3.095786738072093e-08,274.94927978515625,5.017273902893066
2,1122,-0.014000000432133675,-0.08603984117507935,112.7203369140625,1.4510482549667358,1112.69287109375,5.58339786529541
2,1123,0.0,0.16082057356834412,109.0203857421875,-0.038651544600725174,1090.59033203125,6.257653713226318
2,1124,-0.12600000202655792,0.011214046739041805,112.58792114257812,-0.01667310856282711,1126.0458984375,6.017823696136475
2,1125,-0.1979999989271164,0.007501581683754921,103.93576049804688,0.05412563681602478,1038.8162841796875,5.910385608673096
2,1126,-0.23600000143051147,-0.0043529244139790535,93.78776550292969,-0.007658130489289761,937.9542236328125,5.734366416931152
2,1127,-0.026000000536441803,-0.004502537660300732,116.41915893554688,0.005977699067443609,1164.1318359375,6.057514190673828
2,1128,-0.1599999964237213,0.013142087496817112,96.149658203125,-0.01940607652068138,961.6905517578125,6.079164505004883
2,1129,0.0,-0.044715166091918945,106.11458587646484,0.00803198292851448,1061.0655517578125,5.597212791442871
2,1130,0.0,-0.02951866388320923,77.51050567626953,0.04765252768993378,774.6284790039062,5.662439823150635
2,1131,0.0,0.010550504550337791,55.4359245300293,-0.0002939094847533852,554.3621826171875,5.86717414855957
2,1132,0.0,0.019641701132059097,105.61981201171875,-0.011620836332440376,1056.314208984375,6.269771575927734
2,1133,-0.20399999618530273,0.06992846727371216,118.58786010742188,0.0792485699057579,1185.086181640625,6.364365577697754
2,1134,-0.07000000029802322,0.005378817208111286,92.29093170166016,0.0045365518890321255,922.8639526367188,6.141500473022461
2,1135,-0.05999999865889549,-0.24095003306865692,85.39593505859375,0.07995779812335968,853.1597290039062,5.533280849456787
2,1136,-0.14399999380111694,-0.019598906859755516,103.70085144042969,0.2598927617073059,1034.4095458984375,6.095396995544434
2,1137,-0.10400000214576721,-0.0006152058485895395,92.9597396850586,-0.014602935872972012,929.743408203125,6.258847236633301
2,1138,-0.026000000536441803,-0.011552214622497559,88.18828582763672,0.003773039672523737,881.8450927734375,5.83348274230957
2,1139,0.0,0.02284558117389679,91.0682144165039,0.17203709483146667,908.9617309570312,5.986781120300293
2,1140,-0.029999999329447746,0.02884901873767376,107.49406433105469,0.005450667813420296,1074.885986328125,6.232901573181152
2,1141,-0.07000000029802322,0.016703510656952858,91.8758316040039,0.014204012230038643,918.6162109375,6.052251815795898
2,1142,0.0,0.019652266055345535,71.05341339111328,0.007374970708042383,710.4603271484375,5.969411849975586
2,1143,-0.08799999952316284,0.04575958102941513,104.33409881591797,-0.014544608071446419,1043.486328125,6.2800421714782715
2,1144,0.0,0.0008826819830574095,45.63836669921875,0.028718698769807816,456.09649658203125,6.023103713989258
2,1145,-0.017999999225139618,-0.006252159830182791,88.56678771972656,0.007107842247933149,885.5966796875,6.155842304229736
2,1146,-0.024000000208616257,-0.1119115799665451,88.97346496582031,0.6114159226417542,883.6205444335938,5.481536865234375
2,1147,0.0,0.0245791245251894,64.76726531982422,-0.019485607743263245,647.8674926757812,6.125682830810547
2,1148,0.0,0.03326734900474548,70.84394836425781,-0.01593923382461071,708.598876953125,6.179060935974121
2,1149,-0.2840000092983246,0.032644905149936676,99.82772827148438,0.0008171582594513893,998.2691040039062,6.049317359924316
2,1150,-0.07999999821186066,-0.01752237044274807,103.60912322998047,-0.001747336471453309,1036.108642578125,5.7577385902404785
2,1151,0.0,0.0049589211121201515,88.20417022705078,0.027125906199216843,881.7704467773438,5.8914008140563965
2,1152,-0.38600000739097595,0.004810321144759655,99.67267608642578,0.006775068584829569,996.658935546875,6.184208869934082
2,1153,0.0,0.017889222130179405,84.92769622802734,-0.011782914400100708,849.394775390625,6.308566570281982
2,1154,0.0,-0.00010649790056049824,108.98649597167969,-0.00048647861694917083,1089.869873046875,6.18353271484375
2,1155,-0.1899999976158142,-0.008939688093960285,95.4781494140625,0.04826194420456886,954.2987670898438,6.1578545570373535
2,1156,-0.12999999523162842,0.01593715324997902,96.91310119628906,0.03722110390663147,968.7587890625,6.080029487609863
2,1157,-0.012000000104308128,0.0001298246206715703,88.32109069824219,0.008682040497660637,883.1240234375,6.101459503173828
2,1158,-0.029999999329447746,0.004328240640461445,104.3702621459961,-0.00409962423145771,1043.74365234375,6.151288032531738
2,1159,-0.10000000149011612,0.0013966362457722425,86.74900817871094,0.007879592478275299,867.4113159179688,5.618038177490234
2,1160,0.0,0.029187316074967384,77.57452392578125,0.018171191215515137,775.5634765625,6.108851909637451
2,1161,0.0,-0.03183325380086899,105.7777099609375,0.288626104593277,1054.8907470703125,6.012953758239746
2,1162,-0.19200000166893005,0.013668589293956757,93.85120391845703,-0.013400495983660221,938.64599609375,6.1656341552734375
2,1163,-0.18199999630451202,0.018597975373268127,97.04931640625,-0.01667701080441475,970.659912109375,6.206814765930176
2,1164,-0.2280000001192093,0.03575028479099274,112.79647827148438,0.09428209066390991,1127.02197265625,6.079207420349121
2,1165,0.0,0.019427211955189705,56.15742492675781,0.015261674299836159,561.421630859375,5.957699298858643
2,1166,0.0,0.028797898441553116,91.42886352539062,0.02541333995759487,914.0344848632812,6.141074180603027
2,1167,-0.07400000095367432,0.004913949407637119,104.39079284667969,-0.0006544822244904935,1043.9144287109375,6.0819902420043945
2,1168,-0.2240000069141388,-0.013393624685704708,101.90853881835938,0.021045688539743423,1018.8748779296875,6.069382190704346
2,1169,-0.09600000083446503,0.004913033451884985,99.51690673828125,-0.008977959863841534,995.2587890625,6.256606101989746
2,1170,0.0,-0.07904516160488129,99.87612915039062,0.12713095545768738,997.4898681640625,5.886751174926758
2,1171,0.0,0.0101130660623312,103.23689270019531,0.013607718050479889,1032.23291015625,6.2180495262146
2,1172,-0.04800000041723251,0.018104007467627525,101.58418273925781,-0.012735657393932343,1015.96923828125,6.229251861572266
2,1173,0.0,-0.012739713303744793,116.17704772949219,0.17570383846759796,1160.013427734375,5.985293388366699
2,1174,0.0,0.05196909233927727,59.67448425292969,0.023256460204720497,596.5122680664062,6.014166831970215
2,1175,0.0,-0.05603637173771858,124.23582458496094,0.2927134037017822,1239.43115234375,5.96575927734375
2,1176,0.0,0.03275971859693527,54.219017028808594,0.06505021452903748,541.5396728515625,6.077298641204834
2,1177,-0.12800000607967377,0.008963456377387047,91.187255859375,-0.008232314139604568,911.954833984375,6.130112171173096
2,1178,0.0,-0.006629711017012596,92.22824096679688,0.020097967237234116,922.0814819335938,6.010296821594238
2,1179,-0.07400000095367432,-0.08204315602779388,93.97050476074219,0.54404616355896,934.2645263671875,5.578063011169434
2,1180,-0.3100000023841858,-0.00835876539349556,98.47845458984375,0.018143419176340103,984.60302734375,5.900577545166016
2,1181,-0.06400000303983688,-0.08328190445899963,119.69335174560547,0.14560818672180176,1195.4774169921875,5.876297950744629
2,1182,-0.08799999952316284,-0.020467817783355713,90.8489990234375,0.05422646179795265,907.94775390625,6.046379566192627
2,1183,0.9340000152587891,-0.0015569227980449796,102.19961547851562,0.0006848866469226778,1021.9892578125,6.1382246017456055
2,1184,0.0,-0.181028813123703,91.9321517944336,0.24901124835014343,916.8314208984375,5.591361045837402
2,1185,-0.3580000102519989,-0.09445150941610336,104.65145874023438,0.14771494269371033,1045.037353515625,5.671623229980469
2,1186,0.0,0.0020917130168527365,46.994476318359375,-0.0008025169372558594,469.95281982421875,5.84385347366333
2,1187,-0.0560000017285347,-0.010867889039218426,109.87310791015625,0.03981432318687439,1098.3330078125,6.069494247436523
2,1188,-0.014000000432133675,-0.047011010348796844,119.46654510498047,1.0648865699768066,1184.0166015625,5.143513202667236
2,1189,0.0,0.04824560880661011,63.9843635559082,0.029835190623998642,639.5452880859375,5.904953479766846
2,1190,0.0,0.030945807695388794,85.8304443359375,-0.007070422172546387,858.3751220703125,5.679255962371826
2,1191,-0.12399999797344208,-0.03698398172855377,120.18466186523438,0.18247802555561066,1200.021728515625,5.940524578094482
2,1192,-0.04600000008940697,-0.08319243788719177,100.17829895019531,0.4124433398246765,997.6585693359375,5.804410934448242
2,1193,-0.029999999329447746,-0.02974110282957554,103.55836486816406,-0.004546255338937044,1035.629150390625,5.754372596740723
2,1194,-0.16599999368190765,-0.7679365277290344,90.07322692871094,-0.0014361422508955002,900.74658203125,4.211210250854492
2,1195,0.0,-0.11347140371799469,70.82894897460938,0.20480096340179443,706.241455078125,5.651130676269531
2,1196,-0.07199999690055847,-0.13357611000537872,111.97416687011719,0.6063570380210876,1113.67822265625,5.76710319519043
2,1197,0.0,4.921911749988794e-05,54.848060607910156,0.023106563836336136,548.24951171875,5.869657039642334
2,1198,-0.1720000058412552,-0.17600426077842712,124.99879455566406,0.27683064341545105,1247.2196044921875,5.613618850708008
2,1199,-0.20200000703334808,-0.07754076272249222,119.98538208007812,0.06913178414106369,1199.1624755859375,5.797785758972168
2,1200,0.0,-0.010697964578866959,77.04520416259766,0.0020125817973166704,770.431884765625,5.813971519470215
2,1201,0.0,-0.011354018934071064,109.14500427246094,0.004293705802410841,1091.4071044921875,5.626921653747559
2,1202,-0.20999999344348907,0.02264278195798397,141.0870361328125,-0.02502349391579628,1411.12060546875,6.006356716156006
2,1203,-0.257999986410141,0.0006510684033855796,107.24516296386719,-0.01795097067952156,1072.631103515625,5.9519782066345215
2,1204,0.0,0.03681982308626175,106.09465026855469,0.11744856089353561,1059.77197265625,6.171365261077881
2,1205,0.0,-0.0063428012654185295,94.77864074707031,0.009074813686311245,947.6956176757812,5.865939617156982
2,1206,-0.06400000303983688,-0.07738587260246277,100.7278060913086,0.2809183597564697,1004.4688720703125,5.749997138977051
2,1207,-0.12399999797344208,-0.009080404415726662,99.88937377929688,-0.013250328600406647,999.0262451171875,6.0461883544921875
2,1208,0.0,-0.09525960683822632,106.1684799194336,-0.0010534168686717749,1061.6953125,5.6764235496521
2,1209,-0.10000000149011612,-0.005609659478068352,91.62661743164062,0.010112129151821136,916.1650390625,5.970182418823242
2,1210,-0.22200000286102295,-0.011949313804507256,88.98553466796875,0.02026974782347679,889.652587890625,5.98040246963501
2,1211,0.0,0.007225119974464178,69.29554748535156,-0.006568837910890579,693.0211181640625,5.887716293334961
2,1212,-0.17599999904632568,-0.004548797849565744,104.3641357421875,0.005977417342364788,1043.58154296875,6.078360557556152
2,1213,-0.12200000137090683,0.00096207729075104,88.34190368652344,-0.006967831403017044,883.48876953125,6.108519077301025
2,1214,-0.05400000140070915,-0.0006690116133540869,86.83943176269531,0.0137972766533494,868.2562255859375,5.955636978149414
2,1215,0.0,-0.02298375591635704,106.1530532836914,0.06459418684244156,1060.884521484375,6.0345964431762695
2,1216,-0.012000000104308128,0.0013016210868954659,89.65750885009766,-0.002818501088768244,896.603271484375,5.941886901855469
2,1217,0.0,-0.0772465318441391,108.71046447753906,0.16067276895046234,1085.497802734375,5.905418395996094
2,1218,-0.12600000202655792,0.005933876149356365,97.27842712402344,-0.002664855681359768,972.8109130859375,5.8953537940979
2,1219,-0.03799999877810478,-0.029183248057961464,105.16030883789062,0.09912235289812088,1050.61181640625,6.030839920043945
2,1220,0.0,-0.07834074646234512,86.08356475830078,0.28070810437202454,858.028564453125,5.67739200592041
2,1221,0.0,-0.003617120673879981,100.78805541992188,-0.013360356912016869,1008.01416015625,6.106610298156738
2,1222,0.0,0.04896785318851471,57.23170471191406,0.029949072748422623,572.017578125,5.901615619659424
2,1223,0.0,0.003010289743542671,92.02762603759766,0.03579026460647583,919.9183959960938,5.696516990661621
2,1224,-0.1720000058412552,0.07883778214454651,116.2025146484375,0.1317271888256073,1160.7078857421875,6.11461877822876
2,1225,0.0,0.02069377899169922,89.02718353271484,-0.001186721259728074,890.28369140625,6.128957748413086
2,1226,-0.17000000178813934,-0.002776100765913725,112.84039306640625,0.012675005942583084,1128.2772216796875,6.014537334442139
2,1227,0.0,0.020616160705685616,60.85223388671875,0.005330374464392662,608.468994140625,5.812264442443848
2,1228,-0.009999999776482582,-0.02042137272655964,105.2402572631836,0.018627086654305458,1052.21630859375,5.958851337432861
2,1229,0.0,0.1397499293088913,151.3057403564453,1.3722871541976929,1499.33447265625,4.042531490325928
2,1230,-0.07000000029802322,-0.1025666743516922,133.09075927734375,0.5572055578231812,1325.3353271484375,5.904933929443359
2,1231,-0.04399999976158142,-0.013881727121770382,113.74525451660156,-0.0011035867501050234,1137.4635009765625,5.986028671264648
2,1232,-0.014000000432133675,-0.07209678739309311,106.63400268554688,0.023810507729649544,1066.101806640625,5.316221237182617
2,1233,-0.06800000369548798,-0.0537303164601326,97.60154724121094,0.06488140672445297,975.36669921875,5.851786136627197
2,1234,-0.052000001072883606,0.016215089708566666,98.43869018554688,-0.025290565565228462,984.6397705078125,6.025890350341797
2,1235,-0.1599999964237213,-0.0006416209507733583,97.30025482177734,-0.01592913642525673,973.161865234375,6.113443374633789
2,1236,-0.1860000044107437,-0.10044417530298233,109.81584167480469,0.0178575050085783,1097.9798583984375,5.649431228637695
2,1237,-0.09000000357627869,-0.000478407833725214,99.15817260742188,-0.006018730811774731,991.6419677734375,6.135016441345215
2,1238,0.0,-0.029483787715435028,56.470428466796875,0.009537866339087486,564.6089477539062,5.7808451652526855
2,1239,-0.04600000008940697,0.03010272979736328,105.86408996582031,-0.02541712298989296,1058.89501953125,6.159052848815918
2,1240,-0.17800000309944153,0.01341486070305109,100.88257598876953,-0.027855122461915016,1009.104248046875,6.290915012359619
2,1241,-0.3160000145435333,-0.03273484855890274,101.04202270507812,0.10514094680547714,1009.3687744140625,6.075628280639648
2,1242,0.0,-0.01898065209388733,56.811363220214844,0.023179393261671066,567.8818359375,5.629034042358398
2,1243,-0.11400000005960464,0.030591491609811783,103.98727416992188,-0.031076565384864807,1040.183349609375,6.1969170570373535
2,1244,0.0,-0.002375186188146472,102.39299011230469,-0.014185979962348938,1024.07177734375,6.137441635131836
2,1245,-0.23199999332427979,-0.048470426350831985,102.92268371582031,0.09806249290704727,1028.2462158203125,5.896949768066406
2,1246,-0.257999986410141,-0.01639373227953911,110.9323501586914,0.0030088338535279036,1109.2933349609375,5.995331764221191
2,1247,-0.03799999877810478,0.008118300698697567,87.2886962890625,-0.006518653593957424,872.9520874023438,6.19939661026001
2,1248,0.0,-0.00412751454859972,88.61325073242188,0.9981167316436768,876.1513671875,5.48604679107666
2,1249,-0.02800000086426735,-0.04466914013028145,104.21783447265625,0.06177210807800293,1041.560546875,6.008248329162598
2,1250,0.0,-0.02572391927242279,82.32135772705078,0.004409566521644592,823.16943359375,5.6923089027404785
2,1251,0.0,0.0021582948975265026,92.72854614257812,-0.021343354135751724,927.4989013671875,6.123809814453125
2,1252,-0.07199999690055847,-0.08007055521011353,120.98294830322266,0.2382184863090515,1207.447265625,5.9620680809021
2,1253,-0.09600000083446503,0.01531726960092783,92.56552124023438,-0.0004269396886229515,925.6594848632812,6.191006660461426
2,1254,-0.1459999978542328,0.017453156411647797,98.54090881347656,-0.020837057381868362,985.617431640625,6.130161285400391
2,1255,-0.0820000022649765,-0.03254568949341774,111.20686340332031,0.07139530777931213,1111.354736328125,6.019976615905762
2,1256,0.0,-0.014789560809731483,72.81053161621094,0.004364685155451298,728.0617065429688,5.845184326171875
2,1257,-0.024000000208616257,-0.01338412705808878,101.13375854492188,0.0017696633003652096,1011.31982421875,5.700037002563477
2,1258,-0.17599999904632568,-0.053033702075481415,110.84001922607422,0.118814617395401,1107.2119140625,5.941482067108154
